tree
version=v4
num_class=1
num_tree_per_iteration=1
label_index=0
max_feature_idx=11
objective=binary sigmoid:1
feature_names=Column_0 Column_1 Column_2 Column_3 Column_4 Column_5 Column_6 Column_7 Column_8 Column_9 Column_10 Column_11
feature_infos=[-2.7451606103154949:3.006641813630341] [-3.5546408786649657:2.7855490978737101] [-0.26739231465377145:5.5672511680261882] [-0.15840440855857146:26.831653955717844] [-6.906678414509515:2.6741261210897656] [-6.1107670546860824:2.098463686643727] [-5.7740392297963217:1.0513214690740351] [-0.13316123428350327:12.908860862093842] [-0.11459574287875715:19.757480677788646] [-0.14021729409392666:11.654379504289034] [-0.11285543300170529:20.190781244137519] [-0.089966058700997373:24.398275387152488]
tree_sizes=2539 3414 3411 3414 3412 3415 3408 3417 3425 3421 3418 3405 3421 3425 3424 3421 3429 3420 3427 3433 3441 3406 3437 3423 3426 3435 3436 3443 3420 3433 3440 3434 3432 3453 3430 3431 3419 3448 3443 3443 3436 3437 3441 3461 3446 3452 3458 3462 3455 3462 3468 3470 3463 3476 3469 3483 3479 3483 3489 3513 3491 3479 3483 3481 3494 3492 3495 3492 3499 3508 3494 3504 3507 3508 3518 3516 3526 3524 3530 3531 3531 3533 3546 3543 3540 3545 3556 3551 3554 3565 3564 3570 3573 3576 3581 3586 3598 3597 3603 3608 3611 3615 3611 3616 3633 3628 3639 3635 3638 3640 3638 3652 3647 3657 3658 3660 3634 3647 3627 3715 3716 3713 3653 3649 3706 3718 3628 3646 3642 3658 3658 3642 3657 3652 3658 3661 3652 3668 3671 3663 3682 3460 3231 2927 2559 2437 2467 2237 2095 1878 1785 1753 1557 1424 1559 1417 1315 1202 1192 1073 1085 1080 963 956 971 971 857 852 966 848 855 740 741 624 734 738 854 625 624 739 615 618 624 739 620 618 625 621 621 738 622 621 623 624 619 617 622 617 617 623

Tree=0
num_leaves=25
num_cat=0
split_feature=6 2 7 6 0 2 5 0 2 5 6 7 1 6 2 5 0 4 2 5 6 3 2 0
split_gain=30769.6 24067.1 10809.1 2978.42 944.638 154.647 667.734 143.201 127.395 405.648 54.9289 196.295 24.1033 17.0653 8.50851 99.1903 6.37091 3.03061 1.02762 3.73098 0.239612 2.54018 0.191464 1.60541
threshold=1.0000000180025095e-35 -0.2493404664302051 -0.13196477391331088 -5.5042769661380531 -0.53765899171348541 -0.25329000933969864 0.29237903068564236 0.30836788717535385 -0.24770721436376006 0.20076115929052876 -1.3667817907455606 1.5593493315404314 -0.053069103232265026 0.85135922873184977 -0.25458757360364781 0.34088260965952605 0.4501927802334818 0.7579978916165323 -0.24732377247602697 0.21962366222481686 -0.66839709116297985 -0.13938039904253866 -0.25573480483701444 0.20385743370985973
decision_type=2 2 2 2 2 2 2 2 2 2 2 2 2 2 2 2 2 2 2 2 2 2 2 2
left_child=3 2 4 7 -2 14 -7 -1 9 -3 11 -5 -10 -4 22 -16 -9 -15 19 -14 -12 -22 -6 -24
right_child=1 8 13 10 5 6 -8 16 12 -11 20 -13 18 17 15 -17 -18 -19 -20 -21 21 -23 23 -25
leaf_value=-0.20000000000000001 0.20000000000000001 -0.20000000000000001 0.042857142857142858 -0.20000000000000001 -0.20000000000000001 -0.20000000000000001 0.20000000000000001 0.090909090909090912 0.014285714285714285 0.20000000000000001 -0.20000000000000001 0.20000000000000001 0.10476190476190471 0.12380952380952381 -0.20000000000000001 0.20000000000000001 0.20000000000000001 0.20000000000000001 0.20000000000000001 0.20000000000000001 -0.20000000000000001 -0.13043478260869565 -0.20000000000000001 -0.13999999999999999
leaf_weight=9.4999999999999982 62.5 33.5 6.9999999999999991 55.5 2828.75 203.5 52.5 5.4999999999999991 6.9999999999999991 104.25 5624.25 15.749999999999998 5.2500000000000027 5.2499999999999991 76 6.7499999999999991 200.75 935.5 7532.25 19 60.25 5.7499999999999991 41.25 4.9999999999999991
leaf_count=38 250 134 28 222 11315 814 210 22 28 417 22497 63 21 21 304 27 803 3742 30129 76 241 23 165 20
internal_value=0 0.0928157 -0.0990057 -0.185177 -0.185044 -0.192532 -0.117969 0.179606 0.198026 0.102722 -0.198837 -0.111579 0.199762 0.198417 -0.198986 -0.167372 0.197091 0.199575 0.199934 0.179381 -0.19993 -0.193939 -0.199896 -0.193514
internal_weight=17902.5 11925.2 4224 5977.25 3276.25 3213.75 256 215.75 7701.25 137.75 5761.5 71.25 7563.5 947.75 2957.75 82.75 206.25 940.75 7556.5 24.25 5690.25 66 2875 46.25
internal_count=71610 47701 16896 23909 13105 12855 1024 863 30805 551 23046 285 30254 3791 11831 331 825 3763 30226 97 22761 264 11500 185
is_linear=0
shrinkage=0.1


Tree=1
num_leaves=31
num_cat=0
split_feature=6 2 7 6 0 2 5 0 1 2 5 6 11 6 2 5 0 4 2 4 6 3 2 0 1 6 11 8 2 0
split_gain=25191.6 19704.2 8849.46 2438.51 773.398 126.61 546.694 117.218 108.923 79.8869 295.189 44.9718 160.715 14.1639 6.96541 81.2102 5.32828 2.54891 0.864621 3.33647 0.203034 2.14062 0.162184 1.35299 0.0595136 0.0155835 0.000284237 7.84444e-06 2.13514e-05 2.14053e-05
threshold=-1.0000000180025095e-35 -0.2493404664302051 -0.13196477391331088 -5.5042769661380531 -1.628669355079096 -0.25329000933969864 0.29237903068564236 0.30836788717535385 -0.065475030416747251 -0.24770721436376006 0.20076115929052876 -1.3667817907455606 -1.0000000180025095e-35 0.85135922873184977 -0.25458757360364781 0.34088260965952605 0.4501927802334818 0.7579978916165323 -0.24732377247602697 0.66937770025363152 -0.66839709116297985 -0.13938039904253866 -0.25573480483701444 0.20385743370985973 -0.040722066059300441 0.87900193364536805 -0.089904011402657108 -0.11318950146148128 -0.12638330061478351 0.5590020928521211
decision_type=2 2 2 2 2 2 2 2 2 2 2 2 2 2 2 2 2 2 2 2 2 2 2 2 2 2 2 2 2 2
left_child=3 2 4 7 -2 14 -7 -1 -3 10 -10 12 -5 -4 22 -16 -9 -15 19 -11 -13 -22 -6 -24 -20 -21 27 28 -26 -30
right_child=1 8 13 11 5 6 -8 16 9 18 -12 20 -14 17 15 -17 -18 -19 24 25 21 -23 23 -25 26 -27 -28 -29 29 -31
leaf_value=-0.1818710934772565 0.18187302598810443 -0.18984155707461792 0.038647863457469442 -0.18187307651096188 -0.18187308309111849 -0.18187275552070126 0.18187306134855763 0.081993619889185451 -0.18187234287478027 0.096061497817384475 0.18187308844280328 -0.18187306354072585 0.18187455965451735 0.11186429947546733 -0.18187306128292907 0.18187306614511708 0.18187298166531241 0.18187309410524991 0.19128827393110792 0.18187305598537254 -0.18187307658069221 -0.11785432863229313 -0.18187303007617553 -0.12664134531069823 0.18187308353297574 0.18842719882766182 0.18123311093557706 0.1817649011618071 0.18216721922305723 0.18187306985704246
leaf_weight=9.4056428670883161 61.879152297973633 7.9516334533691397 6.9948905706405631 54.948683977127075 2800.6502811908722 201.4786861538887 51.978488266468048 5.4886516332626334 28.462638556957245 5.7001043409109142 103.21442538499832 5568.3808670043945 15.593674421310423 5.2299249917268744 75.245051741600037 6.6829479932785025 198.75583672523499 926.20716165006161 6.7189761996269217 13.365897044539453 59.651498198509216 5.7242876291275016 40.840249016880989 4.9755796641111365 7430.9395166635513 4.9791111052036277 6.9443015158176413 6.6845254749059668 4.9453637152910215 4.9503318071365356
leaf_count=38 250 32 28 222 11315 814 210 22 115 23 417 22497 63 21 304 27 803 3742 27 54 241 23 165 20 30022 20 28 27 20 20
internal_value=-1.48803e-08 0.0844016 -0.0900297 -0.168391 -0.168271 -0.175081 -0.107276 0.163294 0.180076 0.180462 0.103248 -0.180814 -0.101465 0.180415 -0.180949 -0.152202 0.179189 0.18148 0.18182 0.162888 -0.181808 -0.176268 -0.181777 -0.175875 0.181881 0.183652 0.181873 0.181873 0.181873 0.18202
internal_weight=17725 11807 4182.16 5917.95 3243.73 3181.85 253.457 213.65 7624.86 7616.91 131.677 5704.3 70.5424 938.432 2928.39 81.928 204.244 931.437 7485.23 24.0451 5633.76 65.3758 2846.47 45.8158 7461.18 18.345 7454.46 7447.52 7440.84 9.8957
internal_count=71610 47701 16896 23909 13105 12855 1024 863 30805 30773 532 23046 285 3791 11831 331 825 3763 30241 97 22761 264 11500 185 30144 74 30117 30089 30062 40
is_linear=0
shrinkage=0.1


Tree=2
num_leaves=31
num_cat=0
split_feature=6 2 7 6 0 2 5 0 1 2 5 6 9 6 2 5 0 4 2 5 6 3 2 7 1 0 4 7 3 8
split_gain=21001.7 16427 7377.15 2032.96 644.774 105.542 455.784 97.6722 90.7832 66.6016 246.114 37.4892 133.988 12.286 5.80536 67.7055 4.69582 2.27709 0.790245 3.28878 0.183779 1.90875 0.147725 1.31495 0.0334841 0.0127057 0.00263177 0.000792245 1.04747e-05 1.35399e-05
threshold=1.0000000180025095e-35 -0.2493404664302051 -0.13196477391331088 -5.5042769661380531 -1.4865460193438917 -0.25329000933969864 0.29237903068564236 0.30836788717535385 -0.065475030416747251 -0.24770721436376006 0.20076115929052876 -1.3667817907455606 0.71351341403748003 0.85135922873184977 -0.25458757360364781 0.34088260965952605 0.4501927802334818 0.7579978916165323 -0.24732377247602697 0.21962366222481686 -0.66839709116297985 -0.13938039904253866 -0.25573480483701444 -0.132225399904673 -0.040722066059300441 0.14882227260438483 0.67852641532438873 -0.13258800211621971 -0.1371184972056019 -0.11329775799360438
decision_type=2 2 2 2 2 2 2 2 2 2 2 2 2 2 2 2 2 2 2 2 2 2 2 2 2 2 2 2 2 2
left_child=3 2 4 7 -2 14 -7 -1 -3 10 -10 12 -5 -4 22 -16 -9 -15 19 -11 -13 -22 28 25 -20 -24 27 -21 29 -6
right_child=1 8 13 11 5 6 -8 16 9 18 -12 20 -14 17 15 -17 -18 -19 24 26 21 -23 23 -25 -26 -27 -28 -29 -30 -31
leaf_value=-0.16825625094781466 0.16825823528614159 -0.17441368172378413 0.034773841546474164 -0.16825918477323068 -0.16825817067601745 -0.16825833085942701 0.16825817094317669 0.074213685906993704 -0.16826088735187983 0.079299838022871452 0.16825817399449583 -0.16825818771801559 0.16825809529177005 0.1017505314862503 -0.16825816298842339 0.16825816733346427 0.16825816237709748 0.16825815754939924 0.17538495174348298 0.16992216855787601 -0.16825817398087284 -0.10742500242967366 -0.16825817679877791 -0.11703494713693097 0.16825813601659656 -0.17371198275303559 0.16821363108390999 0.17162186139433713 -0.1683926117443362 -0.1680905337465497
leaf_weight=9.1619580686092359 60.275710105895996 7.7988462448120108 6.9880358129739752 53.52461539208889 2717.4702129364014 196.25750027596951 50.631596848368645 5.4590978622436515 27.726234242320061 5.1521691977977779 100.5398962944746 5424.0904388427734 15.189473047852514 5.1775304824113837 73.295269519090652 6.5097763836383811 193.6055294573307 902.20700910687447 6.5984516441822043 6.2931589782238042 58.105783447623253 5.6602886170148841 34.236603856086731 5.5769079625606528 7261.2985236942768 4.8806306719779959 7.2321843802928916 4.8602333664894086 5.7820636034011832 4.826650619506835
leaf_count=38 250 32 28 222 11271 814 210 22 115 21 417 22497 63 21 304 27 803 3742 27 26 241 23 142 23 30117 20 30 20 24 20
internal_value=-6.08953e-08 0.0780797 -0.0832837 -0.155781 -0.155671 -0.161971 -0.0992461 0.150986 0.16659 0.166949 0.0955156 -0.167276 -0.0938709 0.166861 -0.167399 -0.140808 0.165679 0.167879 0.168205 0.149912 -0.168195 -0.162858 -0.168165 -0.162462 0.168265 -0.168939 0.169699 0.170663 -0.168258 -0.168258
internal_weight=17266.4 11501.6 4074.12 5764.8 3159.74 3099.47 246.889 208.227 7427.5 7419.7 128.266 5556.57 68.7141 914.373 2852.58 79.805 199.065 907.385 7291.43 23.5377 5487.86 63.7661 2772.77 44.6941 7267.9 39.1172 18.3856 11.1534 2728.08 2722.3
internal_count=71610 47701 16896 23909 13105 12855 1024 863 30805 30773 532 23046 285 3791 11831 331 825 3763 30241 97 22761 264 11500 185 30144 162 76 46 11315 11291
is_linear=0
shrinkage=0.1


Tree=3
num_leaves=31
num_cat=0
split_feature=6 2 7 6 0 2 5 0 1 2 5 6 9 6 2 5 0 5 2 4 6 3 2 0 4 7 1 10 7 1
split_gain=17748.3 13882.6 6233.79 1718.08 544.902 89.1809 385.198 82.4771 76.6908 56.286 207.992 31.6805 113.237 10.9869 4.90388 57.2203 4.29665 2.27427 0.753264 3.06126 0.174939 1.77756 0.143485 1.28524 0.0657161 0.0283014 0.0196856 0.00233348 9.65218e-05 8.62554e-05
threshold=1.0000000180025095e-35 -0.2493404664302051 -0.13196477391331088 -5.5042769661380531 -1.1748918743664054 -0.25329000933969864 0.29237903068564236 0.30836788717535385 -0.065475030416747251 -0.24770721436376006 0.20076115929052876 -1.3667817907455606 0.71351341403748003 0.85135922873184977 -0.25458757360364781 0.34088260965952605 0.4501927802334818 0.24926473826441242 -0.24732377247602697 0.66937770025363152 -0.66839709116297985 -0.13938039904253866 -0.25573480483701444 0.20385743370985973 0.76897956071484797 -0.13241511812548287 -0.040722066059300441 -0.11242674228824266 -0.13032693977663057 0.50465664355693973
decision_type=2 2 2 2 2 2 2 2 2 2 2 2 2 2 2 2 2 2 2 2 2 2 2 2 2 2 2 2 2 2
left_child=3 2 4 7 -2 14 -7 -1 -3 10 -10 12 -5 -4 22 -16 -9 -15 19 -11 -13 -22 -6 27 -19 -21 -20 -24 -28 -30
right_child=1 8 13 11 5 6 -8 16 9 18 -12 20 -14 17 15 -17 -18 24 26 25 21 -23 23 -25 -26 -27 28 -29 29 -31
leaf_value=-0.15768729914112964 0.1576872628548448 -0.16251567041046081 0.03134068380987029 -0.15768766615545585 -0.15768742629168334 -0.15768726817071529 0.15768743911725691 0.067340123202278154 -0.15766685031430505 0.074439155298587398 0.15768735958756772 -0.15768742844517025 0.15768734240158758 0.098560692832984062 -0.15768738632327772 0.15768741051105822 0.15768719665496611 0.16938773024967088 0.16324027921437625 0.15762293037128666 -0.15768740745976806 -0.098435737555990721 -0.15767217683184109 -0.1030028896226055 0.1576874268542246 0.16666021797398278 0.15768725442589621 -0.16000463495459971 0.15831557492503678 0.15771265272024629
leaf_weight=8.8158667236566526 57.9999098777771 7.5456666946411124 6.9792392402887335 51.503866389393806 2625.073855638504 188.84778527915478 48.719881042838097 5.4168807417154303 26.683063670992851 5.4922197759151485 96.743782863020897 5219.2918243408203 14.615960881114004 6.5400801450014105 70.527844578027725 6.2639859020709983 186.29571780562401 4.8272882252931586 6.3907896429300299 12.524199664592746 55.911872014403343 5.5673457980155936 33.405535966157913 4.7845472097396842 861.87787438929081 4.7907509803771946 6977.622869759798 4.9210642576217642 4.6251372843980771 4.8725606203079224
leaf_count=38 250 32 28 222 11315 814 210 22 115 23 417 22497 63 28 304 27 803 20 27 54 241 23 144 20 3715 20 30076 21 20 21
internal_value=-1.13589e-07 0.0731696 -0.0780419 -0.145986 -0.145886 -0.151789 -0.0930109 0.141382 0.156119 0.156456 0.0895124 -0.156764 -0.0879732 0.15631 -0.156876 -0.131962 0.155134 0.157309 0.157634 0.13949 -0.157625 -0.152322 -0.157593 -0.151871 0.157753 0.160123 0.157693 -0.157972 0.157688 0.158006
internal_weight=16615.5 11068.1 3920.77 5547.42 3040.54 2982.54 237.568 200.528 7147.29 7139.75 123.427 5346.89 66.1198 880.224 2744.98 76.7918 191.713 873.245 7016.32 22.8072 5280.77 61.4792 2668.19 43.1111 866.705 17.315 6993.51 38.3266 6987.12 9.4977
internal_count=71610 47701 16896 23909 13105 12855 1024 863 30805 30773 532 23046 285 3791 11831 331 825 3763 30241 97 22761 264 11500 185 3735 74 30144 165 30117 41
is_linear=0
shrinkage=0.1


Tree=4
num_leaves=31
num_cat=0
split_feature=6 2 7 6 0 2 5 0 1 2 5 6 11 6 2 5 0 4 2 5 6 3 2 7 0 1 4 5 7 11
split_gain=15157.9 11856.9 5323.33 1467.38 465.391 76.1527 329.005 70.372 65.4963 48.0722 177.665 27.055 96.7179 10.0541 4.18596 48.8728 4.03952 2.34827 0.748106 3.20935 0.174765 1.72398 0.143173 1.25632 0.0131381 0.0119808 0.00514572 0.00484245 0.00149156 0.000370626
threshold=-1.0000000180025095e-35 -0.2493404664302051 -0.13196477391331088 -5.5042769661380531 -0.53765899171348541 -0.25329000933969864 0.29237903068564236 0.30836788717535385 -0.065475030416747251 -0.24770721436376006 0.20076115929052876 -1.3667817907455606 1.4937121905250108 0.85135922873184977 -0.25458757360364781 0.34088260965952605 0.4501927802334818 0.7579978916165323 -0.24732377247602697 0.21962366222481686 -0.66839709116297985 -0.13938039904253866 -0.25573480483701444 -0.132225399904673 0.14882227260438483 -0.040722066059300441 0.67852641532438873 0.24926473826441242 -0.13258800211621971 -0.089904011402657108
decision_type=2 2 2 2 2 2 2 2 2 2 2 2 2 2 2 2 2 2 2 2 2 2 2 2 2 2 2 2 2 2
left_child=3 2 4 7 -2 14 -7 -1 -3 10 -10 12 -5 -4 22 -16 -9 -15 19 -11 -13 -22 -6 24 -24 -20 28 -19 -21 -27
right_child=1 8 13 11 5 6 -8 16 9 18 -12 20 -14 17 15 -17 -18 27 25 26 21 -23 23 -25 -26 29 -28 -29 -30 -31
leaf_value=-0.14927766720234173 0.14927181189827873 -0.1532067713166973 0.028232891368609427 -0.14927178781638195 -0.14927177710516662 -0.14927195885751574 0.14927178666469096 0.061208544447957203 -0.14926357223740172 0.059808549106337754 0.14927182613511708 -0.14927177155893934 0.1492717219405138 0.080155308118213489 -0.14927173587314455 0.14927178665293925 0.14927180814165594 0.15227283135175562 0.15369854298676486 0.15172366188449427 -0.1492717831724798 -0.09030232243907077 -0.14926847612236224 -0.097611924915099596 -0.15500911105344589 0.14927171115172574 0.14921587402649347 0.14927135700040656 0.15414077267745158 0.15004693509595324
leaf_weight=8.4027139544486982 55.281935811042786 7.2219810485839835 6.9650641977787009 49.090323686599731 2502.0583412647247 179.99782383441925 46.436780899763107 5.3662462830543509 25.433049902319908 4.9376061111688641 92.210203140974045 4974.7068405151367 13.931030988693236 4.9423023313283911 67.222790956497192 5.9704433083534232 177.565584897995 5.4105849862098685 6.1212197095155707 5.8273344039917028 53.291736096143723 5.4661870300769797 31.399396568536758 5.2457539141178122 4.5664733946323386 6653.5081415176392 6.6312170624732962 822.14948527514935 4.5434921979904157 6.172833487391471
leaf_count=38 250 32 28 222 11315 814 210 22 115 21 417 22497 63 21 304 27 803 24 27 26 241 23 142 23 20 30089 30 3718 20 28
internal_value=-2.24269e-07 0.0692587 -0.0738651 -0.138186 -0.138094 -0.143682 -0.0880472 0.133691 0.147782 0.148101 0.0847321 -0.148392 -0.083278 0.14788 -0.148497 -0.124919 0.146689 0.148881 0.149216 0.13078 -0.149208 -0.143786 -0.149175 -0.143329 -0.149997 0.149276 0.151391 0.149291 0.152783 0.149272
internal_weight=15838.1 10550.3 3737.65 5287.82 2898.18 2842.9 226.435 191.335 6812.61 6805.39 117.643 5096.49 63.0214 839.467 2616.46 73.1932 182.932 832.502 6687.74 21.9396 5033.46 58.7579 2543.27 41.2116 35.9659 6665.8 17.002 827.56 10.3708 6659.68
internal_count=71610 47701 16896 23909 13105 12855 1024 863 30805 30773 532 23046 285 3791 11831 331 825 3763 30241 97 22761 264 11500 185 162 30144 76 3742 46 30117
is_linear=0
shrinkage=0.1


Tree=5
num_leaves=31
num_cat=0
split_feature=6 2 7 6 0 2 5 0 1 2 5 6 9 6 0 2 5 2 2 4 6 3 2 0 4 4 1 8 3 5
split_gain=13054.9 10212.3 4584.13 1263.85 400.835 65.5739 283.383 60.5319 56.3848 41.3961 153.014 23.2994 83.3066 9.35452 3.87315 3.60271 42.0959 2.34128 0.75404 3.017 0.176654 2.29403 0.148063 1.32641 0.0571402 0.0363548 0.00771484 0.00468619 0.00386568 0.00036033
threshold=1.0000000180025095e-35 -0.2493404664302051 -0.13196477391331088 -5.5042769661380531 -0.53765899171348541 -0.25329000933969864 0.29237903068564236 0.30836788717535385 -0.065475030416747251 -0.24770721436376006 0.20076115929052876 -1.3667817907455606 0.71351341403748003 0.85135922873184977 0.4501927802334818 -0.25458757360364781 0.34088260965952605 -0.25017994184112941 -0.24732377247602697 0.66937770025363152 -0.66839709116297985 -0.13893168325903696 -0.25573480483701444 0.20385743370985973 0.76897956071484797 0.70301304737248249 -0.040722066059300441 -0.11413204925138916 -0.14210030343339997 0.25465402481706617
decision_type=2 2 2 2 2 2 2 2 2 2 2 2 2 2 2 2 2 2 2 2 2 2 2 2 2 2 2 2 2 2
left_child=3 2 4 7 -2 15 -7 -1 -3 10 -10 12 -5 -4 -9 22 -17 24 19 -11 -13 28 -6 27 -15 -21 -20 -24 -22 -26
right_child=1 8 13 11 5 6 -8 14 9 18 -12 20 -14 17 -16 16 -18 -19 26 25 21 -23 23 -25 29 -27 -28 -29 -30 -31
leaf_value=-0.14243849504163436 0.14243930713184105 -0.14562854623387333 0.025507319880978471 -0.14243994076273012 -0.14243950634645083 -0.14243949410371232 0.14243952546644859 0.055698013912605399 -0.14241352196668716 0.057391909684218839 0.14243946693289325 -0.14243952833834334 0.14243947854425848 0.15371187203137718 0.14243936326308237 -0.14243951289062698 0.1424395063003184 0.079916366189576968 0.14608411788848749 0.1422918722835714 -0.14243949871803646 -0.067553034539929599 -0.14241744525746577 -0.085115442263624053 0.14313256926156817 0.1530821348321561 0.14243975662763567 -0.14586951980630614 -0.14539171842628337 0.14243956863461846
leaf_weight=7.9485701620578757 52.293739438056946 6.8553006649017325 6.9501316398382178 46.436633497476578 2366.813360452652 170.26822762191296 43.926709279417992 5.3104283660650244 24.059272691607475 5.1997397691011455 87.225918635725975 4705.8058586120605 13.178005784749983 4.5285690277814856 167.96747623383999 63.589149862527847 5.6477206051349631 6.0214910358190528 5.8141322880983344 11.488266229629515 46.436813741922379 4.4086620509624472 30.114752262830734 4.4925952255725852 7.5768317133188239 4.2879007607698432 6299.7055244296789 4.5230434238910666 4.9037279635667792 769.55422267317772
leaf_count=38 250 32 28 222 11315 814 210 22 115 23 417 22497 63 20 803 304 27 28 27 55 222 19 144 20 36 19 30117 21 23 3679
internal_value=-3.10481e-07 0.0660822 -0.0704706 -0.13185 -0.131766 -0.137098 -0.084017 0.127403 0.141011 0.141317 0.0808557 -0.141595 -0.0794664 0.141014 0.139781 -0.141691 -0.119202 0.142033 0.14238 0.123452 -0.142373 -0.136777 -0.142339 -0.136238 0.142512 0.145225 0.142443 -0.142868 -0.142721 0.142446
internal_weight=14983.3 9980.94 3536.3 5002.4 2741.67 2689.38 214.195 181.226 6444.64 6437.78 111.285 4821.17 59.6146 794.631 173.278 2475.18 69.2369 787.681 6326.5 20.9759 4761.56 55.7492 2405.94 39.1304 781.66 15.7762 6305.52 34.6378 51.3405 777.131
internal_count=71610 47701 16896 23909 13105 12855 1024 863 30805 30773 532 23046 285 3791 825 11831 331 3763 30241 97 22761 264 11500 185 3735 74 30144 165 245 3715
is_linear=0
shrinkage=0.1


Tree=6
num_leaves=31
num_cat=0
split_feature=6 2 7 6 0 2 5 0 1 2 5 6 9 6 0 2 2 5 2 5 6 3 2 0 4 4 1 3 8 7
split_gain=11320.6 8856.05 3974.43 1096 347.6 56.8494 245.761 52.416 48.8868 35.8935 132.704 20.2018 72.2472 8.82511 3.76694 3.61176 3.12171 36.5072 0.77988 3.26329 0.182996 2.23565 0.154635 1.30463 0.0367955 0.00653736 0.00520055 0.00321633 0.0030348 0.00183406
threshold=1.0000000180025095e-35 -0.2493404664302051 -0.13196477391331088 -5.5042769661380531 -1.3762470763811558 -0.25329000933969864 0.29237903068564236 0.30836788717535385 -0.065475030416747251 -0.24770721436376006 0.20076115929052876 -1.3667817907455606 0.71351341403748003 0.85135922873184977 0.4501927802334818 -0.24989485034295875 -0.25458757360364781 0.34088260965952605 -0.24732377247602697 0.21962366222481686 -0.66839709116297985 -0.13893168325903696 -0.25573480483701444 0.20385743370985973 0.76897956071484797 0.67852641532438873 -0.040722066059300441 -0.14163946100857522 -0.11413204925138916 -0.13258800211621971
decision_type=2 2 2 2 2 2 2 2 2 2 2 2 2 2 2 2 2 2 2 2 2 2 2 2 2 2 2 2 2 2
left_child=3 2 4 7 -2 16 -7 -1 -3 10 -10 12 -5 -4 -9 24 22 -18 19 -11 -13 27 -6 28 -15 29 -20 -22 -24 -21
right_child=1 8 13 11 5 6 -8 14 9 18 -12 20 -14 15 -16 -17 17 -19 26 25 21 -23 23 -25 -26 -27 -28 -29 -30 -31
leaf_value=-0.13680555109251191 0.13680550355824544 -0.13949311061575129 0.023018854426981365 -0.13680639742546835 -0.1368052454026534 -0.13680523619059706 0.13680522577079188 0.050717465933695305 -0.1367839964518531 0.0438454484006413 0.13680516943574497 -0.13680526291758219 0.13680519793265911 0.14609657950384333 0.13680523751983364 0.039151674169015487 -0.13680526134466031 0.13680524637809344 0.13988675925376923 0.13973790385864912 -0.13680333455909924 -0.062001471497172528 -0.13678689290078397 -0.078948884963799856 0.13681933439434729 0.13673205444979475 0.13680536493481679 -0.13982145462107592 -0.13964817716953837 0.14254936544073557
leaf_weight=7.4728590697050086 49.163639068603516 6.4612364768981925 6.932642623782157 43.657113820314407 2225.1471827030182 160.07697431743145 41.297476276755333 5.2518785744905463 22.619194254279137 4.6701277345418957 82.004977732896805 4424.1393203735352 12.389234751462935 4.3002926260232917 157.91374349594116 3.801635429263114 59.78301128745079 5.3096753656864157 5.4822174012660971 5.2552126348018646 44.442873626947403 4.3258108496665946 28.311668172478676 4.3658884614706031 732.65735651552677 5.8941016793251029 5922.6392450332642 3.8356606662273398 4.2653419673442832 4.1547743082046491
leaf_count=38 250 32 28 222 11315 814 210 22 115 21 417 22497 63 20 803 18 304 27 27 26 226 19 144 20 3725 30 30117 19 21 20
internal_value=-4.39713e-07 0.0634608 -0.0676675 -0.126623 -0.126546 -0.131667 -0.0806937 0.122173 0.135427 0.13572 0.0776566 -0.135989 -0.0763236 0.135321 0.134034 0.136372 -0.136077 -0.114487 0.136742 0.117015 -0.136736 -0.130872 -0.136699 -0.130282 0.136873 0.139344 0.136808 -0.137043 -0.137162 0.140979
internal_weight=14088 9384.59 3325.41 4703.43 2577.72 2528.56 201.374 170.638 6059.18 6052.72 104.624 4532.79 56.0463 747.692 163.166 740.759 2327.18 65.0927 5948.1 19.9742 4476.74 52.6043 2262.09 36.9429 736.958 15.3041 5928.12 48.2785 32.577 9.40999
internal_count=71610 47701 16896 23909 13105 12855 1024 863 30805 30773 532 23046 285 3791 825 3763 11831 331 30241 97 22761 264 11500 185 3745 76 30144 245 165 46
is_linear=0
shrinkage=0.1


Tree=7
num_leaves=31
num_cat=0
split_feature=6 2 7 6 0 2 5 0 1 2 5 6 10 6 0 2 2 5 2 5 6 3 2 7 4 0 3 4 1 7
split_gain=9871.95 7723.3 3465.19 955.814 303.134 49.5623 214.338 45.6339 42.6369 31.297 115.747 17.6151 63.0099 8.41594 3.7015 3.45515 2.71988 31.8394 0.810686 3.08887 0.193037 2.63941 0.163448 1.38236 0.0241028 0.0158562 0.00743021 0.00435636 0.00342984 0.00119995
threshold=-1.0000000180025095e-35 -0.2493404664302051 -0.13196477391331088 -5.5042769661380531 -0.53765899171348541 -0.25329000933969864 0.29237903068564236 0.30836788717535385 -0.065475030416747251 -0.24770721436376006 0.20076115929052876 -1.3667817907455606 -1.0000000180025095e-35 0.85135922873184977 0.4501927802334818 -0.24989485034295875 -0.25458757360364781 0.34088260965952605 -0.24732377247602697 0.21962366222481686 -0.66839709116297985 -0.13666625546544955 -0.25573480483701444 -0.132225399904673 0.76897956071484797 0.14882227260438483 -0.14122187999460484 0.67852641532438873 -0.040722066059300441 -0.13258800211621971
decision_type=2 2 2 2 2 2 2 2 2 2 2 2 2 2 2 2 2 2 2 2 2 2 2 2 2 2 2 2 2 2
left_child=3 2 4 7 -2 16 -7 -1 -3 10 -10 12 -5 -4 -9 24 22 -18 19 -11 -13 26 -6 25 -15 -24 -22 29 -20 -21
right_child=1 8 13 11 5 6 -8 14 9 18 -12 20 -14 15 -16 -17 17 -19 28 27 21 -23 23 -25 -26 -27 -28 -29 -30 -31
leaf_value=-0.1321015376147274 0.13209916152332141 -0.13441199779980822 0.020754444785497223 -0.13209922936780291 -0.13209935030347952 -0.13209901171911143 0.13209932124515975 0.046196890558275236 -0.13209927741963484 0.040069427702798123 0.13209940371324902 -0.13209934192560932 0.13210244673708768 0.1398432554690999 0.13209936387213128 0.03582100981463273 -0.13209932554528767 0.13209932851412093 0.13468363118639642 0.13458273092923018 -0.13209688983816001 -0.04577090242076113 -0.13209152803839186 -0.074188696639630458 0.13211125351407996 -0.13885723163438499 -0.13668232567722491 0.13203791582180915 0.13209950643742174 0.13692953654909673
leaf_weight=6.989988684654235 45.986962676048279 6.0570378303527823 6.9133795499801627 40.836362779140472 2081.3696641325951 149.7337813526392 38.629051342606544 5.1924295723438254 21.155909717082977 4.5994751006364849 76.706254959106445 4138.2740287780762 11.588522017002104 4.0555198490619651 147.71019420027733 3.7432024478912345 55.920153230428696 4.9665915668010703 5.1410195082426062 4.9277100265026093 41.754519864916801 3.802792713046073 26.117296338081363 4.6103548109531394 685.32567057013512 3.9936525225639334 3.8605073988437644 5.5128896236419669 5539.950784817338 3.9055830389261228
leaf_count=38 250 32 28 222 11315 814 210 22 115 21 417 22497 63 20 803 18 304 27 27 26 227 17 142 23 3725 20 20 30 30117 20
internal_value=-5.25305e-07 0.0612699 -0.0653228 -0.122253 -0.122185 -0.127128 -0.0779178 0.11776 0.130762 0.131045 0.0749848 -0.131304 -0.0736974 0.130541 0.129182 0.131636 -0.131386 -0.110548 0.132031 0.111381 -0.132025 -0.125812 -0.131986 -0.125181 0.132157 -0.132989 -0.132485 0.134244 0.132102 0.13562
internal_weight=13179.3 8779.32 3111.37 4400.01 2411.33 2365.34 188.363 159.893 5667.96 5661.9 97.8622 4240.12 52.4249 700.038 152.903 693.124 2176.98 60.8867 5564.04 18.9457 4187.69 49.4178 2116.09 34.7213 689.381 30.1109 45.615 14.3462 5545.09 8.83329
internal_count=71610 47701 16896 23909 13105 12855 1024 863 30805 30773 532 23046 285 3791 825 3763 11831 331 30241 97 22761 264 11500 185 3745 162 247 76 30144 46
is_linear=0
shrinkage=0.1


Tree=8
num_leaves=31
num_cat=0
split_feature=6 2 7 6 0 2 5 0 1 2 5 6 11 6 0 2 2 5 2 4 6 3 2 0 11 4 3 9 1 2
split_gain=8649.18 6767.15 3035.32 837.487 265.6 43.4083 187.815 39.9068 37.3455 27.4152 101.425 15.4315 55.2117 8.09042 3.66405 3.33981 2.38045 27.8994 0.847251 3.32658 0.203955 2.84036 0.17641 1.42536 0.0557832 0.0160832 0.0083225 0.00473698 0.00241839 0.000619738
threshold=-1.0000000180025095e-35 -0.2493404664302051 -0.13196477391331088 -5.5042769661380531 -1.628669355079096 -0.25329000933969864 0.29237903068564236 0.30836788717535385 -0.065475030416747251 -0.24770721436376006 0.20076115929052876 -1.3667817907455606 -1.0000000180025095e-35 0.85135922873184977 0.4501927802334818 -0.24989485034295875 -0.25458757360364781 0.34088260965952605 -0.24732377247602697 0.66937770025363152 -0.66839709116297985 -0.13620506118635381 -0.25573480483701444 0.20385743370985973 -0.089923650086588827 0.76897956071484797 -0.14122187999460484 -0.13886445544065287 -0.040722066059300441 -0.25038354210803671
decision_type=2 2 2 2 2 2 2 2 2 2 2 2 2 2 2 2 2 2 2 2 2 2 2 2 2 2 2 2 2 2
left_child=3 2 4 7 -2 16 -7 -1 -3 10 -10 12 -5 -4 -9 25 22 -18 19 -11 -13 26 -6 27 -21 -15 -22 -24 -20 -27
right_child=1 8 13 11 5 6 -8 14 9 18 -12 20 -14 15 -16 -17 17 -19 28 24 21 -23 23 -25 -26 29 -28 -29 -30 -31
leaf_value=-0.12812822422784503 0.12812703624327679 -0.1300881751576527 0.018737373224752489 -0.12812708436474629 -0.12812715139289649 -0.12812762614099124 0.12812716805817848 0.042081214573601831 -0.12813691885263664 0.033543444110515505 0.12812719125320415 -0.12812713544629961 0.12812476136723824 0.13465922655892468 0.12812733317483768 0.032744508040411527 -0.12812718349819213 0.12812716035432292 0.13037302580416707 0.12793247991280693 -0.1281250931066476 -0.035140314453756108 -0.1281019555084234 -0.065105262237477146 0.14258668346358419 0.12812947333408439 -0.13301112385057012 -0.13203730454454204 0.12812708053930552 0.12937317163431039
leaf_weight=6.5107239335775366 42.833524703979492 5.6520987749099723 6.8957082480192176 38.036082446575165 1938.6440784931183 139.46562170982361 35.980132281780243 5.1334367096424094 19.703658431768417 4.6481389701366451 71.446266993880272 3854.5008506774902 10.794209301471708 3.8036879599094382 137.5811430066824 3.688299909234046 52.085521697998047 4.6260172128677359 4.7987971156835547 9.7275969982147217 38.891194447875023 3.5227383822202674 25.001947537064552 4.0388706326484671 3.5440281480550739 634.30499628186226 3.8293685615062705 3.4850408881902721 5160.0644706785679 4.0320850610733023
leaf_count=38 250 32 28 222 11315 814 210 22 115 23 417 22497 63 20 803 18 304 27 27 57 227 16 146 20 17 3702 21 19 30117 23
internal_value=-6.01126e-07 0.0594189 -0.0633395 -0.118562 -0.1185 -0.123295 -0.0755753 0.113987 0.126822 0.127098 0.0727312 -0.127349 -0.0714812 0.126481 0.125032 0.127631 -0.127423 -0.107224 0.128054 0.106347 -0.128048 -0.121446 -0.128005 -0.120701 0.131846 0.128176 -0.128563 -0.128583 0.128129 0.128137
internal_weight=12277.3 8178.47 2898.89 4098.8 2246.16 2203.33 175.446 149.225 5279.59 5273.93 91.1499 3949.57 48.8303 652.725 142.715 645.829 2027.88 56.7115 5182.78 17.9198 3900.74 46.2433 1971.17 32.5259 13.2716 642.141 42.7206 28.487 5164.86 638.337
internal_count=71610 47701 16896 23909 13105 12855 1024 863 30805 30773 532 23046 285 3791 825 3763 11831 331 30241 97 22761 264 11500 185 74 3745 248 165 30144 3725
is_linear=0
shrinkage=0.1


Tree=9
num_leaves=31
num_cat=0
split_feature=6 2 7 6 0 2 5 0 1 2 5 6 8 6 0 2 2 5 2 5 6 3 2 7 4 0 4 3 1 2
split_gain=7607.91 5952.9 2669.27 736.728 233.639 38.1696 165.229 35.028 32.8453 24.1072 89.2227 13.5717 48.5737 7.82614 3.64581 3.25455 2.09151 24.5443 0.902352 3.25427 0.216553 2.77076 0.189566 1.47777 0.0248746 0.0133439 0.0108454 0.0057799 0.00176204 0.000427201
threshold=-1.0000000180025095e-35 -0.2493404664302051 -0.13196477391331088 -5.5042769661380531 -0.53765899171348541 -0.25329000933969864 0.29237903068564236 0.30836788717535385 -0.065475030416747251 -0.24770721436376006 0.20076115929052876 -1.3667817907455606 -1.0000000180025095e-35 0.85135922873184977 0.4501927802334818 -0.24989485034295875 -0.25458757360364781 0.34088260965952605 -0.24732377247602697 0.21962366222481686 -0.66839709116297985 -0.13620506118635381 -0.25573480483701444 -0.132225399904673 0.66937770025363152 0.14882227260438483 0.76897956071484797 -0.14122187999460484 -0.040722066059300441 -0.25038354210803671
decision_type=2 2 2 2 2 2 2 2 2 2 2 2 2 2 2 2 2 2 2 2 2 2 2 2 2 2 2 2 2 2
left_child=3 2 4 7 -2 16 -7 -1 -3 10 -10 12 -5 -4 -9 26 22 -18 19 -11 -13 27 -6 25 -21 -24 -15 -22 -20 -28
right_child=1 8 13 11 5 6 -8 14 9 18 -12 20 -14 15 -16 -17 17 -19 28 24 21 -23 23 -25 -26 -27 29 -29 -30 -31
leaf_value=-0.12474663966043092 0.1247445017334147 -0.12645377380364212 0.016930352267452681 -0.12474455381847518 -0.12474462984246051 -0.12474496567359411 0.12474465654596628 0.038326160633808753 -0.12475463834631956 0.026740760712708256 0.12474466416639694 -0.12474464219843209 0.12475140172176571 0.13029654685333605 0.12474455392695227 0.029906867849585284 -0.12474463731450947 0.12474463597854274 0.12673255775180256 0.13454008888378921 -0.12474284660855167 -0.032043809011539713 -0.12473742082322499 -0.061853552808982117 0.12456446047939083 -0.13131068628473977 0.12474660583146467 -0.12896187790558686 0.12474414745240686 0.12581786073635912
leaf_weight=6.0424565821886054 39.753698348999023 5.2529886960983267 6.877952739596366 35.301206469535828 1799.2512190341949 129.43771256506443 33.393084660172462 5.0758795440196982 18.285467833280563 4.3224281072616604 66.309120669960976 3577.3525657653809 10.017587780952452 3.5507725924253455 127.6889034062624 3.6373721808195105 48.340463846921921 4.2933965623378745 4.4607433378696433 3.4346885830163947 36.094772160053253 3.4786523580551139 22.576063469052322 4.2183026373386374 9.181719094514845 3.5777146071195594 588.69831898808479 3.5680816769599906 4789.0548587739468 3.7462883144617072
leaf_count=38 250 32 28 222 11315 814 210 22 115 21 417 22497 63 20 803 18 304 27 27 18 227 16 142 23 58 20 3702 21 30117 23
internal_value=-6.94256e-07 0.0578407 -0.0616467 -0.115416 -0.115361 -0.120029 -0.07358 0.110724 0.123466 0.123734 0.0708144 -0.123979 -0.0695942 0.122994 0.121441 0.124211 -0.124047 -0.104394 0.124665 0.101625 -0.12466 -0.117617 -0.124612 -0.116778 0.12728 -0.125637 0.124786 -0.125122 0.124746 0.124753
internal_weight=11396.3 7591.65 2691.35 3804.62 2084.84 2045.09 162.831 138.807 4900.3 4895.05 84.5946 3665.81 45.3188 606.511 132.765 599.633 1882.26 52.6339 4810.45 16.9388 3620.49 43.1415 1829.62 30.3721 12.6164 26.1538 595.995 39.6629 4793.52 592.445
internal_count=71610 47701 16896 23909 13105 12855 1024 863 30805 30773 532 23046 285 3791 825 3763 11831 331 30241 97 22761 264 11500 185 76 162 3745 248 30144 3725
is_linear=0
shrinkage=0.1


Tree=10
num_leaves=31
num_cat=0
split_feature=6 2 7 6 0 2 5 0 1 2 5 6 7 6 0 4 2 5 2 4 6 3 2 1 11 2 0 3 2 1
split_gain=6714.56 5254.36 2355.19 650.287 206.216 33.6741 145.851 30.8419 28.9922 21.274 78.7595 11.9764 42.8759 7.61707 3.64067 3.45299 1.85759 25.2185 0.955769 3.44318 0.23095 3.0141 0.129145 1.01089 0.047585 0.0379058 0.0108528 0.00761735 0.00264176 0.004038
threshold=-1.0000000180025095e-35 -0.2493404664302051 -0.13196477391331088 -5.5042769661380531 -0.65028734159414314 -0.25329000933969864 0.29237903068564236 0.30836788717535385 -0.065475030416747251 -0.24770721436376006 0.20076115929052876 -1.3667817907455606 -1.0000000180025095e-35 0.85135922873184977 0.4501927802334818 0.7579978916165323 -0.25481066189519391 0.34088260965952605 -0.24732377247602697 0.66937770025363152 -0.66839709116297985 -0.13575096189826916 -0.25573480483701444 0.51151929826311282 -0.089923650086588827 -0.25017994184112941 0.13362268232923599 -0.14122187999460484 -0.25458757360364781 0.28284830606103589
decision_type=2 2 2 2 2 2 2 2 2 2 2 2 2 2 2 2 2 2 2 2 2 2 2 2 2 2 2 2 2 2
left_child=3 2 4 7 -2 16 -7 -1 -3 10 -10 12 -5 -4 -9 -15 22 28 19 -11 -13 27 -6 26 -21 -17 -24 -22 29 -18
right_child=1 8 13 11 5 6 -8 14 9 18 -12 20 -14 15 -16 25 17 -19 -20 24 21 -23 23 -25 -26 -27 -28 -29 -30 -31
leaf_value=-0.12184194113706193 0.12184259118685901 -0.12331870031187447 0.01526386108742718 -0.12184256998546319 -0.12184262671720247 -0.12184270572121587 0.12184265198049625 0.034895370111297015 -0.12185100237609835 0.021366924862631431 0.12184257250425884 -0.12184260150717974 0.12184260901172467 0.025651547175140284 0.12184262363593808 0.12184427379932071 -0.12642171036367542 0.13324557223631037 0.12184399233627906 0.12169968515992002 -0.12184111086298954 -0.02147884779081816 -0.12228242261374721 -0.06254267012052693 0.13591214599627141 0.13131604000563801 -0.1286157540910752 -0.1267271656697036 -0.12184261641862844 -0.12183857203095701
leaf_weight=5.5910011529922476 36.782950758934021 4.8682961463928214 6.8625931888818732 32.663202613592148 1664.7961840629578 119.76516890525818 30.897673040628433 5.0204483717679969 16.919467866420746 4.3434755057096472 61.353971153497696 3310.0238151550293 9.2693153917789441 3.7514199018478385 118.14683981239796 547.05885368585587 3.405924215912818 4.1737105548381797 4435.3069584369659 8.3508482873439771 33.397414311766624 3.2235576957464209 13.677452579140668 3.23254670202732 3.2814542204141608 4.2580518573522559 3.3729129135608664 3.5277401506900778 44.728068128228188 4.4134189188480377
leaf_count=38 250 32 28 222 11315 814 210 22 115 23 417 22497 63 21 803 3718 21 28 30144 57 227 15 92 21 17 24 20 22 304 30
internal_value=-7.54376e-07 0.0564849 -0.0601899 -0.112713 -0.112666 -0.117224 -0.0718681 0.107871 0.120585 0.120847 0.0691661 -0.121086 -0.0679752 0.119972 0.118299 0.121267 -0.121147 -0.103347 0.121756 0.0973406 -0.121751 -0.114212 -0.121746 -0.113815 0.125709 0.121917 -0.123535 -0.122308 -0.122139 -0.123835
internal_weight=10546.5 7025.6 2491.18 3520.86 1929.25 1892.46 150.663 128.758 4534.42 4529.56 78.2734 3392.11 41.9325 561.931 123.167 555.068 1741.8 56.7211 4451.28 15.9758 3350.17 40.1487 1685.08 20.2829 11.6323 551.317 17.0504 36.9252 52.5474 7.81934
internal_count=71610 47701 16896 23909 13105 12855 1024 863 30805 30773 532 23046 285 3791 825 3763 11831 383 30241 97 22761 264 11448 133 74 3742 112 249 355 51
is_linear=0
shrinkage=0.1


Tree=11
num_leaves=31
num_cat=0
split_feature=6 2 7 6 0 2 5 0 2 5 6 7 6 0 2 1 2 5 2 6 3 6 4 2 4 3 7 2 0 2
split_gain=5943.23 4651.21 2084.04 575.656 182.544 29.7966 129.12 27.227 25.9092 96.9363 10.599 37.9577 7.44016 3.64413 3.48502 2.40749 1.66872 29.7371 0.591227 0.247212 3.28174 0.027394 0.0144012 0.0167694 0.0131797 0.00966537 0.00545937 0.00861515 0.00160625 0.00738211
threshold=1.0000000180025095e-35 -0.2493404664302051 -0.13196477391331088 -5.5042769661380531 -0.53765899171348541 -0.25329000933969864 0.29237903068564236 0.30836788717535385 -0.24732377247602697 0.20076115929052876 -1.3667817907455606 -1.0000000180025095e-35 0.85135922873184977 0.4501927802334818 -0.24989485034295875 -0.053069103232265026 -0.25573480483701444 0.34088260965952605 -0.24794321373743616 -0.66839709116297985 -0.13426585142506708 0.92861207288802683 0.66937770025363152 -0.24770721436376006 0.76897956071484797 -0.14122187999460484 -0.132225399904673 -0.25458757360364781 0.20385743370985973 -0.25436055883505887
decision_type=2 2 2 2 2 2 2 2 2 2 2 2 2 2 2 2 2 2 2 2 2 2 2 2 2 2 2 2 2 2
left_child=3 2 4 7 -2 16 -7 -1 9 18 11 -5 -4 -9 24 -10 -6 26 -3 -12 25 22 23 -11 -14 -21 28 -28 -18 -30
right_child=1 8 12 10 5 6 -8 13 15 21 19 -13 14 -15 -16 -17 17 -19 -20 20 -22 -23 -24 -25 -26 -27 27 -29 29 -31
leaf_value=-0.11933656187339435 0.11933704970199605 -0.11924761309089449 0.013781953948438511 -0.11933696555506951 -0.1193370190142083 -0.1193368455153121 0.11933703348776088 0.031758321669984706 0.035884998852724913 0.11933702154136297 -0.11933698078652272 0.11933654964325408 0.12575505764417705 0.11933687960517746 0.01795205067124207 0.11933662742214501 -0.11937702548119965 0.15309818230486763 -0.15930794238441492 -0.11933569025008302 -0.01061930541149908 0.12928241965584381 0.11939733440872685 0.1295531451877758 0.11934307881755851 -0.1248942681861748 -0.12634619690203372 -0.11933720873318664 -0.12542254832005911 -0.119337008623517
leaf_weight=5.159600928425788 33.945273637771606 15.158273100852968 6.8481453806161872 30.143340110778809 1536.3622797727585 110.52583961188793 28.514012947678566 4.9676079452037802 3.4598902016878119 3.2587448507547379 3054.6660995483398 8.5542955398559553 3.2261442244052878 109.03225691616535 3.4100220054388037 4090.897752687335 48.399869561195374 4.2414866685867301 4.8668945729732505 30.820866748690605 2.9873246699571601 3.2427962124347678 60.891403093934059 3.1694336831569663 505.88292607665062 3.4815346449613562 3.2552321255207062 3.8018610477447501 2.5635671019554129 8.9615494906902295
leaf_count=38 250 112 28 222 11315 814 210 22 23 24 22497 63 20 803 18 30129 356 30 32 227 14 19 448 18 3725 23 20 28 16 66
internal_value=-8.51791e-07 0.0553123 -0.0589279 -0.110376 -0.110338 -0.114802 -0.0703901 0.105351 0.118096 0.0651975 -0.118587 -0.0665771 0.117325 0.115521 0.118709 0.119266 -0.118643 -0.10368 -0.128984 -0.119238 -0.111145 0.120305 0.119873 0.124374 0.119384 -0.1199 -0.119939 -0.12257 -0.11963 -0.120691
internal_weight=9734.7 6484.88 2299.94 3249.81 1780.57 1746.63 139.04 119.159 4184.95 90.5875 3130.65 38.6976 519.367 114 512.519 4094.36 1607.59 71.2236 20.0252 3091.96 37.2897 70.5624 67.3196 6.42818 509.109 34.3024 66.9821 7.05709 59.925 11.5251
internal_count=71610 47701 16896 23909 13105 12855 1024 863 30805 653 23046 285 3791 825 3763 30152 11831 516 144 22761 264 509 490 42 3745 250 486 48 438 82
is_linear=0
shrinkage=0.1


Tree=12
num_leaves=31
num_cat=0
split_feature=6 2 7 6 0 2 5 0 2 5 6 7 6 5 0 1 2 5 2 6 3 6 3 4 2 2 4 7 2 0
split_gain=5273.64 4127.6 1848.76 510.87 162.006 26.4411 114.595 24.0894 23.0835 85.9116 9.40304 33.6874 7.29455 5.01315 3.65296 2.45974 1.49391 26.3707 0.485345 0.263967 3.17332 0.0190336 0.0103023 0.00996565 0.0115113 0.00798631 0.00917757 0.00381827 0.0059899 0.00112103
threshold=-1.0000000180025095e-35 -0.2493404664302051 -0.13196477391331088 -5.5042769661380531 -1.628669355079096 -0.25329000933969864 0.29237903068564236 0.30836788717535385 -0.24732377247602697 0.20076115929052876 -1.3667817907455606 -1.0000000180025095e-35 0.85135922873184977 0.24387545171175867 0.4501927802334818 -0.053069103232265026 -0.25573480483701444 0.34088260965952605 -0.24794321373743616 -0.66839709116297985 -0.13426585142506708 0.92861207288802683 -0.14119511622386141 0.66937770025363152 -0.24770721436376006 -0.25038354210803671 0.76897956071484797 -0.132225399904673 -0.25458757360364781 0.20385743370985973
decision_type=2 2 2 2 2 2 2 2 2 2 2 2 2 2 2 2 2 2 2 2 2 2 2 2 2 2 2 2 2 2
left_child=3 2 4 7 -2 16 -7 -1 9 18 11 -5 -4 -14 -9 -10 -6 27 -3 -12 22 23 -21 24 -11 26 -15 29 -29 -18
right_child=1 8 12 10 5 6 -8 14 15 21 19 -13 13 25 -16 -17 17 -19 -20 20 -22 -23 -24 -25 -26 -27 -28 28 -30 -31
leaf_value=-0.11715946365570076 0.11716177497000298 -0.11708406365627465 0.012409121244440085 -0.11716171575557906 -0.11716178051580993 -0.11716180776930372 0.11716172636125809 0.028888907635347238 0.032502969602431958 0.11716175960317793 -0.11716175793322392 0.11715974680424256 -0.023932440313930679 0.12272302890105845 0.11716187890208246 0.11716127254039646 -0.11719670523962573 0.15007737175597158 -0.15476409297415034 -0.11714575085635555 -0.0095499764480983136 0.12576856201481221 -0.12401013191271254 0.11721552656345545 0.12596215388298973 0.12172581255077493 0.11716272059677427 -0.12324278041235358 -0.11716225621008028 -0.11833979266348918
leaf_weight=4.7509524226188651 31.255793571472168 13.956146001815798 6.8324801027774802 27.755078434944153 1414.6361359357834 101.76881225407124 26.254848763346672 4.917649805545806 3.4351461306214324 3.0005545914173126 2812.6449394226074 7.8765515089035025 2.5291031748056403 2.9876161962747565 100.39347815513611 3766.7829939126968 44.566712528467178 3.9111530780792227 4.5273922234773627 29.235533013939857 2.9703430086374274 3.0119214951992026 2.3631280362606075 56.069448083639145 2.9453408867120734 3.9290957599878302 462.72638212144375 3.0157792568206787 3.5006310343742362 10.624791532754896
leaf_count=38 250 112 28 222 11315 814 210 22 23 24 22497 63 14 20 803 30129 356 30 32 234 14 19 16 448 18 28 3701 20 28 82
internal_value=-9.81795e-07 0.0542931 -0.0578316 -0.108343 -0.108325 -0.112707 -0.0691072 0.103103 0.115932 0.06393 -0.116416 -0.0653638 0.114996 0.11648 0.11304 0.117084 -0.116478 -0.101727 -0.126313 -0.117055 -0.10837 0.118005 -0.117659 0.117628 0.121521 0.117236 0.117198 -0.117687 -0.119976 -0.117417
internal_weight=8965.18 5972.27 2118.54 2992.91 1639.53 1608.28 128.024 110.062 3853.73 83.5108 2882.85 35.6316 479.005 472.172 105.311 3770.22 1480.26 65.6191 18.4835 2847.21 34.569 65.0273 31.5987 62.0153 5.9459 469.643 465.714 61.7079 6.51641 55.1915
internal_count=71610 47701 16896 23909 13105 12855 1024 863 30805 653 23046 285 3791 3763 825 30152 11831 516 144 22761 264 509 250 490 42 3749 3721 486 48 438
is_linear=0
shrinkage=0.1


Tree=13
num_leaves=31
num_cat=0
split_feature=6 2 7 6 0 2 5 0 2 5 6 11 6 5 0 1 2 5 2 6 3 6 3 4 2 2 4 7 2 0
split_gain=4689.58 3670.87 1643.56 454.363 144.091 23.5147 101.926 21.3522 20.6059 76.2921 8.35994 29.963 7.16769 4.74718 3.66463 2.51283 1.33995 23.4319 0.39184 0.283444 3.08084 0.0133266 0.00734531 0.00694906 0.00797161 0.00569045 0.00646537 0.00268473 0.00419812 0.000799229
threshold=1.0000000180025095e-35 -0.2493404664302051 -0.13196477391331088 -5.5042769661380531 -1.628669355079096 -0.25329000933969864 0.29237903068564236 0.30836788717535385 -0.24732377247602697 0.20076115929052876 -1.3667817907455606 -1.0000000180025095e-35 0.85135922873184977 0.24387545171175867 0.4501927802334818 -0.053069103232265026 -0.25573480483701444 0.34088260965952605 -0.24794321373743616 -0.66839709116297985 -0.13426585142506708 0.92861207288802683 -0.14119511622386141 0.66937770025363152 -0.24770721436376006 -0.25038354210803671 0.76897956071484797 -0.132225399904673 -0.25458757360364781 0.20385743370985973
decision_type=2 2 2 2 2 2 2 2 2 2 2 2 2 2 2 2 2 2 2 2 2 2 2 2 2 2 2 2 2 2
left_child=3 2 4 7 -2 16 -7 -1 9 18 11 -5 -4 -14 -9 -10 -6 27 -3 -12 22 23 -21 24 -11 26 -15 29 -29 -18
right_child=1 8 12 10 5 6 -8 14 15 21 19 -13 13 25 -16 -17 17 -19 -20 20 -22 -23 -24 -25 -26 -27 -28 28 -30 -31
leaf_value=-0.11526475491178373 0.11526462583197711 -0.11519648732744987 0.011210902466922456 -0.11526436207910021 -0.11526437446206071 -0.11526451404478005 0.1152643903437468 0.026264301302470833 0.02945731498776016 0.11526439983493633 -0.11526438006399962 0.11526267969393007 -0.021276721475853341 0.12012182251346511 0.11526430361399297 0.11526409044839928 -0.11529499537902682 0.14725382676987175 -0.15035948263724105 -0.11525037803576865 -0.0086558089299281649 0.12275241982730117 -0.12128099734922754 0.11531240105868686 0.12288862278476331 0.11927551565793455 0.11526513073570753 -0.12056679829274725 -0.11526421769194761 -0.11630141972230097
leaf_weight=4.3658418804407111 28.722922325134277 12.824300765991213 6.8207470774650565 25.505936533212662 1300.0008755922318 93.521907918155193 24.127277843654156 4.8707329332828513 3.4162357971072188 2.7574032694101334 2584.7212524414062 7.2382803857326499 2.5589379072189322 2.7588034123182288 92.258195236325264 3461.5328366830945 40.956503301858902 3.6033618450164786 4.2093015536665908 26.866035208106041 2.9627094119787207 2.7887912392616263 2.1838738024234798 51.527909733355045 2.7282346934080115 3.6244656592607489 425.22990000247955 2.7862216234207153 3.2169726341962805 9.7735177874565107
leaf_count=38 250 112 28 222 11315 814 210 22 23 24 22497 63 14 20 803 30129 356 30 32 234 14 19 16 448 18 28 3701 20 28 82
internal_value=-1.04932e-06 0.0534023 -0.0568705 -0.106566 -0.106568 -0.110879 -0.0679881 0.101077 0.114044 0.0628224 -0.11452 -0.0643052 0.112927 0.114525 0.110801 0.115179 -0.114588 -0.10002 -0.123886 -0.115149 -0.105797 0.116003 -0.115704 0.115673 0.119056 0.11533 0.115296 -0.115726 -0.117725 -0.115489
internal_weight=8240.46 5489.49 1947.7 2750.97 1506.71 1477.99 117.649 101.495 3541.79 76.8359 2649.48 32.7442 440.993 434.172 97.1289 3464.95 1360.34 60.3366 17.0336 2616.73 32.0126 59.8023 29.0499 57.0135 5.48564 431.613 427.989 56.7332 6.00319 50.73
internal_count=71610 47701 16896 23909 13105 12855 1024 863 30805 653 23046 285 3791 3763 825 30152 11831 516 144 22761 264 509 250 490 42 3749 3721 486 48 438
is_linear=0
shrinkage=0.1


Tree=14
num_leaves=31
num_cat=0
split_feature=6 2 7 6 0 2 5 0 2 5 6 8 6 5 0 1 2 5 2 6 3 2 8 4 3 4 2 7 2 0
split_gain=4178.04 3270.86 1463.84 404.877 128.401 20.9519 90.8291 18.9556 18.4283 67.8931 7.44641 26.7009 7.0628 4.51638 3.67737 2.56807 1.2044 20.8548 0.316154 0.303808 2.99512 0.00942116 0.00762912 0.00740102 0.00526334 0.00447042 0.00416737 0.00189996 0.00296087 0.000572536
threshold=-1.0000000180025095e-35 -0.2493404664302051 -0.13196477391331088 -5.5042769661380531 -1.628669355079096 -0.25329000933969864 0.29237903068564236 0.30836788717535385 -0.24732377247602697 0.20076115929052876 -1.3667817907455606 -1.0000000180025095e-35 0.85135922873184977 0.24387545171175867 0.4501927802334818 -0.053069103232265026 -0.25573480483701444 0.34088260965952605 -0.24794321373743616 -0.66839709116297985 -0.13426585142506708 -0.24770721436376006 -0.11411016702117315 0.66937770025363152 -0.14119511622386141 0.76897956071484797 -0.25038354210803671 -0.132225399904673 -0.25458757360364781 0.20385743370985973
decision_type=2 2 2 2 2 2 2 2 2 2 2 2 2 2 2 2 2 2 2 2 2 2 2 2 2 2 2 2 2 2
left_child=3 2 4 7 -2 16 -7 -1 9 18 11 -5 -4 -14 -9 -10 -6 27 -3 -12 24 -11 23 -23 -21 -15 -27 29 -29 -18
right_child=1 8 12 10 5 6 -8 14 15 21 19 -13 13 25 -16 -17 17 -19 -20 20 -22 22 -24 -25 -26 26 -28 28 -30 -31
leaf_value=-0.11360423411829779 0.11360254939552453 -0.11354299707522578 0.010081958874415741 -0.11360253535502461 -0.11360253687031874 -0.11360278986926503 0.11360250147657512 0.023864300096316782 0.026612511976447317 0.11359718477036401 -0.11360254501364837 0.11360011724995012 -0.018935502586642811 0.1178404791034755 0.11360256724761447 0.11360238467008064 -0.11362948826797653 0.1445465296685729 -0.14637085438796515 -0.11359029569595143 -0.0078204262319793421 0.12025211501428093 0.12144315478684412 0.11351341830667466 -0.11890785474115972 0.11360328436169981 0.11715285392325366 -0.11824616759000289 -0.11360261585988532 -0.11451851399686264
leaf_weight=4.0051977485418311 26.350246429443359 11.764195442199705 6.8082806020975104 23.398961968719963 1192.6116639375687 85.796228505671024 22.134200893342495 4.8269184529781333 3.3972952440381041 43.938848495483398 2371.2049026489258 6.6403923556208602 2.5855759829282752 2.5420257300138465 84.637009546160698 3175.5869463980198 37.574222654104233 3.3184267282485953 3.9083248600363723 24.646393939852722 2.9511727541685095 2.2407848536968213 2.7409246340394011 5.9775489270687103 2.0134524405002585 390.10301525890827 3.3358644843101493 2.5679998695850372 2.9512213990092269 8.974039323627947
leaf_count=38 250 112 28 222 11315 814 210 22 23 417 22497 63 14 20 803 30129 356 30 32 234 14 16 19 57 16 3701 28 20 28 82
internal_value=-1.12853e-06 0.0526199 -0.0560242 -0.105005 -0.105029 -0.109277 -0.0670079 0.0992324 0.112387 0.0618441 -0.112858 -0.0633779 0.111075 0.1128 0.108761 0.113509 -0.112933 -0.0985176 -0.121729 -0.113477 -0.10341 0.114251 0.116874 0.115351 -0.113992 0.11366 0.113633 -0.114009 -0.115763 -0.113801
internal_weight=7561.53 5037.21 1787.65 2524.32 1382.28 1355.93 107.93 93.4691 3249.55 70.5706 2430.86 30.0394 405.375 398.566 89.4639 3178.98 1248 55.3859 15.6725 2400.82 29.611 54.8981 10.9593 8.21833 26.6598 395.981 393.439 52.0675 5.51922 46.5483
internal_count=71610 47701 16896 23909 13105 12855 1024 863 30805 653 23046 285 3791 3763 825 30152 11831 516 144 22761 264 509 92 73 250 3749 3729 486 48 438
is_linear=0
shrinkage=0.1


Tree=15
num_leaves=31
num_cat=0
split_feature=6 2 7 6 0 2 5 0 2 5 6 6 9 4 0 2 5 6 3 5 4 1 2 1 6 3 4 2 2 7
split_gain=3728.39 2919.25 1305.88 361.383 114.609 18.6997 81.0749 16.8486 16.593 66.849 6.96632 6.64319 23.8338 4.33461 3.68972 1.08481 18.5868 0.326312 2.91982 0.284378 0.198172 0.0810985 0.0576701 0.00725478 0.0062429 0.00378762 0.00139081 0.00214182 0.00390876 0.00135162
threshold=1.0000000180025095e-35 -0.2493404664302051 -0.13196477391331088 -5.5042769661380531 -1.628669355079096 -0.25329000933969864 0.29237903068564236 0.30836788717535385 -0.24687188557739606 0.19671919437603844 0.85135922873184977 -1.3667817907455606 0.71351341403748003 0.7579978916165323 0.4501927802334818 -0.25573480483701444 0.34088260965952605 -0.66839709116297985 -0.13426585142506708 0.15899418850746228 0.61127749063903158 0.086642824615148453 -0.24989485034295875 -0.040722066059300441 0.92861207288802683 -0.14119511622386141 0.66937770025363152 -0.24732377247602697 -0.24770721436376006 -0.132225399904673
decision_type=2 2 2 2 2 2 2 2 2 2 2 2 2 2 2 2 2 2 2 2 2 2 2 2 2 2 2 2 2 2
left_child=3 2 4 7 -2 15 -7 -1 9 19 -4 12 -5 -12 -9 -6 29 -13 25 20 -3 -21 -15 -10 26 -19 27 28 -11 -17
right_child=1 8 10 11 5 6 -8 14 23 24 13 17 -14 22 -16 16 -18 18 -20 21 -22 -23 -24 -25 -26 -27 -28 -29 -30 -31
leaf_value=-0.11213821009208583 0.11214188127787202 -0.11816189897911807 0.0091037431750482407 -0.11214219554751975 -0.11214182886140377 -0.11214149623799308 0.11214181883092036 0.021670746330521583 0.1169142840813561 0.11214187419383699 -0.0095206856334700378 -0.11214182867325218 0.11214179389471397 0.11215214772823337 0.11214181582354313 -0.11231749057961909 0.1419055594818108 -0.11213101767970209 -0.0070258330449660808 -0.089189443240723837 -0.15652079188444071 -0.11199767862319612 0.12796800754520685 0.11214178788018343 0.11743899788903955 -0.1168345883459877 0.11217582213372138 0.11214218074060063 0.11794714521641053 -0.11404529393219871
leaf_weight=3.6689099073410025 24.137287616729736 2.8829140812158576 6.7980573996901503 21.433818571269516 1092.4537217617035 78.591084882616997 20.275328621268272 4.7861932069063178 3.1886808946728697 2.3171901032328606 2.9468441829085341 2172.0665531158447 6.0825884416699401 360.08570575714111 77.528951451182365 42.646288618445396 3.0556907057762137 22.576293192803867 2.9412982463836661 1.904276318848132 2.5277039632201195 8.5964395925402624 2.3203542977571479 2896.6669843122363 2.5659278035163871 1.8525103032588948 48.422045759856701 5.5998523607850057 2.3221266269683838 5.0653483122587195
leaf_count=38 250 25 28 222 11315 814 210 22 27 24 21 22497 63 3728 803 438 30 234 14 20 19 90 14 30002 21 16 501 58 18 48
internal_value=-1.20711e-06 0.0519297 -0.0552751 -0.103627 -0.103676 -0.107869 -0.0661459 0.0975359 0.110929 0.0651547 0.109405 -0.111394 -0.0625635 0.111271 0.106881 -0.111478 -0.0971882 -0.112005 -0.101154 -0.117458 -0.136082 -0.107861 0.112253 0.112147 0.112611 -0.112488 0.1124 0.113459 0.115048 -0.112501
internal_weight=6928.31 4615.37 1638.38 2312.94 1266.22 1242.09 98.8664 85.9841 2976.99 77.1385 372.151 2226.95 27.5164 365.353 82.3151 1143.22 50.7673 2199.44 27.3701 15.9113 5.41062 10.5007 362.406 2899.86 61.2271 24.4288 58.6612 10.2392 4.63932 47.7116
internal_count=71610 47701 16896 23909 13105 12855 1024 863 30805 776 3791 23046 285 3763 825 11831 516 22761 264 154 44 110 3742 30029 622 250 601 100 42 486
is_linear=0
shrinkage=0.1


Tree=16
num_leaves=31
num_cat=0
split_feature=6 2 7 6 0 2 5 0 2 5 5 6 6 8 5 2 5 4 6 3 5 4 6 2 4 1 6 3 4 2
split_gain=3331.95 2609.39 1166.56 323.035 102.449 16.7133 72.4745 15.3429 14.946 59.5916 8.3653 7.02377 5.93534 21.3058 4.4763 0.978897 16.5853 0.958203 0.350884 2.85026 0.233428 0.148561 0.0964922 0.0297651 0.00595565 0.00526883 0.00445597 0.00273554 0.000988019 0.00152092
threshold=-1.0000000180025095e-35 -0.2493404664302051 -0.13196477391331088 -5.5042769661380531 -1.628669355079096 -0.25329000933969864 0.29237903068564236 0.4501927802334818 -0.24687188557739606 0.19671919437603844 0.23579152188277805 0.85135922873184977 -1.3667817907455606 -1.0000000180025095e-35 0.15091025867848165 -0.25573480483701444 0.34088260965952605 -0.0089785407072667609 -0.66839709116297985 -0.13426585142506708 0.15899418850746228 0.61127749063903158 0.89753314667278661 -0.24989485034295875 0.76897956071484797 -0.040722066059300441 0.92861207288802683 -0.14119511622386141 0.66937770025363152 -0.24732377247602697
decision_type=2 2 2 2 2 2 2 2 2 2 2 2 2 2 2 2 2 2 2 2 2 2 2 2 2 2 2 2 2 2
left_child=3 2 4 7 -2 15 -7 14 9 20 -4 -12 13 -5 17 -6 -17 -1 -14 27 21 -3 -22 24 -13 -10 28 -20 29 -11
right_child=1 8 10 12 5 6 -8 -9 25 26 11 23 18 -15 -16 16 -18 -19 19 -21 22 -23 -24 -25 -26 -27 -28 -29 -30 -31
leaf_value=-0.15139266763282866 0.11085385947919038 -0.11626627987360277 -0.12809070975500816 -0.11085376042165283 -0.11085379591383437 -0.11085383626733758 0.11085377423868209 0.11085371620306401 0.1150977407582631 0.11341151029917416 0.0082010944639761708 0.11593382323710469 -0.11085377773000127 0.11085524792460355 0.043066368803548256 -0.11117278938140195 0.13930600624119308 -0.056002450124516101 -0.11084425090823391 -0.0063248548200929905 -0.11073400780706114 -0.15072566657686454 -0.085051503248697799 0.1237780556903285 0.11085773466540066 0.11085368749218293 0.11552307305594528 -0.11501595035955892 0.11088435714983343 0.11085355543136569
leaf_weight=2.1981644183397293 22.081070899963379 2.6493003517389289 1.4958450570702542 19.607945844531063 999.38919842243195 71.895963668823242 18.548102349042892 70.924485445022583 2.9284148737788191 4.2552567198872566 6.7868125885725012 2.3277346789836875 1987.0314178466797 5.5644613057374945 3.8851271867752075 43.660542219877243 2.8138901591300955 2.0214435309171659 20.652849525213249 2.9336538761854163 7.8668735325336439 2.3705513849854469 1.7970939874649046 1.8026844337582577 328.90305179357529 2649.9056539461017 2.358269825577735 1.7013612836599339 44.298212267458439 5.1228145733475667
leaf_count=22 250 25 8 222 11315 814 210 803 27 42 28 20 22497 63 18 486 30 20 234 14 90 19 20 12 3723 30002 21 16 501 58
internal_value=-1.21023e-06 0.0513203 -0.0546077 -0.102407 -0.102482 -0.106628 -0.0653864 0.0959591 0.109649 0.0642773 0.107872 0.108911 -0.110101 -0.0618441 -0.034384 -0.110194 -0.096007 -0.105695 -0.110705 -0.0989996 -0.115045 -0.132539 -0.105958 0.110963 0.110893 0.110858 0.111269 -0.111162 0.111082 0.112014
internal_weight=6339.78 4223.26 1499.7 2116.52 1158.39 1136.31 90.4441 79.0292 2723.55 70.7184 341.316 339.82 2037.49 25.1724 8.10474 1045.86 46.4744 4.21961 2012.32 25.2879 14.6838 5.01985 9.66397 333.033 331.231 2652.83 56.0346 22.3542 53.6763 9.37807
internal_count=71610 47701 16896 23909 13105 12855 1024 863 30805 776 3791 3783 23046 285 60 11831 516 42 22761 264 154 44 110 3755 3743 30029 622 250 601 100
is_linear=0
shrinkage=0.1


Tree=17
num_leaves=31
num_cat=0
split_feature=6 2 7 6 0 2 5 0 2 5 5 6 6 11 11 1 2 5 6 3 5 11 4 2 4 1 6 3 7 2
split_gain=2981.43 2335.41 1043.47 289.14 91.6961 14.9574 64.8696 14.0469 13.4837 53.1864 7.3617 6.95385 5.3091 19.0698 4.27664 6.26412 0.884871 14.8149 0.377314 2.7832 0.19345 0.125435 0.111201 0.0211557 0.00424437 0.0036672 0.00319235 0.00198184 0.000722316 0.00113628
threshold=-1.0000000180025095e-35 -0.2493404664302051 -0.13196477391331088 -5.5042769661380531 -1.628669355079096 -0.25329000933969864 0.29237903068564236 0.4501927802334818 -0.24687188557739606 0.19671919437603844 0.23579152188277805 0.85135922873184977 -1.3667817907455606 -1.0000000180025095e-35 -0.079767997342568883 -1.0407371973407937 -0.25573480483701444 0.34088260965952605 -0.66839709116297985 -0.13426585142506708 0.15899418850746228 -0.089949577013556409 0.61127749063903158 -0.24989485034295875 0.76897956071484797 -0.040722066059300441 0.92861207288802683 -0.14119511622386141 -0.132225399904673 -0.25458757360364781
decision_type=2 2 2 2 2 2 2 2 2 2 2 2 2 2 2 2 2 2 2 2 2 2 2 2 2 2 2 2 2 2
left_child=3 2 4 7 -2 16 -7 14 9 20 -4 -12 13 -5 15 -1 -6 28 -14 27 22 -22 -3 24 -13 -10 -11 -20 -18 -30
right_child=1 8 10 12 5 6 -8 -9 25 26 11 23 18 -15 -16 -17 17 -19 19 -21 21 -23 -24 -25 -26 -27 -28 -29 29 -31
leaf_value=0.0064928114604916268 0.10971478947975298 -0.11451129904115578 -0.10880313222795124 -0.10971486096457291 -0.10971491858928102 -0.10971475307455221 0.10971496025388666 0.1097148943573194 0.1134118011600883 0.10991769993500511 0.0073940755794372889 0.11419126866880014 -0.10971490556308304 0.10971507806901225 0.079109204696404645 -0.21307873008927614 -0.10985236187087295 0.13674219118692707 -0.10970644916357737 -0.0057303173718207239 -0.10966049774256473 -0.078697543193641695 -0.14547014694601668 0.12104986012529136 0.10971846516141369 0.10971505741896979 0.11384258110407955 -0.11341505455096566 -0.1129690224597919 -0.10969340367003418
leaf_weight=3.2399819791316986 20.176573276519775 2.4322311654686919 1.5802568495273579 17.916732072830204 913.19029548764229 65.694911286234856 16.948292315006256 64.807095088064671 2.6864440441131583 49.056245125830173 6.777026802301406 2.1366347000002852 1815.6471481323242 5.0844695568084708 2.388098143041133 2.1691758334636688 35.653688281774521 2.5914367437362662 18.871348090469844 2.9272887855768195 7.2981675863265982 1.5941811501979817 2.2184500992298126 1.6659719347953785 300.53566283732653 2421.3442375585437 2.1637294739484778 1.5600686445832241 1.9962128102779386 2.2556453198194495
leaf_count=28 250 25 8 222 11315 814 210 803 27 601 28 20 22497 63 13 19 438 30 234 14 91 19 19 12 3723 30002 21 16 20 28
internal_value=-9.64488e-07 0.0507803 -0.0540126 -0.101321 -0.101426 -0.105529 -0.0647146 0.0944579 0.108516 0.0634847 0.106487 0.107581 -0.108955 -0.0612094 -0.0323509 -0.0815596 -0.109059 -0.0949532 -0.109552 -0.096924 -0.112753 -0.10411 -0.129279 0.109812 0.10975 0.109719 0.110084 -0.10999 -0.109999 -0.111231
internal_weight=5794.61 3860 1371.2 1934.61 1058.51 1038.33 82.6432 72.6044 2488.79 64.763 312.696 311.115 1862.01 23.0012 7.79726 5.40916 955.687 42.497 1839.01 23.3587 13.543 8.89235 4.65068 304.338 302.672 2424.03 51.22 20.4314 39.9055 4.25186
internal_count=71610 47701 16896 23909 13105 12855 1024 863 30805 776 3791 3783 23046 285 60 47 11831 516 22761 264 154 110 44 3755 3743 30029 622 250 486 48
is_linear=0
shrinkage=0.1


Tree=18
num_leaves=31
num_cat=0
split_feature=6 2 7 6 0 2 5 0 2 5 4 6 6 10 5 4 2 5 6 3 6 2 2 1 6 3 4 2 4 2
split_gain=2670.59 2092.57 934.379 259.136 82.1654 13.401 58.1289 12.9947 12.1793 47.5221 7.44803 6.89749 4.75421 17.0884 3.84781 0.86605 0.801208 13.2461 0.405943 2.72073 0.208279 0.215722 0.0358407 0.00266448 0.00229457 0.00143963 0.00116269 0.00112302 0.000528474 0.000809482
threshold=-1.0000000180025095e-35 -0.2493404664302051 -0.13196477391331088 -5.5042769661380531 -1.1748918743664054 -0.25329000933969864 0.29237903068564236 0.4501927802334818 -0.24687188557739606 0.19671919437603844 0.74601537681500296 0.85135922873184977 -1.3667817907455606 -1.0000000180025095e-35 0.15091025867848165 -0.0089785407072667609 -0.25573480483701444 0.34088260965952605 -0.66839709116297985 -0.13426585142506708 0.90997623478488121 -0.24770721436376006 -0.24989485034295875 -0.040722066059300441 0.92861207288802683 -0.14119511622386141 0.77939399529201536 -0.25038354210803671 0.66937770025363152 -0.24732377247602697
decision_type=2 2 2 2 2 2 2 2 2 2 2 2 2 2 2 2 2 2 2 2 2 2 2 2 2 2 2 2 2 2
left_child=3 2 4 7 -2 16 -7 14 9 20 -4 -12 13 -5 15 -1 -6 -18 -14 25 21 -3 26 -10 28 -20 -13 -28 29 -11
right_child=1 8 10 12 5 6 -8 -9 23 24 11 22 18 -15 -16 -17 17 -19 19 -21 -22 -23 -24 -25 -26 -27 27 -29 -30 -31
leaf_value=-0.14978169504494612 0.1087054900291089 -0.10850763900342282 -0.11228232270345245 -0.10870539234466928 -0.10870540273786847 -0.10870522502753766 0.10870541042026749 0.108705349669177 0.11199811224958074 0.11074377093022181 0.006663117858868299 0.11109985511561332 -0.1087053859731688 0.10870657561165607 0.040926864008133321 -0.054453255126138383 -0.10895861561124925 0.13422152714770486 -0.10869794283092776 -0.0051539858824715696 -0.078608104615176602 -0.14335255919411352 0.12241646776264992 0.10870544739818602 0.11236356546668586 -0.1120015154124232 0.10870775058695464 0.11116464716785575 0.10872854799399106 0.10870362548740869
leaf_weight=1.8590653762221336 18.417325019836426 8.4836833328008634 1.565899223089217 16.354565829038624 833.56917005777359 59.96687825769186 15.470574013888834 59.156548179686069 2.4603743627667418 3.57012028247118 6.7679597437381736 2.0763802081346503 1657.3403129577637 4.6411559879779807 3.8357949703931808 1.9554113894700995 36.435223892331123 2.3866361677646628 17.225816242396839 2.9207093194127074 1.7509418129920948 2.2473613619804373 1.9302320182323445 2210.2264526933432 1.9822702407836903 1.4285095334053028 272.0274882465601 1.873237058520316 36.94445476680994 4.2720957547426215
leaf_count=22 250 118 10 222 11315 814 210 803 27 42 28 24 22497 63 18 20 486 30 234 14 23 13 14 30002 21 16 3692 23 501 58
internal_value=-6.82694e-07 0.0502994 -0.0534792 -0.100344 -0.10049 -0.104555 -0.0641191 0.0928451 0.107511 0.062768 0.105212 0.106408 -0.107937 -0.0606459 -0.0297957 -0.100914 -0.108051 -0.0940087 -0.108528 -0.0948995 -0.110587 -0.115805 0.108837 0.108709 0.109034 -0.108951 0.108742 0.108725 0.108887 0.109632
internal_weight=5291.14 3524.42 1252.49 1766.72 966.246 947.828 75.4375 66.8068 2271.94 59.2509 286.241 284.675 1699.91 20.9957 7.65027 3.81448 872.391 38.8219 1678.92 21.575 12.482 10.731 277.907 2212.69 46.7689 18.6543 275.977 273.901 44.7867 7.84222
internal_count=71610 47701 16896 23909 13105 12855 1024 863 30805 776 3791 3781 23046 285 60 42 11831 516 22761 264 154 131 3753 30029 622 250 3739 3715 601 100
is_linear=0
shrinkage=0.1


Tree=19
num_leaves=31
num_cat=0
split_feature=6 2 7 6 0 2 5 0 2 5 6 4 6 11 11 1 2 5 6 3 6 2 2 1 6 3 4 2 7 2
split_gain=2394.62 1876.86 837.472 232.457 73.6997 12.0184 52.1415 11.9667 11.0211 42.4952 6.6653 6.79217 4.26127 15.328 3.5766 5.56266 0.726353 11.8539 0.436654 2.65872 0.224244 0.155386 0.0258252 0.00195691 0.00165514 0.0010482 0.000839142 0.000840348 0.00038551 0.000602845
threshold=1.0000000180025095e-35 -0.2493404664302051 -0.13196477391331088 -5.5042769661380531 -0.53765899171348541 -0.25329000933969864 0.29237903068564236 0.4501927802334818 -0.24687188557739606 0.19671919437603844 0.85135922873184977 0.74601537681500296 -1.3667817907455606 1.4937121905250108 -0.079767997342568883 -1.0407371973407937 -0.25573480483701444 0.34088260965952605 -0.66839709116297985 -0.13426585142506708 0.90997623478488121 -0.24770721436376006 -0.24989485034295875 -0.040722066059300441 0.92861207288802683 -0.14119511622386141 0.77939399529201536 -0.25038354210803671 -0.132225399904673 -0.25458757360364781
decision_type=2 2 2 2 2 2 2 2 2 2 2 2 2 2 2 2 2 2 2 2 2 2 2 2 2 2 2 2 2 2
left_child=3 2 4 7 -2 16 -7 14 9 20 -4 -12 13 -5 15 -1 -6 28 -14 25 21 -3 26 -10 -11 -20 -13 -28 -18 -30
right_child=1 8 10 12 5 6 -8 -9 23 24 11 22 18 -15 -16 -17 17 -19 19 -21 -22 -23 -24 -25 -26 -27 27 -29 29 -31
leaf_value=0.0077902676021070032 0.10780873299803846 -0.10763337613981472 0.0060039893869944135 -0.10780827138585398 -0.10780869503391206 -0.10780892958537898 0.10780865969199725 0.10780870939723007 0.1107599486976385 0.10797066181621129 -0.096092730659783077 0.1099368800984773 -0.10780872016448551 0.10780867661246096 0.075382967785190602 -0.20744346262988486 -0.10791731286005651 0.13175883762575372 -0.10780204899451183 -0.0046768918851888448 -0.074522743127052135 -0.13828083549626422 0.11992657088561016 0.10780880233649325 0.11105792943527458 -0.11075004519362824 0.10781080715912084 0.11003428709199625 -0.11039921016399466 -0.10778928910500729
leaf_weight=3.1271867454051971 16.796222060918808 7.7355137914419165 6.7592603191733351 14.915129810571672 760.19692987203598 54.688406936824322 14.108826749026774 53.949472963809967 2.2494373247027388 40.850887931883335 1.642364315688609 1.8976323157548893 1511.4582252502441 4.2326305806636801 2.303625375032424 1.9492437243461607 29.683695763349533 2.1978356242179862 15.709465816617016 2.9155659265816203 1.6667274683713902 2.1043740436434737 1.7809040397405613 2015.679427780211 1.8136366456747044 1.3064258843660361 248.08364248275757 1.7115059196948994 1.6744081676006317 1.8772377818822852
leaf_count=28 250 118 28 222 11315 814 210 803 27 601 10 24 22497 63 13 19 438 30 234 14 23 13 14 30002 21 16 3692 23 20 28
internal_value=-4.28231e-07 0.0498694 -0.0529976 -0.0994759 -0.0996579 -0.103689 -0.0635904 0.0914711 0.106617 0.0621053 0.104017 0.106613 -0.107029 -0.0601459 -0.0279594 -0.074855 -0.107156 -0.0931613 -0.107615 -0.0929102 -0.108442 -0.114188 0.107927 0.107812 0.108102 -0.108028 0.107842 0.107826 -0.108035 -0.10902
internal_weight=4827.07 3215.2 1143.1 1611.87 881.224 864.427 68.7972 61.3295 2072.1 54.1711 261.875 255.116 1550.54 19.1478 7.38006 5.07643 795.63 35.4332 1531.39 19.9315 11.5066 9.83989 253.474 2017.93 42.6645 17.0159 251.693 249.795 33.2353 3.55165
internal_count=71610 47701 16896 23909 13105 12855 1024 863 30805 776 3791 3763 23046 285 60 47 11831 516 22761 264 154 131 3753 30029 622 250 3739 3715 486 48
is_linear=0
shrinkage=0.1


Tree=20
num_leaves=31
num_cat=0
split_feature=6 2 7 6 0 0 2 5 2 5 6 5 6 11 5 1 2 5 6 3 5 2 2 4 2 5 4 3 6 7
split_gain=2148.88 1684.89 751.238 208.755 66.1655 11.1328 10.7884 46.8125 10.0264 35.1471 6.60151 6.38883 3.82252 13.7616 3.34142 1.52533 0.659235 10.6169 0.469219 2.59851 0.264879 0.131907 0.00750503 0.00603674 0.00136421 0.00106116 0.00115561 0.000764711 0.000421076 0.000279233
threshold=-1.0000000180025095e-35 -0.2493404664302051 -0.13196477391331088 -5.5042769661380531 -1.119729653960855 0.4501927802334818 -0.25329000933969864 0.29237903068564236 -0.24732377247602697 0.20076115929052876 0.85135922873184977 0.23579152188277805 -1.3667817907455606 -1.0000000180025095e-35 0.15091025867848165 -0.053069103232265026 -0.25573480483701444 0.34088260965952605 -0.66839709116297985 -0.13426585142506708 -0.071397811618485116 -0.24770721436376006 -0.24989485034295875 0.7579978916165323 -0.24770721436376006 0.21962366222481686 0.66937770025363152 -0.14119511622386141 0.93470472870977173 -0.132225399904673
decision_type=2 2 2 2 2 2 2 2 2 2 2 2 2 2 2 2 2 2 2 2 2 2 2 2 2 2 2 2 2 2
left_child=3 2 4 5 -2 14 16 -8 9 21 -4 -12 13 -5 20 -10 -6 29 -14 27 -1 -3 23 -13 -11 -26 -27 -20 -17 -18
right_child=1 8 10 12 6 -7 7 -9 15 24 11 22 18 -15 -16 28 17 -19 19 -21 -22 -23 -24 -25 25 26 -28 -29 -30 -31
leaf_value=-0.067967924821944178 0.10701065694833392 -0.10690495290623658 0.0054124556701710428 -0.10701063230395347 -0.10701064709206243 0.10701060760899689 -0.10701069228987697 0.10701062543143453 0.023989048884748329 0.10700174405374273 -0.093692518490678889 0.11303870730260622 -0.10701065067377039 0.10701294741017334 0.039495274840901456 0.10701029716607442 -0.10710785702914816 0.12937195333630436 -0.10700474053574467 -0.0041935492057836197 -0.12315371153517132 -0.13983899031114252 0.11470224772744225 0.10701250980805027 0.11103034822803662 0.11025175656943093 0.10695151525034333 -0.10963944967059083 0.10844998194599849 -0.10809024483575674
leaf_weight=1.6919467300176623 15.305394262075422 8.0510972738265973 6.7511178441345683 13.591163516044618 692.72217002511024 49.160953521728516 49.834314979612827 12.856533616781233 2.2155974246561518 25.500637650489807 1.5955795571207989 1.6745264083147038 1377.3017253875732 3.8568650484085074 3.7742361277341843 1842.6099414117634 27.051523480564356 2.0235132277011862 14.315011378377676 2.9078037403523913 1.7897985875606526 1.4325095787644375 1.2910294421017159 228.14310263097286 1.4312965236604238 1.5180615372955797 3.5241031721234322 1.1934637203812606 2.0337846577167502 3.2398784644901779
leaf_count=22 250 134 28 222 11315 803 814 210 23 417 8 17 22497 63 18 30098 438 30 234 14 20 10 12 3726 16 18 58 16 31 48
internal_value=-9.08219e-08 0.0494839 -0.0525618 -0.0986865 -0.098917 0.0899444 -0.102918 -0.0631196 0.105821 0.0571856 0.102894 0.105722 -0.106217 -0.059701 -0.0256828 0.106912 -0.106359 -0.0923983 -0.106799 -0.0909423 -0.0963363 -0.11188 0.107099 0.107056 0.107331 0.108627 0.107945 -0.107207 0.107012 -0.107213
internal_weight=4400.39 2930.81 1042.49 1469.58 803.033 56.4169 787.728 62.6908 1888.32 41.4577 239.455 232.704 1413.17 17.448 7.25598 1846.86 725.037 32.3149 1395.72 18.4163 3.48175 9.48361 231.109 229.818 31.9741 6.47346 5.04216 15.5085 1844.64 30.2914
internal_count=71610 47701 16896 23909 13105 863 12855 1024 30805 653 3791 3763 23046 285 60 30152 11831 516 22761 264 42 144 3755 3743 509 92 76 250 30129 486
is_linear=0
shrinkage=0.1


Tree=21
num_leaves=31
num_cat=0
split_feature=6 2 9 6 0 0 2 5 2 5 5 8 6 8 11 11 10 4 6 2 5 6 3 6 2 9 2 4 1 6
split_gain=1929.93 1513.67 674.462 187.592 60.3545 10.2952 10.2191 43.0095 9.17082 34.4323 6.59283 14.322 3.43147 12.3649 2.92582 4.33801 1.34395 10.6664 1.3482 0.603227 9.51647 0.504781 2.53945 0.220761 0.0832857 0.0702512 0.0112179 0.00395175 0.00180349 0.00086329
threshold=1.0000000180025095e-35 -0.2493404664302051 -0.13846733374056872 -5.5042769661380531 -0.53765899171348541 0.4501927802334818 -0.25329000933969864 0.29237903068564236 -0.24687188557739606 0.19671919437603844 0.25465402481706617 -0.11375158244224122 -1.3667817907455606 2.0874645925415063 -0.079767997342568883 -0.089596093012006203 -0.11210374206191225 1.0300552048052254 0.85135922873184977 -0.25573480483701444 0.34088260965952605 -0.66839709116297985 -0.13426585142506708 0.90997623478488121 -0.24770721436376006 -0.138521458831036 -0.25017994184112941 0.7579978916165323 -0.040722066059300441 0.92861207288802683
decision_type=2 2 2 2 2 2 2 2 2 2 2 2 2 2 2 2 2 2 2 2 2 2 2 2 2 2 2 2 2 2
left_child=3 2 4 5 -2 14 19 -8 9 23 11 -4 13 -5 15 -1 17 27 -18 25 -21 -14 -23 24 -3 -6 -13 -12 -10 -11
right_child=1 8 10 12 6 -7 7 -9 28 29 16 26 21 -15 -16 -17 18 -19 -20 20 -22 22 -24 -25 -26 -27 -28 -29 -30 -31
leaf_value=0.043380699695485858 0.10629903611287889 -0.10616033731462676 -0.21421282769203667 -0.10629903044670455 -0.10629918322722838 0.1062990383857295 -0.10629922398460845 0.10629878259332398 0.10932940319764498 0.1064287059635719 0.11165695909783957 0.10652758961771258 -0.10629918477859338 0.10629915798925862 0.070463213495894142 -0.14967835173255392 0.16795539446274396 -0.14337872501673371 0.10630052020081054 -0.10648033217220472 0.1270781767352602 -0.10647574067729459 -0.0037973518701948463 -0.069308822831006256 -0.12988284492959451 -0.12705713123764717 0.11730433244166608 0.10629174573376732 0.10629919075546726 0.10887021533012094
leaf_weight=2.0124393999576569 14.159838676452635 6.4163747057318679 2.0673373937606812 12.3759428858757 629.3879055455327 44.765201590955257 45.378334384411573 12.040751237422226 1.9664228036999691 33.905740935355425 1.5329654365777994 1.9400017112493517 1254.1489334106445 3.5120633244514456 2.2304291762411586 2.7602766193449497 3.6134518198668948 1.927193522453307 191.90162496641278 27.587725430727009 1.8623207509517659 14.124154686927797 2.903921488672494 1.446139708161353 1.9236544258892525 1.6346004530787457 1.923720497637986 13.1416491381824 1672.5311373397708 1.5128583461046208
leaf_count=19 254 118 10 222 11290 803 814 216 27 601 17 34 22497 63 13 28 15 8 3442 486 30 250 14 23 13 26 18 236 30002 21
internal_value=2.41907e-08 0.0491356 -0.0521664 -0.0979826 -0.0981496 0.0886605 -0.102182 -0.0617175 0.105103 0.0606574 0.102213 -0.00177468 -0.10549 -0.0593039 -0.0240877 -0.068274 0.105121 0.0778046 0.10744 -0.1057 -0.0917109 -0.106067 -0.0889652 -0.105378 -0.111632 -0.106353 0.111893 0.106852 0.106303 0.106533
internal_weight=4008.64 2669.8 950.099 1338.83 732.051 51.7683 717.892 57.4191 1719.7 45.2048 218.048 5.93106 1287.07 15.888 7.00315 4.77272 212.117 16.6018 195.515 660.473 29.45 1271.18 17.0281 9.78617 8.34003 631.023 3.86372 14.6746 1674.5 35.4186
internal_count=71610 47701 16896 23909 13116 863 12862 1030 30805 776 3780 62 23046 285 60 47 3718 261 3457 11832 516 22761 264 154 131 11316 52 253 30029 622
is_linear=0
shrinkage=0.1


Tree=22
num_leaves=31
num_cat=0
split_feature=6 2 9 6 0 0 2 5 2 5 5 7 6 11 5 6 2 5 6 3 4 5 9 2 2 4 1 6 3 4
split_gain=1734.46 1360.86 605.996 168.716 54.2662 9.58786 9.18679 38.6722 8.32232 30.8617 6.11623 11.7762 3.08233 11.118 2.84093 1.36686 0.548174 8.53656 0.542443 2.47984 0.243811 0.226965 0.0615312 0.0500384 0.00819353 0.00316797 0.00134187 0.000627225 0.000447453 0.000152595
threshold=1.0000000180025095e-35 -0.2493404664302051 -0.13846733374056872 -5.5042769661380531 -0.53765899171348541 0.4501927802334818 -0.25329000933969864 0.29237903068564236 -0.24687188557739606 0.19671919437603844 0.25465402481706617 -0.13146893356858164 -1.3667817907455606 -1.0000000180025095e-35 0.15091025867848165 0.85135922873184977 -0.25573480483701444 0.34088260965952605 -0.66839709116297985 -0.13426585142506708 0.65657100270614566 -0.071397811618485116 -0.138521458831036 -0.24770721436376006 -0.25017994184112941 0.7579978916165323 -0.040722066059300441 0.92861207288802683 -0.14074302483465248 0.66937770025363152
decision_type=2 2 2 2 2 2 2 2 2 2 2 2 2 2 2 2 2 2 2 2 2 2 2 2 2 2 2 2 2 2
left_child=3 2 4 5 -2 14 16 -8 9 20 11 -4 13 -5 21 -12 22 -18 -14 28 23 -1 -6 -3 -13 -17 -10 29 -20 -11
right_child=1 8 10 12 6 -7 7 -9 26 27 15 24 18 -15 -16 25 17 -19 19 -21 -22 -23 -24 -25 -26 -27 -28 -29 -30 -31
leaf_value=-0.065869764405889639 0.10566408946391877 -0.10553099631984525 -0.18722244392520759 -0.10566393346914585 -0.10566394317396066 0.10566390801393338 -0.10566390166054901 0.10566355961218532 0.10840021432100631 0.10626207506836632 0.054885477282568457 0.10586887983222149 -0.10566391930474524 0.10566367420889729 0.037205992642575951 0.11043657558983824 -0.10582651618486268 0.12489220591082231 -0.10565669700415975 -0.0034424372040611352 -0.064660858742796576 -0.11960697735406474 -0.12600636797899098 -0.12377431131358876 0.11550094430033023 0.10566458378836251 0.10566393008540186 0.10795955902958657 -0.1079147459373286 0.10567770929096054
leaf_weight=1.6068315580487254 12.885424077510832 5.5798786990344516 2.1251399964094162 11.262056730687616 572.74257147684693 40.736325833946466 41.29426297172904 10.957072045654057 1.7943188771605481 5.4209010712802437 5.4468890912830821 1.7657499983906748 1141.2747783660889 3.1959968581795684 3.6884455978870392 1.4016250669956196 25.108750410377983 1.7130916118621815 11.907464761286972 2.8994858823716632 1.3719459325075147 1.5385540612041939 1.4907984696328629 2.0579887107014647 1.7668335996568192 186.58943381160498 1522.0013069882989 1.3798468410968769 0.9473893828690042 25.436725214123726
leaf_count=22 254 113 10 222 11290 803 814 216 27 100 23 34 22497 63 18 17 486 30 235 14 23 20 26 18 18 3678 30002 21 15 501
internal_value=8.07624e-07 0.0488269 -0.05181 -0.0973395 -0.0975595 0.0872759 -0.101568 -0.0613487 0.104467 0.0601448 0.101272 -0.00121338 -0.104836 -0.0589493 -0.0223346 0.104269 -0.105064 -0.0910907 -0.10541 -0.0869806 -0.103475 -0.0921551 -0.105717 -0.110447 0.110686 0.1057 0.105667 0.105874 -0.105823 0.10578
internal_weight=3649.39 2430.33 865.288 1219.06 666.192 47.5702 653.307 52.2513 1565.04 41.2473 199.096 5.65772 1171.49 14.4581 6.83383 193.438 601.055 26.8218 1157.03 15.7543 9.00981 3.14539 574.233 7.63787 3.53258 187.991 1523.8 32.2375 12.8549 30.8576
internal_count=71610 47701 16896 23909 13116 863 12862 1030 30805 776 3780 62 23046 285 60 3718 11832 516 22761 264 154 42 11316 131 52 3695 30029 622 250 601
is_linear=0
shrinkage=0.1


Tree=23
num_leaves=31
num_cat=0
split_feature=6 2 9 6 0 0 2 5 2 5 5 8 6 11 5 6 4 6 1 3 2 5 4 3 9 2 2 4 1 6
split_gain=1559.75 1224.28 544.75 151.83 48.8228 8.90572 8.26387 34.7945 7.56018 27.6823 5.66116 9.85498 2.77024 10.0033 2.43455 1.58165 0.881922 0.582702 2.48626 7.1289 0.498335 7.66302 0.324649 0.180076 0.0532133 0.0372614 0.00601385 0.00230268 0.000991619 0.000456676
threshold=-1.0000000180025095e-35 -0.2493404664302051 -0.13846733374056872 -5.5042769661380531 -1.6000998702542735 0.4501927802334818 -0.25329000933969864 0.29237903068564236 -0.24687188557739606 0.19671919437603844 0.25465402481706617 -0.11375158244224122 -1.3667817907455606 -1.0000000180025095e-35 0.15091025867848165 0.85135922873184977 -0.0089785407072667609 -0.66839709116297985 -0.30233370365839946 -0.13426585142506708 -0.25573480483701444 0.34088260965952605 0.66219611224868558 -0.13426585142506708 -0.138521458831036 -0.24770721436376006 -0.25017994184112941 0.7579978916165323 -0.040722066059300441 0.92861207288802683
decision_type=2 2 2 2 2 2 2 2 2 2 2 2 2 2 2 2 2 2 2 2 2 2 2 2 2 2 2 2 2 2
left_child=3 2 4 5 -2 14 20 -8 9 22 11 -4 13 -5 16 -12 -1 -14 23 -20 24 -22 25 -19 -6 -3 -13 -17 -10 -11
right_child=1 8 10 12 6 -7 7 -9 28 29 15 26 17 -15 -16 27 -18 18 19 -21 21 -23 -24 -25 -26 -27 -28 -29 -30 -31
leaf_value=-0.14440104291440253 0.1050960030809851 -0.10499664987187783 -0.16708109795266959 -0.10509599688716575 -0.10509603067055878 0.10509608105964728 -0.10509608258958779 0.10509566881027502 0.10755974211661945 0.10520057514303743 0.050055798262453835 0.10528004697133 -0.10509599835943169 0.10509662279521187 0.034009851583705966 0.10935372903249514 -0.035454082209308721 -0.10528663017716072 -0.10509495148701974 0.18132922212515945 -0.10524200873292924 0.1228251430516185 -0.050456550784611469 -0.14125373321119969 -0.12490095274356919 -0.12131768302231993 0.11391580096763845 0.10509659481029905 0.10509573468406606 0.10714847512677612
leaf_weight=1.4345066472887995 11.719014644622801 5.3171536922454825 2.1419521272182465 10.242587834596632 520.89647507295012 37.048706889152527 37.556227933615446 9.9652083031833154 1.6352099664509285 28.067145172506574 5.3788658007979384 1.6061962693929674 1037.9636840820312 2.9067203700542441 3.6345062553882599 1.2801583819091309 1.5414083972573269 8.7866736724972707 2.9061407446861267 1.2396297454833973 22.839075185358528 1.5748281478881825 1.0780402868986128 1.654065541923045 1.360211495310067 1.8981997780501831 1.6194721199572075 169.69895563274622 1384.2293831072748 1.2575045824050892
leaf_count=22 254 118 10 222 11290 803 814 216 27 601 23 34 22497 63 18 17 20 187 63 6 486 30 18 8 26 18 18 3678 30002 21
internal_value=1.08937e-06 0.0485475 -0.0514865 -0.0967593 -0.0970313 0.0860184 -0.101018 -0.061019 0.103898 0.0596644 0.10037 -0.000800323 -0.104247 -0.0586319 -0.020904 0.103449 -0.0879707 -0.104817 -0.084969 -0.0194511 -0.104495 -0.0905305 -0.101643 -0.110985 -0.105148 -0.10929 0.109616 0.105128 0.105099 0.105284
internal_weight=3320.48 2211.12 787.637 1109.36 605.911 43.6591 594.192 47.5214 1423.48 37.618 181.726 5.36762 1065.7 13.1493 6.61042 176.358 2.97592 1052.55 14.5865 4.14577 546.671 24.4139 8.29339 10.4407 522.257 7.21535 3.22567 170.979 1385.86 29.3246
internal_count=71610 47701 16896 23909 13116 863 12862 1030 30805 776 3780 62 23046 285 60 3718 42 22761 264 69 11832 516 154 195 11316 136 52 3695 30029 622
is_linear=0
shrinkage=0.1


Tree=24
num_leaves=31
num_cat=0
split_feature=6 2 9 6 0 0 2 5 2 5 5 6 6 9 11 11 6 9 3 2 5 10 3 9 2 5 4 1 6 5
split_gain=1403.4 1102.04 489.948 136.724 43.9504 8.29997 7.43788 31.3233 6.87339 24.8444 6.84889 5.4794 2.49095 9.00521 2.48249 3.86552 0.615899 2.36189 8.13268 0.45312 6.88352 0.375511 0.154204 0.0454793 0.021193 0.0109884 0.00166223 0.000739709 0.000333078 0.000239922
threshold=1.0000000180025095e-35 -0.2493404664302051 -0.13846733374056872 -5.5042769661380531 -1.628669355079096 0.4501927802334818 -0.25329000933969864 0.29237903068564236 -0.24687188557739606 0.19671919437603844 0.23040223533012433 0.85135922873184977 -1.3667817907455606 0.71351341403748003 -0.079767997342568883 -0.089596093012006203 -0.66839709116297985 -0.13726673027680064 -0.13426585142506708 -0.25573480483701444 0.34088260965952605 -0.11249014833474007 -0.13426585142506708 -0.138521458831036 -0.24770721436376006 0.24387545171175867 0.7579978916165323 -0.040722066059300441 0.92861207288802683 0.25465402481706617
decision_type=2 2 2 2 2 2 2 2 2 2 2 2 2 2 2 2 2 2 2 2 2 2 2 2 2 2 2 2 2 2
left_child=3 2 4 5 -2 14 19 -8 9 21 -4 -12 13 -5 15 -1 -14 22 -19 23 -21 24 -18 -6 -3 -13 -27 -10 -11 -28
right_child=1 8 10 12 6 -7 7 -9 27 28 11 25 16 -15 -16 -17 17 18 -20 20 -22 -23 -24 -25 -26 26 29 -29 -30 -31
leaf_value=0.045394709100492758 0.10458757906707622 -0.10464280169722545 -0.16683840421391302 -0.10458760543229595 -0.10458761293524843 0.10458760985684212 -0.10458759621702272 0.1045873535008533 0.10681741208417256 0.10468168096194437 0.0096236470307803929 0.11494688700804173 -0.1045876156278718 0.10458759855144613 0.068891163658449259 -0.14615723351006851 -0.10477201739253268 -0.10457934123814844 0.21168009484753789 -0.10471886478467073 0.12088409848296199 -0.037183434695460323 -0.13752034897661466 -0.12375080688990517 -0.11788718564908683 0.10838889176015838 0.10566856050722113 0.10458753047624243 0.10642497159393514 0.10458817671186529
leaf_weight=1.8570241183042524 10.652717113494871 5.2100823260843754 0.95982149988412757 9.3106555938720685 473.50079554691911 33.677720781415701 34.138996981084347 9.0584813654422742 1.4893991202116001 25.515661943703893 6.3028100579977027 1.0393191874027241 943.5207986831665 2.6421918869018546 2.1248260661959639 2.4347407482564449 7.5737390220165244 3.0564413368701935 1.1078173704445351 20.763621918857101 1.4466788768768299 0.84938646480440994 1.7748079411685456 1.241696249693631 1.5729177854955194 1.1681254729628552 2.0832459926605216 1258.2785477787256 1.145177274942397 154.25831545889378
leaf_count=19 254 124 4 222 11290 803 814 216 27 601 27 10 22497 63 13 28 177 73 5 486 30 13 9 26 17 17 44 30002 21 3678
internal_value=7.58137e-07 0.0482952 -0.0511908 -0.0962298 -0.096558 0.0847277 -0.100525 -0.0607238 0.103388 0.0592155 0.0995125 0.101063 -0.103717 -0.0583492 -0.0195079 -0.0632737 -0.104284 -0.0830861 -0.0204449 -0.103985 -0.0900241 -0.0998649 -0.110989 -0.104638 -0.107714 0.104698 0.104631 0.10459 0.104757 0.104603
internal_weight=3019.76 2010.68 716.615 1009.08 550.803 40.0943 540.15 43.1975 1294.06 34.2932 165.812 164.852 968.986 11.9528 6.41659 4.29176 957.034 13.5128 4.16426 496.953 22.2103 7.63239 9.34855 474.742 6.783 158.549 157.51 1259.77 26.6608 156.342
internal_count=71610 47701 16896 23909 13116 863 12862 1030 30805 776 3780 3776 23046 285 60 47 22761 264 78 11832 516 154 186 11316 141 3749 3739 30029 622 3722
is_linear=0
shrinkage=0.1


Tree=25
num_leaves=31
num_cat=0
split_feature=6 2 9 6 0 0 2 5 2 5 5 6 6 8 5 4 1 6 3 2 5 9 2 5 6 4 2 5 4 3
split_gain=1263.29 992.51 440.831 123.21 39.5843 7.76939 6.69779 28.2127 6.26769 21.0225 6.04664 5.50256 2.24123 8.111 2.08341 0.849003 0.775357 0.637331 2.22349 0.412043 6.18723 0.0383889 0.0282181 0.0079875 0.00256386 0.00121291 0.000290118 0.000214341 0.000247142 0.000181427
threshold=-1.0000000180025095e-35 -0.2493404664302051 -0.13846733374056872 -5.5042769661380531 -0.65028734159414314 0.4501927802334818 -0.25329000933969864 0.29237903068564236 -0.24732377247602697 0.20076115929052876 0.23040223533012433 0.85135922873184977 -1.3667817907455606 -1.0000000180025095e-35 0.15091025867848165 -0.0089785407072667609 -0.040722066059300441 -0.66839709116297985 -0.13426585142506708 -0.25573480483701444 0.34088260965952605 -0.138521458831036 -0.24770721436376006 0.24387545171175867 0.93768022186334987 0.7579978916165323 -0.24770721436376006 0.21962366222481686 0.66937770025363152 -0.14074302483465248
decision_type=2 2 2 2 2 2 2 2 2 2 2 2 2 2 2 2 2 2 2 2 2 2 2 2 2 2 2 2 2 2
left_child=3 2 4 5 -2 14 19 -8 9 22 -4 -12 13 -5 15 -1 -10 -14 29 21 -21 -6 -3 -13 -18 -25 -11 -28 -29 -19
right_child=1 8 10 12 6 -7 7 -9 16 26 11 23 17 -15 -16 -17 24 18 -20 20 -22 -23 -24 25 -26 -27 27 28 -30 -31
leaf_value=-0.14244627052435771 0.10413204990111175 -0.10418671952909471 -0.156521923170549 -0.10413204462787429 -0.10413204715863474 0.10413215443664288 -0.10413199471502405 0.10413176929517587 0.04096499303213795 0.10412492102521176 0.0086802579638054125 0.11335661517469518 -0.10413205086698213 0.10413186731997991 0.032435705803078613 -0.030624999980406877 0.10413205929173107 -0.10412570965966393 -0.003567686713756612 -0.10425010071907144 0.11907244354272369 -0.12255609983091437 -0.12235080477545016 0.10753300637895975 0.10975241891547578 0.1041455452379812 0.10642635629543487 0.10601718599760362 0.10409563605344599 -0.10577830383102714
leaf_weight=1.2961411923170092 9.6789850145578367 5.1202766299247742 0.92284687235951324 8.4595801234245283 430.21999716386199 30.599355608224869 31.018519412726164 8.2304813079535943 1.946262128651141 15.86489707231522 6.2900006696581832 0.95291192084550758 857.27722454071045 2.4007056355476371 3.5473619699478149 1.4259938448667515 1147.0329200103879 8.9419522769749147 2.8379751853644839 18.867870531976227 1.3279103338718403 1.1339085735380638 1.0267734937369848 1.0649322532117356 0.81221866607665916 142.05285897105932 0.90750593692064008 0.96361737325787578 2.1917206346988678 0.7176225483417501
leaf_count=22 254 134 4 222 11290 803 814 216 35 417 27 10 22497 63 18 20 30101 235 14 486 30 26 10 17 16 3722 16 18 58 15
internal_value=3.0207e-07 0.0480655 -0.050917 -0.0957434 -0.0961333 0.0833532 -0.100083 -0.0604593 0.10293 0.0544484 0.0986681 0.100234 -0.103241 -0.0580946 -0.0180621 -0.0838686 0.104029 -0.103805 -0.0813856 -0.103527 -0.0895662 -0.10418 -0.107221 0.104232 0.104136 0.104171 0.104318 0.105072 0.104682 -0.104248
internal_weight=2745.13 1827.63 651.761 917.504 500.478 36.8689 490.799 39.249 1175.87 26.0748 151.284 150.361 880.635 10.8603 6.2695 2.72214 1149.79 869.775 12.4976 451.55 20.1958 431.354 6.14705 144.071 1147.85 143.118 19.9277 4.06284 3.15534 9.65957
internal_count=71610 47701 16896 23909 13116 863 12862 1030 30805 653 3780 3776 23046 285 60 42 30152 22761 264 11832 516 11316 144 3749 30117 3739 509 92 76 250
is_linear=0
shrinkage=0.1


Tree=26
num_leaves=31
num_cat=0
split_feature=6 2 9 6 0 0 2 5 2 5 5 6 11 11 6 9 6 9 3 2 5 10 3 9 2 5 4 1 6 5
split_gain=1137.58 894.195 396.789 111.072 35.6682 7.26668 6.03405 25.4227 5.77559 20.3043 5.35877 5.51958 2.12696 3.36032 2.01659 7.30881 0.684143 2.32949 6.42165 0.374678 5.56467 0.36532 0.108192 0.0320087 0.0122962 0.00583419 0.000886475 0.000596498 0.000177176 0.000132096
threshold=-1.0000000180025095e-35 -0.2493404664302051 -0.13846733374056872 -5.5042769661380531 -1.4865460193438917 0.4501927802334818 -0.25329000933969864 0.29237903068564236 -0.24687188557739606 0.19671919437603844 0.23040223533012433 0.85135922873184977 -0.079767997342568883 -0.089596093012006203 -1.3667817907455606 0.71351341403748003 -0.66839709116297985 -0.13726673027680064 -0.13426585142506708 -0.25573480483701444 0.34088260965952605 -0.11249014833474007 -0.13426585142506708 -0.138521458831036 -0.24770721436376006 0.24387545171175867 0.7579978916165323 -0.040722066059300441 0.92861207288802683 0.25465402481706617
decision_type=2 2 2 2 2 2 2 2 2 2 2 2 2 2 2 2 2 2 2 2 2 2 2 2 2 2 2 2 2 2
left_child=3 2 4 5 -2 12 19 -8 9 21 -4 -12 13 -1 15 -5 -16 22 -19 23 -21 24 -18 -6 -3 -13 -27 -10 -11 -28
right_child=1 8 10 14 6 -7 7 -9 27 28 11 25 -14 -15 16 -17 17 18 -20 20 -22 -23 -24 -25 -26 26 29 -29 -30 -31
leaf_value=0.043758484803066197 0.10372348465610207 -0.10376840100495532 -0.14840070284589277 -0.10372313655675987 -0.10372342193450064 0.10372350127639203 -0.10372346615044509 0.10372319321734425 0.10586045661002963 0.10379945477636282 0.007826829492638146 0.11196307195507223 0.066393687947439509 -0.13960099277493174 -0.10372342736939698 0.10372341216930421 -0.10387319812319691 -0.10371675023967551 0.17927528756170838 -0.10382967391823367 0.11739043622574795 -0.033117522779880747 -0.13260707569599978 -0.12132513494236052 -0.11456681358832088 0.1067697768958378 0.10460511967700348 0.10372322147759011 0.10519730809645983 0.10372378891493261
leaf_weight=1.7877637445926664 8.7906452119350416 4.299742478877306 0.8781464509665956 7.6831953674554807 390.73456140980124 27.790948640555143 28.171644996851683 7.4750891588628283 1.3075277768075455 21.059001687914137 6.2782861217856398 0.87245450168847938 2.0421170219779006 2.266744788736105 778.59669208526611 2.1803462356328964 6.2517692036926746 2.5221481099724774 1.1756212972104529 17.137959636747841 1.2178814560174931 0.77210029587149875 1.6579090133309362 1.0358763672411431 1.3971599899232385 0.97012447193264861 1.7236630432307709 1038.3350905701518 0.94753524661064048 127.29313496127725
leaf_count=19 254 124 4 222 11290 803 814 216 27 601 27 10 13 28 22497 63 177 73 5 486 30 13 9 26 17 17 44 30002 21 3678
internal_value=1.46177e-07 0.0478534 -0.0506627 -0.0952924 -0.095752 0.0820344 -0.0996857 -0.0602221 0.102509 0.0580771 0.0978418 0.0994186 -0.0168333 -0.0587519 -0.102803 -0.0578669 -0.103364 -0.0792656 -0.0137459 -0.103116 -0.0891521 -0.0976682 -0.109896 -0.10377 -0.106417 0.103813 0.103758 0.103726 0.10386 0.103736
internal_weight=2494.65 1660.7 592.579 833.955 454.564 33.8876 445.773 35.6467 1068.12 28.4755 138.016 137.138 6.09663 4.05451 800.068 9.86354 790.204 11.6074 3.69777 410.126 18.3558 6.469 7.90968 391.77 5.6969 130.859 129.987 1039.64 22.0065 129.017
internal_count=71610 47701 16896 23909 13116 863 12862 1030 30805 776 3780 3776 60 47 23046 285 22761 264 78 11832 516 154 186 11316 141 3749 3739 30029 622 3722
is_linear=0
shrinkage=0.1


Tree=27
num_leaves=31
num_cat=0
split_feature=6 2 9 6 0 0 2 5 6 2 5 5 6 10 5 6 9 3 4 2 5 9 3 9 2 5 4 1 6 5
split_gain=1024.8 806.013 357.262 100.206 32.1526 6.82037 5.43836 22.9179 5.33786 5.25979 18.2503 4.95402 1.81587 6.58872 1.80342 0.696857 2.14692 5.32224 0.382924 0.340667 5.00749 0.189135 0.076407 0.0264138 0.0124325 0.00425968 0.000648367 0.000446845 0.000129782 9.76462e-05
threshold=1.0000000180025095e-35 -0.2493404664302051 -0.13846733374056872 -5.5042769661380531 -0.53765899171348541 0.4501927802334818 -0.25329000933969864 0.29237903068564236 0.85135922873184977 -0.24687188557739606 0.19671919437603844 0.23040223533012433 -1.3667817907455606 -1.0000000180025095e-35 0.15091025867848165 -0.66839709116297985 -0.13726673027680064 -0.13426585142506708 0.66219611224868558 -0.25573480483701444 0.34088260965952605 -0.10187674446818903 -0.13426585142506708 -0.138521458831036 -0.24770721436376006 0.24387545171175867 0.7579978916165323 -0.040722066059300441 0.92861207288802683 0.25465402481706617
decision_type=2 2 2 2 2 2 2 2 2 2 2 2 2 2 2 2 2 2 2 2 2 2 2 2 2 2 2 2 2 2
left_child=3 2 4 5 -2 14 19 -8 -4 10 18 -10 13 -5 21 -14 22 -18 24 23 -21 -1 -17 -6 -3 -13 -27 -11 -12 -28
right_child=1 9 8 12 6 -7 7 -9 11 27 28 25 15 -15 -16 16 17 -19 -20 20 -22 -23 -24 -25 -26 26 29 -29 -30 -31
leaf_value=-0.10546593178260943 0.10335665366044566 -0.10333512303588899 0.0070615758273543036 -0.10335656333388724 -0.10335656045051554 0.10335664510199948 -0.10335645512575414 0.10335637969505485 -0.14166806921448308 0.10529571136467851 0.10342503288357317 0.11071948477836613 -0.10335656272429344 0.10335429478549302 0.031259301353373764 -0.10349180163254577 -0.10335057753103481 0.15534356803500482 -0.033989492547838666 -0.10345223558426538 0.11583568354826937 -0.050327896015750141 -0.12857634193645973 -0.12008379221916564 -0.11431222154848233 0.10608725786105955 0.10415188480006066 0.10335627257102174 0.10467983793719222 0.10335692720452115
leaf_weight=1.3559887874871495 7.9808954596519461 3.6597728058695793 6.2672195583581916 6.9754324555397034 354.74216664209962 25.231010992079973 25.576619766652584 6.7865212857723227 0.8303816169500341 1.1894675083458413 19.120430339127783 0.79782649874687095 706.87648963928223 1.9795607924461345 3.4558955281972885 5.6766184512525797 2.2898074090480809 1.2184762414544801 0.85164831578731526 15.560757242143156 1.1160213202238072 1.1494827363640094 1.54471462033689 0.94654100760817428 1.4368553347885633 0.88316220790147681 1.5660771653056134 942.68903083726764 0.86138731241226096 115.56762529909611
leaf_count=31 254 118 27 222 11290 803 814 216 4 27 601 10 22497 63 18 177 73 5 18 486 30 11 9 26 18 17 44 30002 21 3678
internal_value=-2.85238e-07 0.0476618 -0.0504247 -0.0948794 -0.0954093 0.0806274 -0.0993288 -0.060009 0.0970236 0.102138 0.057706 0.101736 -0.102414 -0.0576618 -0.0155724 -0.102973 -0.0776792 -0.0135025 -0.0960581 -0.102746 -0.0887773 -0.0801692 -0.108858 -0.103401 -0.10643 0.103437 0.103388 0.103359 0.103479 0.103368
internal_weight=2266.18 1508.43 538.622 757.753 412.71 31.1924 404.729 32.3631 125.912 969.809 25.9301 119.645 726.561 8.95499 5.96137 717.606 10.7296 3.50828 5.94828 372.365 16.6768 2.50547 7.22133 355.689 5.09663 118.815 118.017 943.878 19.9818 117.134
internal_count=71610 47701 16896 23909 13116 863 12862 1030 3780 30805 776 3753 23046 285 60 22761 264 78 154 11832 516 42 186 11316 136 3749 3739 30029 622 3722
is_linear=0
shrinkage=0.1


Tree=28
num_leaves=31
num_cat=0
split_feature=6 2 9 6 0 0 9 6 2 5 2 5 5 11 11 6 11 6 9 3 6 6 2 5 4 3 9 2 2 4
split_gain=923.545 726.787 321.759 90.4334 28.9942 6.38628 5.57265 10.3968 4.90325 20.6675 4.79938 16.4057 3.14313 1.7688 2.95283 1.6357 5.94182 0.70174 1.979 4.4784 0.631291 0.48739 0.30969 4.5084 0.269291 0.0542697 0.0215617 0.00903756 0.00210139 0.000426686
threshold=1.0000000180025095e-35 -0.2493404664302051 -0.13846733374056872 -5.5042769661380531 -1.628669355079096 0.4501927802334818 -0.13781716795814139 0.86116403261871755 -0.25329000933969864 0.29237903068564236 -0.24687188557739606 0.19671919437603844 0.24926473826441242 -0.079767997342568883 -0.089596093012006203 -1.3667817907455606 -1.0000000180025095e-35 -0.66839709116297985 -0.13726673027680064 -0.13426585142506708 0.85135922873184977 0.91192413286019425 -0.25573480483701444 0.34088260965952605 0.81377743153532245 -0.13426585142506708 -0.138521458831036 -0.24770721436376006 -0.24989485034295875 0.7579978916165323
decision_type=2 2 2 2 2 2 2 2 2 2 2 2 2 2 2 2 2 2 2 2 2 2 2 2 2 2 2 2 2 2
left_child=3 2 4 5 -2 13 7 -4 22 -10 11 21 -9 14 -1 16 -5 -17 25 -20 -8 27 26 -24 -22 -19 -6 -3 -26 -14
right_child=1 10 6 15 8 -7 20 12 9 -11 -12 -13 29 -15 -16 17 -18 18 19 -21 24 -23 23 -25 28 -27 -28 -29 -30 -31
leaf_value=0.043275348718116891 0.10302706423939681 -0.1030696023609752 -0.11690029495043822 -0.10302696555423685 -0.10302696747509187 0.10302685784706814 0.15002743961691933 -0.13615737545592732 -0.10302682120075567 0.10302679016265322 0.1030291010633569 0.10313734076416306 0.10547713286700751 0.062254351254155585 -0.13367376607461309 -0.10302696067010163 0.10302899724135682 -0.10314911702095153 -0.10302159526272477 0.13702448456969868 0.044074093531863631 -0.016434219858389845 -0.10311317638819298 0.11440395148077574 0.10304003436230416 -0.1251436097691061 -0.11883648393561067 -0.11280356157486374 0.10886258609718205 0.10305834236527245
leaf_weight=1.7096997648477552 7.2433406114578238 3.460759986191988 3.3681335859000674 6.3307946845889091 321.95850844681263 22.899285268038511 2.8898623399436465 0.58510883897542854 23.212974857538942 6.1593407578766337 856.65022940933704 18.137157099321485 0.80351072922348787 1.9757252465933586 2.103161653503776 641.55021524429321 1.7965513542294482 5.1526116672903299 2.0781826376914982 1.241497365757821 0.77964713796973129 0.7005191147327422 14.123894929885862 1.0218109488487233 97.932554982602596 1.4340630006045101 0.86498893797397514 1.3167450297623897 0.62378912419080634 7.8975627943873405
leaf_count=19 254 121 14 222 11290 803 13 3 814 216 30029 622 17 13 28 22497 63 177 73 5 18 15 486 30 3429 9 26 18 10 276
internal_value=-7.31164e-07 0.0474856 -0.0502004 -0.0945033 -0.095101 0.0793049 0.0962051 0.0336059 -0.0990077 -0.0598176 0.101803 0.0573306 0.088195 -0.0145376 -0.0543292 -0.102063 -0.0574783 -0.102619 -0.076207 -0.0132489 0.103954 -0.0943306 -0.102414 -0.0884383 0.102614 -0.107938 -0.103069 -0.105752 0.103077 0.103282
internal_weight=2058 1369.73 489.465 688.272 374.585 28.6879 114.88 12.6543 367.342 29.3723 880.265 23.6152 9.28618 5.78859 3.81286 659.584 8.12735 651.457 9.90635 3.31968 102.226 5.47802 337.969 15.1457 99.336 6.58667 322.823 4.77751 98.5563 8.70107
internal_count=71610 47701 16896 23909 13116 863 3780 310 12862 1030 30805 776 296 60 47 23046 285 22761 264 78 3470 154 11832 516 3457 186 11316 139 3439 293
is_linear=0
shrinkage=0.1


Tree=29
num_leaves=31
num_cat=0
split_feature=6 2 9 6 0 0 9 6 2 5 2 5 5 5 6 8 4 6 0 2 3 10 6 2 5 3 9 2 2 2
split_gain=832.514 655.54 289.925 81.6727 26.1547 6.00817 5.29758 9.02071 4.42222 18.6442 4.37992 14.7568 3.84449 1.58961 1.47396 5.36021 0.879295 0.700921 2.90856 0.616405 3.20072 0.506745 0.430821 0.281472 4.06094 0.110077 0.0174071 0.00478973 0.00174315 0.000319525
threshold=-1.0000000180025095e-35 -0.2493404664302051 -0.13846733374056872 -5.5042769661380531 -1.628669355079096 0.4501927802334818 -0.13778286579157933 0.86116403261871755 -0.25329000933969864 0.29237903068564236 -0.24687188557739606 0.19671919437603844 0.24926473826441242 0.15091025867848165 -1.3667817907455606 -1.0000000180025095e-35 -0.0089785407072667609 -0.66839709116297985 0.28451835524752173 -0.26447445642054973 -0.14119511622386141 -0.11248466212991727 0.83410194845743291 -0.25573480483701444 0.34088260965952605 -0.13426585142506708 -0.138521458831036 -0.24770721436376006 -0.25017994184112941 -0.25205053533303584
decision_type=2 2 2 2 2 2 2 2 2 2 2 2 2 2 2 2 2 2 2 2 2 2 2 2 2 2 2 2 2 2
left_child=3 2 4 5 -2 13 7 -4 23 -10 11 21 -9 16 15 -5 -1 -16 -19 20 -20 27 -8 26 -25 -21 -6 -3 -24 -14
right_child=1 10 6 14 8 -7 22 12 9 -11 -12 -13 29 -15 17 -17 -18 18 19 25 -22 -23 28 24 -26 -27 -28 -29 -30 -31
leaf_value=-0.14181696298828242 0.10273074434757037 -0.10285430892913905 -0.10387880016084364 -0.1027306347929674 -0.10273064069724275 0.10273058995078227 0.14307584327831477 -0.13321720518605665 -0.10273074778521574 0.10273044694175844 0.10273245208126464 0.10283016593192254 0.10278866916575183 0.030431201998040058 -0.10273065171210652 0.102735126842463 -0.018195740103029691 0.13012555347339844 -0.10272874979848368 -0.10287215282597401 0.15310780196083376 -0.0089714097728218634 0.10273184122648282 -0.10280832852191868 0.11308956308652532 -0.13545496234789178 -0.11758939945907812 -0.11054599276091631 0.10675782797893284 0.10500929825341912
leaf_weight=1.1038278862833979 6.5719934701919547 3.3408090844750404 3.408818256109952 5.7440215814858675 292.1176098678261 20.776861738413572 2.7350959833711377 0.74601521156728168 21.061420764774088 5.5884594097733489 777.25361740402877 16.45770956017077 8.3510243147611583 3.3616345524787903 582.0876317024231 1.6300156842917193 1.2018229328095937 0.64370018988847633 2.714990541338921 3.749579304829239 0.59644541516899963 0.63199308328330772 87.740846831351519 12.815792392939326 0.9347705692052849 1.4331658277660606 0.79055946134030719 1.0685402750968931 1.0887942705303419 0.7024723235517748
leaf_count=22 254 126 14 222 11290 803 13 4 814 216 30029 622 319 18 22497 63 20 3 105 141 6 11 3390 486 30 9 26 17 23 17
internal_value=-4.13575e-07 0.047326 -0.0499909 -0.0941474 -0.0948235 0.0778361 0.0954445 0.0362401 -0.0987187 -0.0596457 0.101501 0.0569765 0.0849812 -0.0134299 -0.101745 -0.0573129 -0.0773793 -0.102299 -0.0748184 -0.0903494 -0.0566483 -0.0927152 0.103985 -0.102114 -0.0881315 -0.111882 -0.102771 -0.104718 0.102781 0.102961
internal_weight=1868.45 1243.41 444.654 625.044 339.881 26.4441 104.773 13.2083 333.309 26.6499 798.753 21.4991 9.79951 5.66729 598.6 7.37404 2.30565 591.226 9.13788 8.49418 3.31144 5.04134 91.5647 306.659 13.7506 5.18275 292.908 4.40935 88.8296 9.0535
internal_count=71610 47701 16896 23909 13116 863 3780 354 12862 1030 30805 776 340 60 23046 285 42 22761 264 261 111 154 3426 11832 516 150 11316 143 3413 336
is_linear=0
shrinkage=0.1


Tree=30
num_leaves=31
num_cat=0
split_feature=6 2 9 6 0 0 6 2 5 2 5 5 11 4 6 8 6 0 5 2 3 2 5 3 9 2 5 4 1 6
split_gain=750.658 591.453 261.351 73.7782 23.6002 5.64867 5.0673 3.9981 13.2786 3.98966 16.8239 3.70178 1.53204 4.32959 1.32824 4.83683 0.71252 2.51226 0.572941 0.571422 3.09455 0.255765 3.65946 0.081482 0.0139522 0.00521366 0.00174778 0.000256333 0.000178716 5.2236e-05
threshold=1.0000000180025095e-35 -0.2493404664302051 -0.13846733374056872 -5.5042769661380531 -1.4941049756953497 0.4501927802334818 0.85135922873184977 -0.24687188557739606 0.19671919437603844 -0.25329000933969864 0.29237903068564236 0.23040223533012433 -0.079767997342568883 2.0598463665821578 -1.3667817907455606 -1.0000000180025095e-35 -0.66839709116297985 0.28451835524752173 0.18324597799440409 -0.26447445642054973 -0.14039211198779297 -0.25573480483701444 0.34088260965952605 -0.13426585142506708 -0.138521458831036 -0.24770721436376006 0.24387545171175867 0.7579978916165323 -0.040722066059300441 0.92861207288802683
decision_type=2 2 2 2 2 2 2 2 2 2 2 2 2 2 2 2 2 2 2 2 2 2 2 2 2 2 2 2 2 2
left_child=3 2 4 5 -2 12 -4 8 18 21 -11 -8 13 -1 15 -5 -16 -18 25 20 -19 24 -23 -21 -6 -3 -13 -28 -9 -10
right_child=1 7 6 14 9 -7 11 28 29 10 -12 26 -14 -15 16 -17 17 19 -20 23 -22 22 -24 -25 -26 -27 27 -29 -30 -31
leaf_value=-0.14323436867871844 0.10246392934700749 -0.10258899787211868 0.0057950967784917446 -0.10246404088417993 -0.10246404362348112 0.10246390209452766 -0.12907709066306669 0.10387778329407947 0.10251400630300529 -0.10246389558339247 0.10246386931663397 0.10783762462479099 0.060327012826084381 0.078130068381332185 -0.10246404103992553 0.10246528113178327 0.1148772244567557 -0.1024733663178905 -0.00062483562710932477 -0.10259188133798987 0.15863764704858824 -0.1025341163857946 0.11188601991817666 -0.13177536829379197 -0.11638048679220368 -0.11063837810817041 0.10444421170099444 0.10247283642604965 0.10246406121044008 0.10343286074017116
leaf_weight=2.1104332860559225 5.9612716138362876 2.9194529801607132 6.0000947359949341 5.2102400250732899 264.97162400558591 18.846099007874727 0.69552823528647323 0.89533690735697646 14.28292538784444 19.104255238547925 5.0691327210515729 0.61490634083747764 1.8971766885370041 1.519845247268677 527.99540042877197 1.4785793833434571 0.65513992030173351 2.5185250565409665 0.60741425305604924 3.4015562478452921 0.55366835184395302 11.625641174614426 0.85444959253072816 1.3311170600354669 0.72238224372267623 1.1108447629958416 0.66458666138350864 87.51270916685462 704.12950085476041 0.64670798182487566
leaf_count=39 254 121 27 222 11290 803 4 27 601 814 216 10 13 8 22497 63 3 107 15 141 4 486 30 9 26 18 17 3722 30002 21
internal_value=-2.83878e-07 0.0471822 -0.0498009 -0.0938126 -0.0945735 0.0763924 0.0947596 0.101228 0.0566406 -0.0984584 -0.0594908 0.100725 -0.0124994 -0.0505584 -0.101451 -0.0571639 -0.102003 -0.0732114 -0.0911625 -0.0889995 -0.0554161 -0.101845 -0.0878538 -0.1108 -0.102502 -0.104808 0.102525 0.102488 0.102466 0.102554
internal_weight=1695.91 1128.39 403.797 567.518 308.309 24.3736 95.4878 724.592 19.5673 302.347 24.1734 89.4877 5.52746 3.63028 543.144 6.68882 536.455 8.46001 4.63771 7.80487 3.07219 278.174 12.4801 4.73267 265.694 4.0303 88.7922 88.1773 705.025 14.9296
internal_count=71610 47701 16896 23909 13116 863 3780 30805 776 12862 1030 3753 60 47 23046 285 22761 264 154 261 111 11832 516 150 11316 139 3749 3739 30029 622
is_linear=0
shrinkage=0.1


Tree=31
num_leaves=31
num_cat=0
split_feature=6 2 9 6 0 0 10 6 2 5 2 5 5 11 5 6 11 6 0 2 3 1 5 6 2 5 3 9 2 6
split_gain=677.072 533.786 235.522 66.6339 21.301 5.25337 5.20068 7.49511 3.66254 11.6365 3.60031 15.1855 2.25908 1.30562 3.80026 1.1973 4.36575 0.714065 2.19141 0.525768 3.11621 0.493124 0.327255 0.301486 0.232348 3.29895 0.0604929 0.0110644 0.00511491 0.00428905
threshold=1.0000000180025095e-35 -0.2493404664302051 -0.13846733374056872 -5.5042769661380531 -0.65028734159414314 0.4501927802334818 -0.11209238840620632 0.86116403261871755 -0.24732377247602697 0.20076115929052876 -0.25329000933969864 0.29237903068564236 0.24926473826441242 -0.079767997342568883 0.60293666828231418 -1.3667817907455606 -1.0000000180025095e-35 -0.66839709116297985 0.28451835524752173 -0.26447445642054973 -0.13426585142506708 -0.040722066059300441 0.23579152188277805 0.85135922873184977 -0.25573480483701444 0.34088260965952605 -0.13426585142506708 -0.138521458831036 -0.24770721436376006 0.93768022186334987
decision_type=2 2 2 2 2 2 2 2 2 2 2 2 2 2 2 2 2 2 2 2 2 2 2 2 2 2 2 2 2 2
left_child=3 2 4 5 -2 13 7 -4 9 28 24 -12 -9 14 -1 16 -5 -17 -19 20 -20 -10 -8 -24 27 -26 -21 -6 -3 -23
right_child=1 8 6 15 10 -7 22 12 21 -11 11 -13 -14 -15 -16 17 -18 18 19 26 -22 29 23 -25 25 -27 -28 -29 -30 -31
leaf_value=-0.14007584048233607 0.10222409889911942 -0.10237530227474639 -0.093558279805355873 -0.10222406769924763 -0.10222406789965183 0.1022241741823315 0.018985055467349105 -0.12427460949681934 0.037712409829142833 0.10232352377513375 -0.10222422603293956 0.10222393487256332 0.10241060560685722 0.055617223401444441 0.072896165589717773 -0.10222406514066594 0.10222549407725581 0.10244186705052793 -0.10226632516111288 -0.10233957495775899 0.17502124034164357 0.10222402665949325 0.13710858674409535 0.1022414831097212 -0.1022872666485863 0.11078635695342028 -0.12854326578597172 -0.1151890976369941 -0.11222831591389136 0.11087944008680878
leaf_weight=1.9504803847521546 5.4059953540563574 2.9767100214958195 3.4264222383499128 4.7249232642352581 240.29042408429086 17.090635906904936 0.46187428943812747 0.47152931056916703 1.1868039984256018 11.139951391145585 17.324729898944501 4.5969587583094826 6.4982242099940777 1.8543286379426742 1.4687957167625425 478.81433629989624 1.340842593461274 0.66109886206686397 2.348629161715508 3.0850567240267992 0.48981561698019493 640.64879169873893 2.5662103351205579 73.740112284198403 10.543407861143347 0.78042083233594972 1.233165120705962 0.66004246659576793 0.64017325825989146 0.57302570343017478
leaf_count=39 254 134 14 222 11290 803 5 3 35 509 814 216 293 13 8 22497 63 3 109 141 2 30101 13 3452 486 30 9 26 10 16
internal_value=-1.05603e-06 0.0470418 -0.0496058 -0.0935211 -0.0943482 0.0753016 0.0939172 0.0275407 0.100981 0.0517246 -0.0982238 -0.0593516 0.0870745 -0.0119488 -0.0485909 -0.101184 -0.0570303 -0.101735 -0.071756 -0.0878476 -0.0544163 0.102113 0.102906 0.103414 -0.101602 -0.0876026 -0.109823 -0.10226 -0.104119 0.102232
internal_weight=1538.99 1023.93 366.766 515.062 279.602 22.3642 87.1644 10.3962 657.165 14.7568 274.196 21.9217 6.96975 5.2736 3.41928 492.698 6.06577 486.632 7.81777 7.15667 2.83844 642.409 76.7682 76.3063 252.274 11.3238 4.31822 240.95 3.61688 641.222
internal_count=71610 47701 16896 23909 13116 863 3780 310 30805 653 12862 1030 296 60 47 23046 285 22761 264 261 111 30152 3470 3465 11832 516 150 11316 144 30117
is_linear=0
shrinkage=0.1


Tree=32
num_leaves=31
num_cat=0
split_feature=6 2 9 6 0 9 6 0 1 2 5 5 2 5 11 1 6 8 6 0 2 3 6 2 5 3 9 2 6 5
split_gain=610.856 481.801 212.376 60.207 19.2304 4.96061 6.56769 4.89033 3.69317 3.24983 13.7099 2.86733 2.49798 9.28148 1.11207 3.55662 1.07969 3.94146 0.703401 1.92562 0.476826 2.724 0.212652 0.211022 2.97502 0.045046 0.00872765 0.00449644 0.00321668 0.00120697
threshold=-1.0000000180025095e-35 -0.2493404664302051 -0.13846733374056872 -5.5042769661380531 -0.53765899171348541 -0.13778286579157933 0.86116403261871755 0.4501927802334818 -0.065475030416747251 -0.25329000933969864 0.29237903068564236 0.24926473826441242 -0.24732377247602697 0.20076115929052876 -0.079767997342568883 -1.0407371973407937 -1.3667817907455606 2.0874645925415063 -0.66839709116297985 0.28451835524752173 -0.26447445642054973 -0.13426585142506708 0.85135922873184977 -0.25573480483701444 0.34088260965952605 -0.13394731936503759 -0.138521458831036 -0.24770721436376006 0.93768022186334987 0.24387545171175867
decision_type=2 2 2 2 2 2 2 2 2 2 2 2 2 2 2 2 2 2 2 2 2 2 2 2 2 2 2 2 2 2
left_child=3 2 4 7 -2 6 -4 14 -3 23 -11 -8 13 27 15 -1 17 -5 -18 -20 21 -21 -7 26 -25 -22 -6 -10 -14 -24
right_child=1 8 5 16 9 22 11 -9 12 10 -12 -13 28 -15 -16 -17 18 -19 19 20 25 -23 29 24 -26 -27 -28 -29 -30 -31
leaf_value=0.042844187013759708 0.10200811939445509 -0.10361431068371763 -0.084136763352754496 -0.10200776741983707 -0.10200795266870821 0.13234436960177853 -0.12379514165593559 0.10200806286191583 -0.10212409159840924 -0.1020078901462356 0.10200784941213764 0.10217741104698255 0.10200990628392602 0.10209762877527162 0.051202448869304897 -0.16994976742175352 -0.10200795908279361 0.10200798601047441 0.091703302372163287 -0.1020460886805821 -0.10256695786289903 0.16297580935102385 0.10679596177896421 -0.10206499748371134 0.10978333486331669 -0.12689754751503676 -0.11405656475650316 -0.11265196565874121 0.10985534761332622 0.10201177956908583
leaf_weight=1.8673175573348997 4.901375785470008 0.88297292590141196 3.4288327004760486 4.2839069589972487 217.86095429770648 2.4010727424174538 0.61242172680795182 15.495339849963782 2.2960752099752431 15.707607410848142 4.1678631864488116 6.7562086842954159 581.63264482375234 10.101010585203765 1.8149299053475285 1.355697828345001 434.12027883529663 1.2156820073723791 0.66437046974897285 2.1294804606586699 2.9064209517091513 0.47419540397822846 0.53159270621836086 9.559788111597296 0.71227663755416948 1.0308258924633267 0.60286981798708339 0.49274389818310638 0.52307415008544822 65.745800692588091
leaf_count=28 254 32 14 222 11290 13 4 803 115 814 216 336 30128 509 13 19 22497 63 3 109 142 2 10 486 30 8 26 5 16 3403
internal_value=-1.11721e-06 0.0469148 -0.0494299 -0.0932508 -0.0941452 0.0932032 0.0301947 0.0741811 0.10075 -0.0980123 -0.059226 0.0833964 0.101053 0.0575102 -0.011407 -0.0466634 -0.100945 -0.0569102 -0.101494 -0.0705051 -0.0869808 -0.0537789 0.103109 -0.101383 -0.0873752 -0.108937 -0.102041 -0.103984 0.102017 0.10205
internal_weight=1396.28 928.917 332.989 467.358 253.513 79.4759 10.7975 20.5333 595.929 248.611 19.8755 7.36863 595.046 12.8898 5.03795 3.22302 446.825 5.49959 441.326 7.20529 6.54092 2.60368 68.6785 228.736 10.2721 3.93725 218.464 2.78882 582.156 66.2774
internal_count=71610 47701 16896 23909 13116 3780 354 863 30805 12862 1030 340 30773 629 60 47 23046 285 22761 264 261 111 3426 11832 516 150 11316 120 30144 3413
is_linear=0
shrinkage=0.1


Tree=33
num_leaves=31
num_cat=0
split_feature=6 2 9 6 0 6 0 1 2 5 5 2 5 5 6 11 4 6 0 3 2 5 9 2 6 5 1 4 2 3
split_gain=551.135 435.041 191.565 54.4692 17.3649 4.71815 4.61393 3.33445 2.93408 12.3803 2.78883 2.25877 8.37663 1.20758 0.973819 3.55927 0.898411 0.689615 1.70229 0.434819 0.191603 2.68375 0.0068274 0.00331086 0.0024171 0.000883356 0.00010442 0.000103589 2.57501e-05 2.48696e-05
threshold=-1.0000000180025095e-35 -0.2493404664302051 -0.13846733374056872 -5.5042769661380531 -1.628669355079096 0.85135922873184977 0.4501927802334818 -0.065475030416747251 -0.25329000933969864 0.29237903068564236 0.23040223533012433 -0.24732377247602697 0.20076115929052876 0.15091025867848165 -1.3667817907455606 1.4937121905250108 -0.0089785407072667609 -0.66839709116297985 0.28451835524752173 -0.13426585142506708 -0.25573480483701444 0.34088260965952605 -0.138521458831036 -0.24770721436376006 0.93768022186334987 0.24387545171175867 -0.040722066059300441 0.7579978916165323 -0.24770721436376006 -0.14074302483465248
decision_type=2 2 2 2 2 2 2 2 2 2 2 2 2 2 2 2 2 2 2 2 2 2 2 2 2 2 2 2 2 2
left_child=3 2 4 6 -2 -4 13 -3 20 -10 -7 12 23 16 15 -5 -1 -16 -19 29 22 -22 -6 -9 26 -12 -13 -27 -14 -20
right_child=1 7 5 14 8 10 -8 11 9 -11 25 24 28 -15 17 -17 -18 18 19 -21 21 -23 -24 -25 -26 27 -28 -29 -30 -31
leaf_value=-0.14869878108887644 0.10181325076400248 -0.10328460764826804 0.0048462658654311094 -0.1018145373414404 -0.10181320816581033 -0.1210401269077362 0.10181325400481989 -0.10191806668167543 -0.10181342464907567 0.10181311651140737 0.10611883593662891 0.10302425132164222 0.10180893091873447 0.028138334517223432 -0.10181322911488828 0.10181317031000146 -0.0098419212864012152 0.0824719310735509 -0.10181132837044003 -0.03975572582418619 -0.10186470564298163 0.10886980021454831 -0.11296531911489778 -0.11137189113273312 0.10893589801252355 0.10326578373214873 0.10181316219866138 0.10181966125350209 0.10222413398451669 -0.1026786199771024
leaf_weight=0.86327810212969769 4.4430087208747855 0.80131186544895072 5.6556547209620467 3.8832214102149001 197.48658903501928 0.56609688699245353 14.046223351731895 2.0815608054399495 14.238612413406374 3.7780840881168833 0.48391984403133292 0.71288155019283195 7.2776755541563025 3.0623218417167664 393.52131032943726 1.1019918695092199 1.0123790893703724 0.66490447893738647 4.1056951973587266 1.5067580118775366 8.6661958880722487 0.64962680637836534 0.55049045570194621 0.45064688660204311 0.47708272933959861 0.49912916123866935 526.52708894945681 65.223556995391846 1.8794161658734072 0.35958469845354635
leaf_count=22 254 32 27 222 11290 4 803 115 814 216 10 27 417 18 22497 63 20 3 235 11 486 30 26 5 16 17 30101 3722 92 15
internal_value=-7.75248e-07 0.046804 -0.0492681 -0.0929694 -0.093962 0.0925442 0.0725829 0.100555 -0.0978216 -0.0591131 0.0999722 0.100858 0.0573786 -0.0105637 -0.100727 -0.0568022 -0.0737513 -0.101274 -0.0693082 -0.0862068 -0.101185 -0.0871694 -0.101844 -0.103601 0.101821 0.101862 0.101815 0.101831 0.101894 -0.101881
internal_weight=1266.58 842.449 302.241 424.128 229.813 72.4284 18.9842 540.208 225.37 18.0167 66.7727 539.406 11.6893 4.93798 405.143 4.98521 1.87566 400.158 6.63694 5.97204 207.353 9.31582 198.037 2.53221 527.717 66.2066 527.24 65.7227 9.15709 4.46528
internal_count=71610 47701 16896 23909 13116 3780 863 30805 12862 1030 3753 30773 629 60 23046 285 42 22761 264 261 11832 516 11316 120 30144 3749 30128 3739 509 250
is_linear=0
shrinkage=0.1


Tree=34
num_leaves=31
num_cat=0
split_feature=6 2 9 6 0 7 5 6 0 1 2 5 5 2 5 11 1 6 11 6 9 3 6 2 5 6 3 9 2 6
split_gain=497.205 392.91 172.69 49.2849 15.6834 4.85232 6.06784 8.80137 4.35074 3.01046 2.64957 11.1819 2.13808 2.04271 7.56132 0.98953 3.06439 0.877632 3.21472 0.723514 1.54184 2.26203 0.535593 0.173929 2.42171 0.150962 0.0177769 0.00531133 0.00238501 0.00181556
threshold=-1.0000000180025095e-35 -0.2493404664302051 -0.13846733374056872 -5.5042769661380531 -1.2776226877352699 -0.13147795573554272 0.35300850440299691 0.86116403261871755 0.4501927802334818 -0.065475030416747251 -0.25329000933969864 0.29237903068564236 0.24926473826441242 -0.24732377247602697 0.20076115929052876 -0.079767997342568883 -1.0407371973407937 -1.3667817907455606 -1.0000000180025095e-35 -0.66839709116297985 -0.13726673027680064 -0.13426585142506708 0.87405034590428377 -0.25573480483701444 0.34088260965952605 0.83410194845743291 -0.13426585142506708 -0.138521458831036 -0.24770721436376006 0.93768022186334987
decision_type=2 2 2 2 2 2 2 2 2 2 2 2 2 2 2 2 2 2 2 2 2 2 2 2 2 2 2 2 2 2
left_child=3 2 4 8 -2 6 7 -4 15 -3 23 -12 -9 14 28 16 -1 18 -5 -19 26 -22 -8 27 -25 -7 -21 -6 -11 -15
right_child=1 9 5 17 10 25 22 12 -10 13 11 -13 -14 29 -16 -17 -18 19 -20 20 21 -23 -24 24 -26 -27 -28 -29 -30 -31
leaf_value=0.038724511608155619 0.10163775355956153 -0.10293164929375026 -0.18367323791848733 -0.10163770712054726 -0.10163771128807671 0.12821358617338757 0.18736576831049137 -0.11865879324041928 0.10163771995639626 -0.10173234042980339 -0.10163795323654648 0.10163760517309071 0.10191513113236877 0.10163904348588793 0.10171075130716678 0.050374351383745811 -0.16407338918989023 -0.10163769569697532 0.10163641093447905 -0.10172506719542969 -0.10163371788945011 0.09611571260951346 0.10163669578713004 -0.10168417696614165 0.10803874412352227 0.10167211078050259 -0.11725361020123687 -0.11193334861088911 -0.11013067119533504 0.10810322203783532
leaf_weight=1.8301610350608823 4.0267881527543059 0.72721384465694328 2.4312606360763294 3.519469141960144 178.98612840473652 2.230759458616375 0.98857470974326167 0.52198050729930434 12.730375379323958 1.886737331748009 12.904728071764113 3.4241545032709828 2.7796461805701256 477.84871753770858 8.2998607438057643 1.7449828162789369 1.2567642852663996 356.6564679145813 0.9987870454788198 2.892697899602354 1.1545229330658915 1.1592989414930333 2.7727274820208549 7.8547108173370344 0.59209773689508427 54.454643180593848 0.98935634735971678 0.50247445702552695 0.41198306158184905 0.4348905086517324
leaf_count=28 254 32 10 222 11290 13 4 4 803 115 814 216 161 30128 509 13 19 22497 63 177 73 5 175 486 30 3413 9 26 5 16
internal_value=-1.05031e-06 0.0466894 -0.049086 -0.0926802 -0.0937968 0.0916349 0.0254712 -0.0392834 0.0709736 0.10038 -0.0976495 -0.0590112 0.0670428 0.100683 0.0572596 -0.0098154 -0.0438396 -0.100504 -0.0567028 -0.101049 -0.06717 -0.00255491 0.124169 -0.101007 -0.0869832 0.102717 -0.105683 -0.101667 -0.103238 0.101645
internal_weight=1149.01 764.08 274.471 384.933 208.291 66.1796 9.49419 5.73289 17.5623 489.609 204.264 16.3289 3.30163 488.882 10.5986 4.83191 3.08693 367.371 4.51826 362.852 6.19588 2.31382 3.7613 187.935 8.44681 56.6854 3.88205 179.489 2.29872 478.284
internal_count=71610 47701 16896 23909 13116 3780 354 175 863 30805 12862 1030 165 30773 629 60 47 23046 285 22761 264 78 179 11832 516 3426 186 11316 120 30144
is_linear=0
shrinkage=0.1


Tree=35
num_leaves=31
num_cat=0
split_feature=6 2 9 6 0 7 5 6 0 1 2 5 5 2 5 5 6 10 6 2 3 6 0 2 5 6 0 3 9 2
split_gain=448.711 354.914 155.839 44.6308 14.1672 4.54634 5.33004 7.41812 4.10517 2.71927 2.3931 10.1012 1.92257 1.84746 6.82716 1.11483 0.791721 2.90406 0.70951 1.42669 3.72898 0.353151 0.23402 0.157846 2.18584 0.10797 0.0450223 0.00436425 0.0041141 0.00172597
threshold=1.0000000180025095e-35 -0.2493404664302051 -0.13846733374056872 -5.5042769661380531 -1.628669355079096 -0.13147795573554272 0.35300850440299691 0.86116403261871755 0.4501927802334818 -0.065475030416747251 -0.25329000933969864 0.29237903068564236 0.24926473826441242 -0.24732377247602697 0.20076115929052876 0.15091025867848165 -1.3667817907455606 -1.0000000180025095e-35 -0.66839709116297985 -0.26447445642054973 -0.13426585142506708 0.87405034590428377 0.29512743273497516 -0.25573480483701444 0.34088260965952605 0.85135922873184977 0.34547058271396597 -0.13426585142506708 -0.138521458831036 -0.24770721436376006
decision_type=2 2 2 2 2 2 2 2 2 2 2 2 2 2 2 2 2 2 2 2 2 2 2 2 2 2 2 2 2 2
left_child=3 2 4 8 -2 6 7 -4 15 -3 23 -12 -9 14 29 22 17 -5 -18 20 -20 -8 -1 28 -25 -7 -21 -28 -6 -11
right_child=1 9 5 16 10 25 21 12 -10 13 11 -13 -14 -15 -16 -17 18 -19 19 26 -22 -23 -24 24 -26 -27 27 -29 -30 -31
leaf_value=-0.10417026658335976 0.10147948773942926 -0.10264986228328871 -0.17000775534096441 -0.10147942793136795 -0.10147942918647049 0.12482037334479062 0.17259843711893602 -0.1165830778908392 0.10147948500803801 -0.10156488936197641 -0.10147953143997034 0.10147936725539222 0.10173024991523388 0.10148601097496868 0.10154544997727766 0.028679033804125509 -0.1014794202643261 0.10148123085526412 -0.10150741246552648 -0.13263130135309562 0.15294080808191823 0.10147852610971797 -0.031438423903720626 -0.10152137629302127 0.10728344885705086 0.10151067990292983 -0.10153018765954368 -0.11158578550901919 -0.11096619547203762 -0.10904617130878203
leaf_weight=0.98242899868637568 3.6489786505699149 0.65972106158733268 2.3671581838279945 3.1892616860568523 162.19308434519917 2.0705309696495524 0.96687220968306098 0.48028325568884644 11.535958475433288 1.7098620235919955 11.693977528251706 3.1028888793662182 2.5194661095738411 433.41202487796545 7.5216287272050977 2.9479045867919922 323.1937940120697 0.90504812076687713 1.5854492112994196 0.68263376643881146 0.90456825308501709 2.5125790862366557 0.80478032678365707 7.118054235354065 0.53933171182870854 49.346972161903977 1.9926365902647381 0.55095053929835525 0.45842089410871167 0.37623084615915825
leaf_count=36 254 32 10 222 11290 13 4 4 803 115 814 216 161 30144 509 18 22497 63 109 9 4 175 6 486 30 3413 136 6 26 5
internal_value=-1.0012e-06 0.046597 -0.0489482 -0.0924161 -0.0936476 0.0910566 0.0248386 -0.0376608 0.0692988 0.100222 -0.0974941 -0.0589192 0.0667766 0.100525 0.0571518 -0.00910176 -0.100318 -0.0566149 -0.100862 -0.0659383 -0.009072 0.121241 -0.0714191 -0.100846 -0.0868147 0.102449 -0.109828 -0.103708 -0.101506 -0.102914
internal_weight=1041.97 692.698 249.019 349.275 188.755 60.2639 8.84636 5.36691 16.2711 443.679 185.106 14.7969 2.99975 443.02 9.60772 4.73511 333.004 4.09431 328.91 5.71624 2.49002 3.47945 1.78721 170.309 7.65739 51.4175 3.22622 2.54359 162.652 2.08609
internal_count=71610 47701 16896 23909 13116 3780 354 175 863 30805 12862 1030 165 30773 629 60 23046 285 22761 264 113 179 42 11832 516 3426 151 142 11316 120
is_linear=0
shrinkage=0.1


Tree=36
num_leaves=31
num_cat=0
split_feature=6 2 9 6 0 7 5 6 0 1 2 5 5 2 5 11 4 6 7 6 2 3 1 2 5 6 0 3 9 2
split_gain=405.042 320.648 140.67 40.4329 12.7997 4.23842 4.70096 6.32922 3.86272 2.45709 2.16183 9.12646 1.73008 1.67128 6.16604 0.832724 2.78073 0.714694 2.6238 0.673507 1.2863 3.27303 0.237305 0.143218 1.97341 0.07738 0.0335064 0.00317887 0.00317163 0.00124721
threshold=1.0000000180025095e-35 -0.2493404664302051 -0.13846733374056872 -5.5042769661380531 -0.53765899171348541 -0.13147795573554272 0.35300850440299691 0.86116403261871755 0.4501927802334818 -0.065475030416747251 -0.25329000933969864 0.29237903068564236 0.24926473826441242 -0.24732377247602697 0.20076115929052876 -0.079767997342568883 2.0598463665821578 -1.3667817907455606 -1.0000000180025095e-35 -0.66839709116297985 -0.26447445642054973 -0.13426585142506708 0.98075232520147471 -0.25573480483701444 0.34088260965952605 0.85135922873184977 0.34547058271396597 -0.13426585142506708 -0.138521458831036 -0.24770721436376006
decision_type=2 2 2 2 2 2 2 2 2 2 2 2 2 2 2 2 2 2 2 2 2 2 2 2 2 2 2 2 2 2
left_child=3 2 4 8 -2 6 7 -4 15 -3 23 -12 -9 14 29 16 -1 18 -5 -19 21 -21 -8 28 -25 -7 -22 -28 -6 -11
right_child=1 9 5 17 10 25 22 12 -10 13 11 -13 -14 -15 -16 -17 -18 19 -20 20 26 -23 -24 24 -26 -27 27 -29 -30 -31
leaf_value=-0.12977834356430365 0.10133654310693317 -0.10238533420270518 -0.1593406945756711 -0.10133665851830881 -0.10133667136200256 0.12188678411750625 0.10133583008037768 -0.11476794369755797 0.10133677333471856 -0.10141386340381647 -0.10133658694818459 0.1013365825033094 0.10156344825589617 0.10134290092951302 0.10139625373373368 0.047477031245524097 0.065860985194980515 -0.10133666671532271 0.1013390926928119 -0.10136194235359344 -0.12931671180447749 0.14543873871825716 0.16121013427054631 -0.10137456044214173 0.10659756287281526 0.10136511813563998 -0.10138253455494813 -0.11036647737888579 -0.11005933303884985 -0.1080744247196611
leaf_weight=1.5960310301743448 3.3061494082212439 0.59851108491420646 2.2776024760678393 2.889621809124947 146.95458549633622 1.9161408832296718 2.2765137823298578 0.44109758920967612 10.452127611264585 1.5493340343236921 10.595310340635477 2.8113639438524833 2.2832607179880142 392.6934514939785 6.8153532845899463 1.686786536592989 1.333556056022644 292.8288631439209 0.82000343501567741 1.4365278165787461 0.63270626403391306 0.85847041383385647 0.93334358930587757 6.4495345391333094 0.49098750948905934 44.711850152350962 1.8055043900385503 0.50374568626284566 0.41804023459553619 0.34346089605241825
leaf_count=39 254 32 10 222 11290 13 175 4 803 115 814 216 161 30144 509 13 8 22497 63 109 9 4 4 486 30 3413 136 6 26 5
internal_value=-9.62055e-07 0.0465137 -0.0488248 -0.0921756 -0.093513 0.0905417 0.024296 -0.0363143 0.0676887 0.10008 -0.0973539 -0.0588363 0.0665375 0.100382 0.0570509 -0.00849527 -0.0407228 -0.100158 -0.0565357 -0.100701 -0.0651556 -0.00904332 0.118746 -0.1007 -0.0866622 0.102208 -0.108928 -0.103342 -0.101361 -0.102622
internal_weight=944.71 627.866 225.866 316.844 171.026 54.8398 8.21182 5.00196 15.0685 402 167.72 13.4067 2.72436 401.402 8.70815 4.61637 2.92959 301.775 3.70963 298.066 5.23695 2.295 3.20986 154.313 6.94052 46.628 2.94196 2.30925 147.373 1.89279
internal_count=71610 47701 16896 23909 13116 3780 354 175 863 30805 12862 1030 165 30773 629 60 47 23046 285 22761 264 113 179 11832 516 3426 151 142 11316 120
is_linear=0
shrinkage=0.1


Tree=37
num_leaves=31
num_cat=0
split_feature=6 2 9 6 0 6 0 1 2 5 5 2 5 11 4 6 10 6 1 2 0 2 5 3 9 2 6 5 1 4
split_gain=365.737 289.732 127.009 36.6097 11.5658 3.96279 3.6007 2.21932 1.9532 8.24693 1.8427 1.51158 5.56931 0.708012 2.44499 0.645316 2.37091 0.635738 1.16342 1.19733 0.256894 0.129916 1.78201 0.00623007 0.0024335 0.000895937 0.000784388 0.000270619 3.19237e-05 3.10523e-05
threshold=1.0000000180025095e-35 -0.2493404664302051 -0.13846733374056872 -5.5042769661380531 -1.3762470763811558 0.85135922873184977 0.4501927802334818 -0.065475030416747251 -0.25329000933969864 0.29237903068564236 0.23040223533012433 -0.24732377247602697 0.20076115929052876 -0.079767997342568883 2.0598463665821578 -1.3667817907455606 1.9940606325293642 -0.66839709116297985 -0.30233370365839946 -0.26447445642054973 0.29512743273497516 -0.25573480483701444 0.34088260965952605 -0.13426585142506708 -0.138521458831036 -0.24770721436376006 0.93768022186334987 0.24387545171175867 -0.040722066059300441 0.7579978916165323
decision_type=2 2 2 2 2 2 2 2 2 2 2 2 2 2 2 2 2 2 2 2 2 2 2 2 2 2 2 2 2 2
left_child=3 2 4 6 -2 -4 13 -3 21 -10 -7 12 25 14 -1 16 -5 -17 23 20 -20 24 -23 -19 -6 -9 28 -12 -13 -29
right_child=1 7 5 15 8 10 -8 11 9 -11 27 26 -14 -15 -16 17 -18 18 19 -21 -22 22 -24 -25 -26 -27 -28 29 -30 -31
leaf_value=-0.12721849873223109 0.10120782169921211 -0.10211566270961668 0.004018070491022061 -0.10120802392877654 -0.10120785895464546 -0.11317467537449166 0.10120795533999555 -0.10127757869433943 -0.10120774804158428 0.10120777430863404 0.10407766587136789 0.10202052491741179 0.10126170430403483 0.043613979339156263 0.061319125221596861 -0.1012078463882979 0.10120787805378949 -0.1012645725855935 0.11072194716557758 -0.11977384846224336 0.017598038593860135 -0.10124209904630062 0.10597509819759759 -0.11228194447200937 -0.10921069630187751 -0.10719359368396647 0.10607549037552844 0.10217289555613825 0.10120778207045021 0.10121199181082632
leaf_weight=1.4717256799340248 2.9951418936252585 0.54272504150867362 4.8316145502030841 2.6177933644503351 133.13064129836857 0.40444597229361434 9.46890523098409 1.4036857336759565 9.5986151266843063 2.5469001810997716 0.33372931182384391 0.48394837509840627 6.1745639741420746 1.6543376464396704 1.2913622856140137 265.28258395195007 0.74287767894566048 2.264757969416678 0.4713336983695624 0.59463609289377828 0.79739006143063307 5.8430272452533236 0.44674038141965855 0.66366502922028336 0.38105168379843135 0.31308409664779802 0.33150053024291892 0.33889778703451057 354.93920822441578 43.965435791760683
leaf_count=39 254 32 27 222 11290 4 803 115 814 216 10 27 509 13 8 22497 63 187 7 26 36 486 30 8 26 5 16 17 30101 3722
internal_value=-1.20874e-06 0.0464387 -0.048714 -0.0919697 -0.0933914 0.0900834 0.0664276 0.0999516 -0.0972273 -0.0587615 0.0993154 0.100253 0.0569643 -0.00812538 -0.0391032 -0.100014 -0.0564639 -0.100556 -0.0644561 -0.0026846 0.0521938 -0.100569 -0.0865242 -0.103761 -0.101231 -0.102356 0.101213 0.101241 0.101209 0.101219
internal_weight=856.326 569.005 204.816 287.321 154.942 49.8741 13.8863 364.189 151.947 12.1455 45.0425 363.646 7.89133 4.41743 2.76309 273.435 3.36067 270.074 4.79178 1.86336 1.26872 139.801 6.28977 2.92842 133.512 1.71677 355.755 44.6381 355.423 44.3043
internal_count=71610 47701 16896 23909 13116 3780 863 30805 12862 1030 3753 30773 629 60 47 23046 285 22761 264 69 43 11832 516 195 11316 120 30144 3749 30128 3739
is_linear=0
shrinkage=0.1


Tree=38
num_leaves=31
num_cat=0
split_feature=6 2 9 6 0 10 5 6 0 1 2 5 2 5 5 1 6 9 2 6 11 4 1 2 5 6 3 3 9 6
split_gain=330.145 261.832 114.521 33.15 10.4523 4.05634 4.18916 5.15018 3.35828 2.00552 1.76494 7.45312 1.36707 5.03174 1.00792 0.682334 0.628907 1.13411 1.5785 0.600464 2.14275 0.250075 0.14752 0.117825 1.60949 0.0557321 0.0158605 0.00493887 0.00185947 0.000857034
threshold=1.0000000180025095e-35 -0.2493404664302051 -0.13846733374056872 -5.5042769661380531 -1.628669355079096 -0.11209238840620632 0.35300850440299691 0.86116403261871755 0.4501927802334818 -0.065475030416747251 -0.25329000933969864 0.29237903068564236 -0.24732377247602697 0.20076115929052876 0.24926473826441242 -1.0407371973407937 -0.66839709116297985 -0.13726673027680064 -0.26422938838419391 -1.3667817907455606 -1.0000000180025095e-35 0.80075797320297093 0.98075232520147471 -0.25573480483701444 0.34088260965952605 0.85135922873184977 -0.14390803434748664 -0.13426585142506708 -0.138521458831036 0.94146806872320876
decision_type=2 2 2 2 2 2 2 2 2 2 2 2 2 2 2 2 2 2 2 2 2 2 2 2 2 2 2 2 2 2
left_child=3 2 4 8 -2 6 7 -4 15 -3 23 -12 13 -11 -9 -1 19 27 -19 20 -5 -7 -8 28 -25 -23 -20 -18 -6 -14
right_child=1 9 5 16 10 21 22 14 -10 12 11 -13 29 -15 -16 -17 17 18 26 -21 -22 25 -24 24 -26 -27 -28 -29 -30 -31
leaf_value=0.045805617739885035 0.10109171743762257 -0.10194223381261769 -0.15100898314686617 -0.10109158984173108 -0.10109158804485695 -0.0026464752688809623 0.10109086286064978 -0.11056075902699213 0.10109153522179329 -0.10214363882942504 -0.10109151289313389 0.10109151910216428 0.10109227843348048 0.10114023191681597 0.10127038729524403 -0.037855782041420961 -0.10117412966808287 0.078562347871648938 -0.10108742811172731 -0.10109160584686171 0.10109343505195204 0.11930902607062195 0.15198145681166267 -0.10112252286122839 0.10541049684901183 0.10111356829676461 -0.13127045415441915 -0.11097664757788427 -0.10842061565626591 0.10749504723539859
leaf_weight=1.5225087106227873 2.7130736112594596 0.49184867739677329 2.1741601759567848 2.3712652381509547 120.59308578073978 0.22997650224715371 1.5798312798142435 0.25918578170239914 8.5771666765212995 1.5564480479806651 8.6946703298017365 2.3070458145812145 322.04447426460683 5.5933457389473915 1.6842363048344848 2.7102663815021506 1.9904229026287792 1.0411987639963625 0.45757211465388525 240.29961061477661 0.67292040027677913 1.7634879564866413 0.89077872037887562 5.2929228842258444 0.40628223493695248 37.052402853034437 0.2810197356156996 0.69292006548494134 0.34717198088765044 0.20919179916381736
leaf_count=28 254 32 10 222 11290 9 148 3 803 120 814 216 30137 509 145 32 177 27 43 22497 63 13 4 486 30 3448 8 9 26 7
internal_value=-2.01689e-06 0.0463434 -0.0485379 -0.0917414 -0.0932815 0.0890775 0.0164959 -0.0452718 0.0651228 0.0998356 -0.0971129 -0.058694 0.100137 0.0568871 0.0730194 -0.00776318 -0.0998502 -0.0626516 -0.000755907 -0.100533 -0.0563984 0.101324 0.119439 -0.10045 -0.0863993 0.10194 -0.112571 -0.103705 -0.101113 0.101096
internal_weight=776.5 515.884 185.988 260.617 140.354 45.6341 6.58819 4.11758 12.8099 329.895 137.641 11.0017 329.403 7.14979 1.94342 4.23278 247.807 4.46313 1.77979 243.344 3.04419 39.0459 2.47061 126.639 5.69921 38.8159 0.738592 2.68334 120.94 322.254
internal_count=71610 47701 16896 23909 13116 3780 310 158 863 30805 12862 1030 30773 629 148 60 23046 264 78 22782 285 3470 152 11832 516 3461 51 186 11316 30144
is_linear=0
shrinkage=0.1


Tree=39
num_leaves=31
num_cat=0
split_feature=6 2 9 6 0 9 5 6 0 7 1 1 2 5 5 2 5 6 3 6 10 6 2 5 6 9 6 2 5 1
split_gain=297.942 236.646 103.416 30.1265 9.44707 3.76896 3.78126 4.4855 3.19566 2.24623 3.12757 1.81296 1.59502 6.73651 1.29996 1.23668 4.54681 0.628342 1.0652 0.542711 1.93669 0.107742 0.106839 1.45393 0.0402856 0.00141564 0.000627144 0.000501849 0.000156331 1.80099e-05
threshold=-1.0000000180025095e-35 -0.2493404664302051 -0.13846733374056872 -5.5042769661380531 -1.628669355079096 -0.13778286579157933 0.35300850440299691 0.86116403261871755 0.4501927802334818 -0.060325741826294035 -1.0407371973407937 -0.065475030416747251 -0.25329000933969864 0.29237903068564236 0.24926473826441242 -0.24732377247602697 0.20076115929052876 -0.66839709116297985 -0.13426585142506708 -1.3667817907455606 -1.0000000180025095e-35 0.87405034590428377 -0.25573480483701444 0.34088260965952605 0.85135922873184977 -0.138521458831036 0.94146806872320876 -0.24770721436376006 0.24387545171175867 -0.040722066059300441
decision_type=2 2 2 2 2 2 2 2 2 2 2 2 2 2 2 2 2 2 2 2 2 2 2 2 2 2 2 2 2 2
left_child=3 2 4 8 -2 6 7 -4 9 10 -1 -3 22 -14 -9 16 27 19 -19 20 -5 -8 25 -24 -7 -6 29 -13 -26 -17
right_child=1 11 5 17 12 24 21 14 -10 -11 -12 15 13 -15 -16 26 -18 18 -20 -21 -22 -23 23 -25 28 -27 -28 -29 -30 -31
leaf_value=0.041397175633797328 0.10098671111471287 -0.10175579163399354 -0.14402004847840597 -0.10098663805519222 -0.10098661312161289 0.11714015901548061 0.14472250904816988 -0.1110824902475462 0.1009865943763219 0.098508362642787117 -0.16771706675324299 -0.10104252355800354 -0.10098665278151131 0.10098657208135982 0.10115421247742507 0.1016598175685417 0.10103063616508766 -0.10106350548020387 0.0032408021504105964 -0.10098661943419306 0.10098829366997225 0.10098601755697112 -0.1010146014782702 0.10489861072758684 0.10335895489090419 -0.10768765845453161 0.10672618697578221 -0.10590379754404307 0.10098863681896662 0.10098647691075219
leaf_weight=1.5165209919214246 2.4573122859001151 0.44591075927019019 2.057686571031808 2.147725991904736 109.2247668588534 1.623710830695926 0.84429911430925164 0.34768507815897498 7.7685998901724815 1.3674287619069199 1.3536058468744161 1.1506516709923742 7.8750083409249765 2.0895608086138964 1.6980860903859136 0.39777197688817878 5.0662793768569827 2.5568671431392431 1.5866865906864394 217.64657402038574 0.60947353392839332 1.6920136325061319 4.7940911669284096 0.36932188272476185 0.28061675000935693 0.31617151852697034 0.19055044651031394 0.26042260695248742 32.965290975756943 291.28744710795581
leaf_count=28 254 32 10 222 11290 13 4 4 803 11 21 115 814 216 161 27 509 250 14 22497 63 175 486 30 10 26 7 5 3403 30110
internal_value=-1.77234e-06 0.0462776 -0.0484342 -0.0914508 -0.0931823 0.0886109 0.0195575 -0.0397716 0.0628831 -0.00697099 -0.057225 0.0997309 -0.0970095 -0.0586331 0.0650839 0.100032 0.0568141 -0.0997028 -0.0611224 -0.100428 -0.0563405 0.115545 -0.100343 -0.0862863 0.10176 -0.101006 0.100991 -0.10194 0.101009 0.100987
internal_weight=703.988 467.435 168.636 236.553 127.126 41.5094 6.63977 4.10346 12.0062 4.23756 2.87013 298.799 124.669 9.96457 2.04577 298.353 6.47735 224.547 4.14355 220.404 2.7572 2.53631 114.704 5.16341 34.8696 109.541 291.876 1.41107 33.2459 291.685
internal_count=71610 47701 16896 23909 13116 3780 354 175 863 60 49 30805 12862 1030 165 30773 629 23046 264 22782 285 179 11832 516 3426 11316 30144 120 3413 30137
is_linear=0
shrinkage=0.1


Tree=40
num_leaves=31
num_cat=0
split_feature=6 2 9 6 0 7 5 6 0 1 2 5 5 2 5 6 9 2 5 6 9 4 2 5 1 6 3 3 9 6
split_gain=268.956 213.907 93.416 27.3233 8.53943 3.47492 3.35927 3.91058 2.98967 1.63875 1.44163 6.08944 1.17207 1.11879 4.10883 0.663117 1.08335 1.36517 0.613073 0.490576 1.75065 0.47529 0.0968597 1.31361 0.0750346 0.0291787 0.0129697 0.00365464 0.00107394 0.000461041
threshold=1.0000000180025095e-35 -0.2493404664302051 -0.13846733374056872 -5.5042769661380531 -0.65028734159414314 -0.13147795573554272 0.35300850440299691 0.86116403261871755 0.4501927802334818 -0.065475030416747251 -0.25329000933969864 0.29237903068564236 0.24926473826441242 -0.24732377247602697 0.20076115929052876 -0.66839709116297985 -0.13726673027680064 -0.26422938838419391 0.15899418850746228 -1.3667817907455606 0.71351341403748003 -0.0089785407072667609 -0.25573480483701444 0.34088260965952605 0.98075232520147471 0.85135922873184977 -0.14300205153689063 -0.13426585142506708 -0.138521458831036 0.94146806872320876
decision_type=2 2 2 2 2 2 2 2 2 2 2 2 2 2 2 2 2 2 2 2 2 2 2 2 2 2 2 2 2 2
left_child=3 2 4 8 -2 6 7 -4 18 -3 22 -12 -9 14 -11 19 27 -18 21 20 -5 -1 28 -24 -8 -7 -19 -17 -6 -15
right_child=1 9 5 15 10 25 24 12 -10 13 11 -13 -14 29 -16 16 17 26 -20 -21 -22 -23 23 -25 -26 -27 -28 -29 -30 -31
leaf_value=-0.11125046071710697 0.10089192642217758 -0.10156080578373586 -0.13823888500706 -0.10089225822434417 -0.1008918624089109 0.11523761396561026 0.10089129101036372 -0.10992580824755911 0.10089181346704322 -0.10174097026246152 -0.10089193712957607 0.10089181605709618 0.10104344203962445 0.10089283641139352 0.10093160015734853 -0.10095926940669096 0.07564015364056749 -0.10088702545742434 0.024824762357424465 -0.10089185755288202 0.10089185710028388 -0.0029913374016977915 -0.10091712866360519 0.10443468230694618 0.13875125280316977 0.1009117624325737 -0.13047042734893971 -0.10990160795264786 -0.10700944664954004 0.10605004869171514
leaf_weight=0.7698034234344957 2.2254489772021762 0.40422018617391486 1.9356451639905565 1.9450695961713784 98.918762880377471 1.4922156855464006 1.5323614580556753 0.3177390694618224 7.0355944782495499 1.2791579924523819 7.1319615235552174 1.8923982558771966 1.5380905419588087 264.1626604301855 4.5884281089529395 1.6329083060845735 1.0054953936487434 0.39213623758405436 2.4726808816194534 197.11035966873169 0.55197139084339131 0.85701776668429197 4.3418495748192063 0.33558516949415196 0.79510125517845143 30.109558178111911 0.23822502745315344 0.63465913292020593 0.28779388684779306 0.17345821857452293
leaf_count=23 254 32 10 222 11290 13 175 4 803 120 814 216 161 30137 509 177 27 45 17 22497 63 20 486 30 4 3413 6 9 26 7
internal_value=-1.64054e-06 0.0462202 -0.0483461 -0.09119 -0.0930927 0.0882326 0.0192563 -0.0387963 0.0613388 0.0996365 -0.0969162 -0.0585781 0.0649231 0.0999375 0.0567481 -0.0995356 -0.0587162 0.003309 -0.00654248 -0.100334 -0.0562878 -0.054219 -0.100247 -0.086184 0.113825 0.101588 -0.112067 -0.103462 -0.10091 0.100896
internal_weight=638.108 423.462 152.855 214.646 115.134 37.7207 6.11894 3.79147 11.1351 270.608 112.908 9.02436 1.85583 270.204 5.86759 203.511 3.90342 1.63586 4.0995 199.607 2.49704 1.62682 103.884 4.67743 2.32746 31.6018 0.630361 2.26757 99.2066 264.336
internal_count=71610 47701 16896 23909 13116 3780 354 175 863 30805 12862 1030 165 30773 629 23046 264 78 60 22782 285 43 11832 516 179 3426 51 186 11316 30144
is_linear=0
shrinkage=0.1


Tree=41
num_leaves=31
num_cat=0
split_feature=6 2 9 6 0 9 5 6 0 1 2 5 5 2 5 6 1 3 11 5 6 11 2 5 6 6 3 9 6 2
split_gain=242.768 193.372 84.397 24.8433 7.71974 3.19652 2.99077 3.42667 2.82428 1.48188 1.30314 5.50504 1.05717 1.01202 3.71404 0.659534 1.01761 0.980959 0.644052 1.91715 0.443495 1.58265 0.0877981 1.18701 0.0526772 0.0212212 0.00251369 0.000814024 0.000342011 0.000280674
threshold=-1.0000000180025095e-35 -0.2493404664302051 -0.13846733374056872 -5.5042769661380531 -1.2776226877352699 -0.13778286579157933 0.35300850440299691 0.86116403261871755 0.4501927802334818 -0.065475030416747251 -0.25329000933969864 0.29237903068564236 0.24926473826441242 -0.24732377247602697 0.20076115929052876 -0.66839709116297985 -0.30233370365839946 -0.13426585142506708 -0.079767997342568883 0.60293666828231418 -1.3667817907455606 1.4937121905250108 -0.25573480483701444 0.34088260965952605 0.87114107028127596 0.85135922873184977 -0.13426585142506708 -0.138521458831036 0.94146806872320876 -0.24770721436376006
decision_type=2 2 2 2 2 2 2 2 2 2 2 2 2 2 2 2 2 2 2 2 2 2 2 2 2 2 2 2 2 2
left_child=3 2 4 8 -2 6 7 -4 18 -3 22 -12 -9 14 29 20 26 -18 19 -1 21 -5 27 -24 -8 -7 -17 -6 -15 -11
right_child=1 9 5 15 10 25 24 12 -10 13 11 -13 -14 28 -16 16 17 -19 -20 -21 -22 -23 23 -25 -26 -27 -28 -29 -30 -31
leaf_value=-0.12036855243335449 0.10080635098379601 -0.10146544061553389 -0.13339722149226929 -0.10080664119307668 -0.10080627588075226 0.11358439133941636 0.13377353811010545 -0.10889953189090384 0.10080639351158899 -0.1008512367786647 -0.10080624959448935 0.10080624529765775 0.10094335084645123 0.10080698995036147 0.10084224405396519 -0.10088116345507102 -0.10093657510032286 0.064469947640757433 0.044610658169605542 0.055078678651618918 -0.10080626313318669 0.10080632299987065 -0.1008291024261922 0.10401433278065267 0.10080576861899262 0.10082433598593273 -0.10897490083421942 -0.10639004411778226 0.10546464530732501 -0.10484715084387156
leaf_weight=1.3172772005200388 2.0152915827929965 0.366183802485465 1.811688166111707 1.7613957356661551 89.577530021779239 1.36878705210984 0.74480589851737056 0.29007279500365246 6.3711886899545789 0.94302314519882202 6.4584686914458853 1.713692278601229 1.3930314388126133 239.2176702930592 4.1552762966603041 1.5746743222698572 0.56407484877854586 0.98403533082455286 1.5516582457348684 1.1813918054103849 178.49653601646423 0.49984665401279915 3.931923219934105 0.30481465905904759 1.3876546369865534 27.266682538203895 0.50735127273947034 0.26184842456132074 0.15775811672210593 0.21605288889258989
leaf_count=39 254 32 10 222 11290 13 4 4 803 115 814 216 161 30137 509 187 63 6 13 8 22497 63 486 30 175 3413 8 26 7 5
internal_value=-1.84383e-06 0.0461683 -0.0482669 -0.0909114 -0.0930117 0.0878941 0.0189921 -0.0379552 0.0592992 0.099551 -0.0968318 -0.0585284 0.0647782 0.0998518 0.0566898 -0.0994012 -0.0571986 0.00420185 -0.0059918 -0.0374156 -0.100249 -0.0562402 -0.100159 -0.0860915 0.11232 0.101434 -0.102853 -0.100823 0.10081 -0.101596
internal_weight=578.392 383.582 138.526 194.809 104.264 34.2627 5.62725 3.49479 10.4215 245.056 102.248 8.17216 1.6831 244.69 5.31435 184.388 3.63014 1.54811 4.05033 2.49867 180.758 2.26124 94.0761 4.23674 2.13246 28.6355 2.08203 89.8394 239.375 1.15908
internal_count=71610 47701 16896 23909 13116 3780 354 175 863 30805 12862 1030 165 30773 629 23046 264 69 60 47 22782 285 11832 516 179 3426 195 11316 30144 120
is_linear=0
shrinkage=0.1


Tree=42
num_leaves=31
num_cat=0
split_feature=6 2 9 6 0 7 5 6 0 1 2 5 5 2 5 6 2 3 11 4 6 10 2 5 1 6 0 3 9 6
split_gain=219.239 174.824 76.2604 22.5392 6.97935 2.93466 2.66762 3.01531 2.63077 1.3395 1.17805 4.97715 0.953866 0.915533 3.35701 0.64896 0.955632 2.09742 0.546799 1.69447 0.400971 1.43088 0.0795718 1.07274 0.0372312 0.0154442 0.0131806 0.000817642 0.00061488 0.000251358
threshold=-1.0000000180025095e-35 -0.2493404664302051 -0.13846733374056872 -5.5042769661380531 -1.628669355079096 -0.13147795573554272 0.35300850440299691 0.86116403261871755 0.4501927802334818 -0.065475030416747251 -0.25329000933969864 0.29237903068564236 0.24926473826441242 -0.24732377247602697 0.20076115929052876 -0.66839709116297985 -0.26447445642054973 -0.13426585142506708 -0.079767997342568883 2.0598463665821578 -1.3667817907455606 1.9940606325293642 -0.25573480483701444 0.34088260965952605 0.98075232520147471 0.83410194845743291 0.33383419070014791 -0.13426585142506708 -0.138521458831036 0.94146806872320876
decision_type=2 2 2 2 2 2 2 2 2 2 2 2 2 2 2 2 2 2 2 2 2 2 2 2 2 2 2 2 2 2
left_child=3 2 4 8 -2 6 7 -4 18 -3 22 -12 -9 14 -11 20 17 -17 19 -1 21 -5 28 -24 -8 -7 -18 -28 -6 -15
right_child=1 9 5 15 10 25 24 12 -10 13 11 -13 -14 29 -16 16 26 -19 -20 -21 -22 -23 23 -25 -26 -27 27 -29 -30 -31
leaf_value=-0.11852423701951934 0.10072902224371082 -0.10130076978853558 -0.12930073596800559 -0.10072908507498538 -0.10072894813647547 0.11212187088571335 0.10072850051126306 -0.10798704220059839 0.10072889183212411 -0.10143376406720489 -0.10072898015687551 0.1007289368985323 0.10085293755085117 0.10072967660668944 0.10076139211483891 -0.10086695063376482 -0.12348191475014381 0.12946344836822068 0.040945036601558078 0.051087638306556528 -0.10072896567152029 0.10072899307423411 -0.10074958083373522 0.10363356659523554 0.1295782321261025 0.10074530979372065 -0.10076118468598094 -0.10623098436229568 -0.10581770284249775 0.10491690944777202
leaf_weight=1.2095218028407548 1.8248398602008808 0.33179967850446601 1.6885119411163061 1.5949371838942163 81.112153800670058 1.2538792784325803 1.2565158852376042 0.26457316055893887 5.769096146337688 1.050341757480054 5.8481214912608257 1.5517423190176485 1.2615395253524182 216.61063101305626 3.762710418086499 0.90316266007721424 0.36895241215824981 0.7031497033312919 1.5230830481741557 1.1481107473373413 161.62800097465515 0.45260944124311198 3.5604164740070696 0.27676948904991139 0.69460952281951893 24.690275292377919 1.020493689458817 0.37324185064062465 0.23814467852935095 0.14345836639404197
leaf_count=39 254 32 10 222 11290 13 175 4 803 120 814 216 161 30137 509 109 5 4 13 8 22497 63 486 30 4 3413 139 7 26 7
internal_value=-2.79048e-06 0.0461214 -0.0481955 -0.0906934 -0.0929385 0.0875902 0.0187595 -0.0372256 0.0579052 0.0994739 -0.0967555 -0.0584835 0.0646476 0.0997746 0.0566368 -0.0992776 -0.0558332 -4.17591e-05 -0.00575685 -0.0359273 -0.100172 -0.0561968 -0.10008 -0.0860078 0.110999 0.101295 -0.106675 -0.102226 -0.100744 0.100732
internal_weight=524.115 347.421 125.522 176.694 94.4122 31.1099 5.16575 3.21462 9.64981 221.899 92.5873 7.39986 1.52611 221.567 4.81305 167.045 3.369 1.60631 3.88072 2.35763 163.676 2.04755 85.1875 3.83719 1.95113 25.9442 1.76269 1.39374 81.3503 216.754
internal_count=71610 47701 16896 23909 13116 3780 354 175 863 30805 12862 1030 165 30773 629 23046 264 113 60 47 22782 285 11832 516 179 3426 151 146 11316 30144
is_linear=0
shrinkage=0.1


Tree=43
num_leaves=31
num_cat=0
split_feature=6 2 9 6 0 6 0 1 2 5 5 2 5 6 2 3 1 6 7 2 5 0 3 9 6 2 5 1 4 2
split_gain=198.032 158.067 68.9177 20.4687 6.31045 2.69067 2.45129 1.21092 1.06507 4.50023 1.03157 0.828142 3.03468 0.602852 0.86104 1.86615 0.492523 0.36255 1.29377 0.072106 0.969595 0.00970613 0.000600636 0.000464119 0.000188239 0.000150925 4.7324e-05 6.06664e-06 5.12205e-06 1.28106e-06
threshold=1.0000000180025095e-35 -0.2493404664302051 -0.13846733374056872 -5.5042769661380531 -1.3762470763811558 0.85135922873184977 0.4501927802334818 -0.065475030416747251 -0.25329000933969864 0.29237903068564236 0.23040223533012433 -0.24732377247602697 0.20076115929052876 -0.66839709116297985 -0.26447445642054973 -0.13426585142506708 -1.0407371973407937 -1.3667817907455606 1.5593493315404314 -0.25573480483701444 0.34088260965952605 0.33383419070014791 -0.13426585142506708 -0.138521458831036 0.94146806872320876 -0.24770721436376006 0.24387545171175867 -0.040722066059300441 0.7579978916165323 -0.24770721436376006
decision_type=2 2 2 2 2 2 2 2 2 2 2 2 2 2 2 2 2 2 2 2 2 2 2 2 2 2 2 2 2 2
left_child=3 2 4 6 -2 -4 16 -3 19 -10 -7 12 25 17 15 -15 -1 18 -5 23 -21 -16 -23 -6 27 -9 -12 -13 -28 -14
right_child=1 7 5 13 8 10 -8 11 9 -11 26 24 29 14 21 -17 -18 -19 -20 20 -22 22 -24 -25 -26 -27 28 -29 -30 -31
leaf_value=0.043815856898659952 0.10065905148073902 -0.1011893241255987 0.0033298230243229269 -0.10065919770580666 -0.10065911264592715 -0.10717407900580692 0.10065911446508578 -0.10069540611870825 -0.10065904133382203 0.10065903999960053 0.10224520965672697 0.10113472206837025 0.10065727140709131 -0.10078381422467371 -0.12103640234050297 0.1258856232331497 -0.032328263681994672 -0.10065909806041538 0.10065910421966867 -0.10067776719458295 0.10328872226921176 -0.10068826565673417 -0.10560617659014544 -0.10529594209386306 0.10446085401930437 -0.10391925377265135 0.10118511257230432 0.10065894024144779 0.10066145578767748 0.10080888693378996
leaf_weight=1.3109583556652071 1.652271769940852 0.30049167573451896 3.360453748144212 1.4441086957231153 73.441637705080211 0.2411130983382489 5.2235270100645721 0.77270647883415222 5.2950787246227256 1.4049996752291916 0.19111858308315532 0.26836596429347892 2.7050921618938446 0.81785522308200598 0.34033694909885426 0.65337828639894746 2.4131909352727217 146.34340763092041 0.40980771090835322 3.223779352381825 0.25122493505477894 0.92401558766141523 0.33961926214396942 0.21650379244238038 0.13035953044891258 0.17882175836712022 0.18823801260441797 195.85853677615523 24.256421217694879 0.70189012121409211
leaf_count=28 254 32 27 222 11290 4 803 115 814 216 10 27 417 109 5 4 32 22497 63 486 30 139 7 26 7 5 17 30110 3722 92
internal_value=-3.48183e-06 0.0460792 -0.0481312 -0.0905002 -0.0928723 0.0873178 0.0564641 0.0994042 -0.0966866 -0.0584428 0.0986632 0.0997046 0.0565911 -0.099193 -0.0553694 -0.00011938 -0.00552435 -0.100102 -0.0561578 -0.100009 -0.085932 -0.106047 -0.10201 -0.100673 0.100662 -0.101301 0.100678 0.10066 0.100665 0.100689
internal_weight=474.859 314.639 113.723 160.22 85.4855 28.2373 8.94768 200.916 83.8332 6.70008 24.8769 200.616 4.35851 151.273 3.07521 1.47123 3.72415 148.197 1.85392 77.1331 3.475 1.60397 1.26363 73.6581 196.257 0.951528 24.6358 196.127 24.4447 3.40698
internal_count=71610 47701 16896 23909 13116 3780 863 30805 12862 1030 3753 30773 629 23046 264 113 60 22782 285 11832 516 151 146 11316 30144 120 3749 30137 3739 509
is_linear=0
shrinkage=0.1


Tree=44
num_leaves=31
num_cat=0
split_feature=6 2 9 6 0 9 5 6 0 7 1 1 2 5 5 2 5 6 2 3 6 11 2 5 1 6 0 3 9 6
split_gain=178.694 142.925 62.1501 18.6892 5.70608 2.7559 2.42096 2.52589 2.3217 1.8848 2.44942 1.09475 0.962989 4.06929 0.777232 0.749193 2.74343 0.558607 0.775798 1.66403 0.327836 1.16989 0.0653321 0.876456 0.025424 0.0112622 0.00708536 0.000441604 0.000349418 0.000139917
threshold=1.0000000180025095e-35 -0.2493404664302051 -0.13846733374056872 -5.5042769661380531 -1.628669355079096 -0.13778286579157933 0.35300850440299691 0.86116403261871755 0.4501927802334818 -0.060325741826294035 -1.0407371973407937 -0.065475030416747251 -0.25329000933969864 0.29237903068564236 0.24926473826441242 -0.24732377247602697 0.20076115929052876 -0.66839709116297985 -0.26447445642054973 -0.13426585142506708 -1.3667817907455606 -1.0000000180025095e-35 -0.25573480483701444 0.34088260965952605 0.98075232520147471 0.85135922873184977 0.33383419070014791 -0.13426585142506708 -0.138521458831036 0.94146806872320876
decision_type=2 2 2 2 2 2 2 2 2 2 2 2 2 2 2 2 2 2 2 2 2 2 2 2 2 2 2 2 2 2
left_child=3 2 4 8 -2 6 7 -4 9 10 -1 -3 22 -14 -9 16 -13 20 19 -19 21 -5 28 -24 -8 -7 -20 -28 -6 -17
right_child=1 11 5 17 12 25 24 14 -10 -11 -12 15 13 -15 -16 29 -18 18 26 -21 -22 -23 23 -25 -26 -27 27 -29 -30 -31
leaf_value=0.03966470579925406 0.10059608121174446 -0.10105046513695662 -0.12588963607780154 -0.10059599471908287 -0.1005959851150094 0.11080811268457239 0.1005956203358369 -0.10644875829750695 0.10059603901329983 0.096201523834104657 -0.15882566106018259 -0.10116684540692576 -0.10059596050482252 0.10059595790380367 0.10069737955477819 0.10059634899146533 0.10062252515405977 -0.10070870220734317 -0.11878429024349479 0.12282375526575691 -0.10059598442930316 0.10059674445057361 -0.10061284908740689 0.10297645491836625 0.12592420473426705 0.10060941692575298 -0.10062237291910714 -0.10504693587977493 -0.10481648232158852 0.10403478663305839
leaf_weight=1.3037510514259341 1.4959277510642994 0.27221090719103713 1.5711743156425684 1.307461282238364 66.492325371131301 1.1439625220373297 1.0300353537313638 0.21958379494026292 4.7292560189962387 1.2322920574806611 1.1884057060815396 0.86202965397387687 4.7940469486638895 1.2720531849190591 1.034399722702801 177.56865654792637 3.0846815779805183 0.74054987076669931 0.31338984100147982 0.60517469141632341 132.4958461523056 0.37103019095957179 2.9187826681882139 0.22797194495797146 0.6441155970096587 20.240581220481545 0.83660356234759081 0.30885275313630689 0.19674392603337665 0.1184232234954824
leaf_count=28 254 32 10 222 11290 13 175 4 803 11 21 120 814 216 161 30137 509 109 5 4 22497 63 486 30 4 3413 139 7 26 7
internal_value=-3.39005e-06 0.0459983 -0.0479525 -0.0902108 -0.0928125 0.0861878 0.015051 -0.0414163 0.0540895 -0.00496397 -0.0549871 0.0993411 -0.0966243 -0.0584063 0.0644242 0.0996415 0.0565483 -0.0991164 -0.0549463 -0.000185765 -0.10004 -0.0561224 -0.099944 -0.0858635 0.110341 0.101155 -0.105461 -0.101815 -0.100608 0.100599
internal_weight=430.62 285.188 103.282 145.433 77.3979 25.8839 4.49931 2.82516 8.4537 3.72445 2.49216 181.906 75.9019 6.0661 1.25398 181.634 3.94671 136.979 2.80457 1.34572 134.174 1.67849 69.8358 3.14675 1.67415 21.3845 1.45885 1.14546 66.6891 177.687
internal_count=71610 47701 16896 23909 13116 3780 354 175 863 60 49 30805 12862 1030 165 30773 629 23046 264 113 22782 285 11832 516 179 3426 151 146 11316 30144
is_linear=0
shrinkage=0.1


Tree=45
num_leaves=31
num_cat=0
split_feature=6 2 9 6 0 9 5 6 0 1 2 5 5 2 5 6 2 3 5 4 6 9 2 5 2 6 0 3 9 6
split_gain=161.394 129.244 56.1744 17.009 5.15992 2.52095 2.16435 2.23586 2.16261 0.990326 0.870754 3.67986 0.701847 0.677817 2.48079 0.516202 0.699292 1.48655 0.492881 0.388593 0.296461 1.05792 0.0591871 0.79234 0.0181552 0.00822727 0.00518556 0.000324911 0.000261735 0.000102359
threshold=-1.0000000180025095e-35 -0.2493404664302051 -0.13846733374056872 -5.5042769661380531 -1.119729653960855 -0.13778286579157933 0.35300850440299691 0.86116403261871755 0.4501927802334818 -0.065475030416747251 -0.25329000933969864 0.29237903068564236 0.24926473826441242 -0.24732377247602697 0.20076115929052876 -0.66839709116297985 -0.26447445642054973 -0.13426585142506708 0.15899418850746228 -0.0089785407072667609 -1.3667817907455606 0.71351341403748003 -0.25573480483701444 0.34088260965952605 -0.26529987939919752 0.85135922873184977 0.33383419070014791 -0.13426585142506708 -0.138521458831036 0.94146806872320876
decision_type=2 2 2 2 2 2 2 2 2 2 2 2 2 2 2 2 2 2 2 2 2 2 2 2 2 2 2 2 2 2
left_child=3 2 4 8 -2 6 7 -4 18 -3 22 -12 -9 14 -11 20 17 -17 19 -1 21 -5 28 -24 -8 -7 -18 -28 -6 -15
right_child=1 9 5 15 10 25 24 12 -10 13 11 -13 -14 29 -16 16 26 -19 -20 -21 -22 -23 23 -25 -26 -27 27 -29 -30 -31
leaf_value=-0.10446372687782775 0.10053910932052315 -0.1009876826499848 -0.12287324222433456 -0.10053869433518819 -0.10053895010167585 0.10967279955195085 0.12287784541517111 -0.10580068094439471 0.1005390224896541 -0.10107385158743341 -0.10053905332406209 0.10053892609333535 0.10063070331392221 0.10053939705390116 0.10056290827882695 -0.10064082942738627 -0.11680294819660642 0.12018577727783707 0.025728381962459176 -0.00063682665976188245 -0.10053896406604307 0.10053894703103938 -0.10055421045171978 0.10269374236656817 0.10053860711447984 0.10055110428274257 -0.10056281402701268 -0.10454570142544234 -0.10437126038351718 0.10362574527337592
leaf_weight=0.68491912726312898 1.3542982377111901 0.24653994664549728 1.4547484978102176 1.1836807373911131 60.19714146293699 1.0451901718042815 0.59651982784271218 0.19984272168949224 4.2815144290216267 0.78075261740013902 4.3401614683680227 1.1516209491528568 0.93655237462371588 160.75746447732672 2.792706036940217 0.67050612904131413 0.28813590575009485 0.55898180371150397 2.1442241221666336 0.76098109642043621 119.95173954963684 0.33590248785912979 2.6424855440855022 0.20681653358042229 0.93251608265563846 18.324519677087665 0.75741569465026248 0.28073289059102524 0.1787423063069643 0.1075289249420156
leaf_count=23 254 32 10 222 11290 13 4 4 803 120 814 216 161 30137 509 109 5 4 17 20 22497 63 486 30 175 3413 139 7 26 7
internal_value=-3.63559e-06 0.045962 -0.047895 -0.0900004 -0.0927584 0.0859342 0.0149036 -0.0407724 0.0525422 0.0992843 -0.096568 -0.0583732 0.0643284 0.0995846 0.056508 -0.0990471 -0.054571 -0.00024289 -0.004698 -0.0498194 -0.0999829 -0.0560907 -0.0998856 -0.0858015 0.109254 0.101043 -0.104934 -0.10164 -0.10055 0.100541
internal_weight=390.145 258.246 93.5612 131.899 70.0713 23.4899 4.12018 2.59114 7.87164 164.685 68.717 5.49178 1.1364 164.438 3.57346 124.027 2.55577 1.22949 3.59012 1.4459 121.471 1.51958 63.2252 2.8493 1.52904 19.3697 1.32628 1.03815 60.3759 160.865
internal_count=71610 47701 16896 23909 13116 3780 354 175 863 30805 12862 1030 165 30773 629 23046 264 113 60 43 22782 285 11832 516 179 3426 151 146 11316 30144
is_linear=0
shrinkage=0.1


Tree=46
num_leaves=31
num_cat=0
split_feature=6 2 9 6 0 7 0 5 6 1 2 5 5 2 5 11 5 6 3 6 9 2 5 1 6 9 6 2 5 1
split_gain=145.695 116.879 50.7789 15.542 4.66631 2.30323 2.03456 1.93746 1.98435 0.895668 0.787411 3.32788 0.633905 0.613245 2.24314 0.504041 1.35157 0.475903 0.63244 0.268099 0.956732 0.0536146 0.716359 0.0130196 0.00601569 0.000196996 7.56343e-05 6.19468e-05 1.93176e-05 1.75862e-06
threshold=-1.0000000180025095e-35 -0.2493404664302051 -0.13846733374056872 -5.5042769661380531 -1.628669355079096 -0.13147795573554272 0.4501927802334818 0.35300850440299691 0.86116403261871755 -0.065475030416747251 -0.25329000933969864 0.29237903068564236 0.24926473826441242 -0.24732377247602697 0.20076115929052876 -0.079767997342568883 0.60293666828231418 -0.66839709116297985 -0.13426585142506708 -1.3667817907455606 0.71351341403748003 -0.25573480483701444 0.34088260965952605 0.98075232520147471 0.85135922873184977 -0.138521458831036 0.94146806872320876 -0.24770721436376006 0.24387545171175867 -0.040722066059300441
decision_type=2 2 2 2 2 2 2 2 2 2 2 2 2 2 2 2 2 2 2 2 2 2 2 2 2 2 2 2 2 2
left_child=3 2 4 6 -2 7 15 8 -4 -3 21 -12 -10 14 27 16 -1 19 -19 20 -5 25 -23 -9 -7 -6 29 -11 -26 -15
right_child=1 9 5 17 10 24 -8 23 12 13 11 -13 -14 26 -16 -17 -18 18 -20 -21 -22 22 -24 -25 28 -27 -28 -29 -30 -31
leaf_value=-0.11387818711301229 0.10048741356336158 -0.10089635197753211 -0.12026493096805833 -0.10048782228014319 -0.10048740727204208 0.108664214557584 0.1004874910687472 0.10048708201954311 -0.10522067769975599 -0.10051370501771664 -0.10048735725539755 0.10048738093343168 0.1005703648460352 0.10078461815055684 0.10050912933265668 0.041796139379930652 0.045528581372842117 -0.10054127905261599 0.0044482555109703224 -0.10048740928650701 0.10048742190864111 -0.10050119717822392 0.10243778675925513 0.12024921365116964 0.10165673873226998 -0.10397635864144478 0.10327250955193093 -0.1028996276809143 0.10048837448596813 0.10048753698104658
leaf_weight=1.0763432767707861 1.2260189950466145 0.22329291328787704 1.3433829261921379 1.0715577695518721 54.495142165571444 0.95405815960839646 3.875960657838732 0.84418607316911198 0.18177074613049604 0.57282251119613647 3.929059207905083 1.0425370759330688 0.84790994413197041 0.19953486602753301 2.5282301143743098 1.4218465054873366 1.0515170842409132 1.3009011717513206 1.0264793662354339 108.58966934680939 0.30408512614667405 2.3922169581055637 0.18757911957800377 0.55094204843044281 0.14274119958281772 0.16231546923518791 0.097610175609587624 0.13433995936065857 16.446215528529137 145.33059079083614
leaf_count=39 254 32 10 222 11290 13 803 175 4 115 814 216 161 27 509 13 8 250 14 22497 63 486 30 4 10 26 7 5 3403 30110
internal_value=-3.56233e-06 0.0459293 -0.0478431 -0.0897191 -0.0927095 0.0857062 0.0503948 0.0147728 -0.0402068 0.0992329 -0.0965171 -0.0583432 0.0642418 0.0995331 0.0564723 -0.00430183 -0.0351047 -0.0989846 -0.0542362 -0.0999317 -0.0560624 -0.0998328 -0.0857453 0.108291 0.100943 -0.100498 0.10049 -0.100967 0.100498 0.100488
internal_weight=353.551 233.832 84.7461 119.718 63.4349 21.3112 7.42567 3.76819 2.37306 149.086 62.2088 4.9716 1.02968 148.863 3.23539 3.54971 2.12786 112.293 2.32738 109.965 1.37564 57.2373 2.5798 1.39513 17.543 54.6575 145.628 0.707162 16.589 145.53
internal_count=71610 47701 16896 23909 13116 3780 863 354 175 30805 12862 1030 165 30773 629 60 47 23046 264 22782 285 11832 516 179 3426 11316 30144 120 3413 30137
is_linear=0
shrinkage=0.1


Tree=47
num_leaves=31
num_cat=0
split_feature=6 2 9 6 0 9 0 5 6 7 1 1 2 5 5 2 5 6 2 3 6 11 2 5 6 6 0 3 9 6
split_gain=131.53 105.703 45.9061 14.1377 4.22013 2.10209 1.89142 1.73634 1.76511 1.57489 2.08146 0.809616 0.712083 3.00972 0.572648 0.554795 2.02818 0.498264 0.661514 1.26558 0.242472 0.865287 0.0485617 0.647714 0.00937105 0.00440719 0.00377337 0.000242087 0.000147437 5.62786e-05
threshold=1.0000000180025095e-35 -0.2493404664302051 -0.13846733374056872 -5.5042769661380531 -0.65028734159414314 -0.13778286579157933 0.4501927802334818 0.35300850440299691 0.86116403261871755 -0.060325741826294035 -1.0407371973407937 -0.065475030416747251 -0.25329000933969864 0.29237903068564236 0.24926473826441242 -0.24732377247602697 0.20076115929052876 -0.66839709116297985 -0.26447445642054973 -0.13426585142506708 -1.3667817907455606 -1.0000000180025095e-35 -0.25573480483701444 0.34088260965952605 0.87114107028127596 0.83410194845743291 0.33383419070014791 -0.13426585142506708 -0.138521458831036 0.94146806872320876
decision_type=2 2 2 2 2 2 2 2 2 2 2 2 2 2 2 2 2 2 2 2 2 2 2 2 2 2 2 2 2 2
left_child=3 2 4 6 -2 7 9 8 -4 10 -1 -3 22 -14 -10 16 -13 20 19 -19 21 -5 28 -24 -9 -7 -20 -28 -6 -17
right_child=1 11 5 17 12 25 -8 24 14 -11 -12 15 13 -15 -16 29 -18 18 26 -21 -22 -23 23 -25 -26 -27 27 -29 -30 -31
leaf_value=0.03872336731607013 0.10044080396563292 -0.10074763317620056 -0.11799745035128484 -0.10044080682074781 -0.10044081313329707 0.10777101136048882 0.10044076753910079 0.11796830923158944 -0.10470141394819324 0.092828515424617383 -0.15241096369846199 -0.10085698117705562 -0.10044076837279509 0.10044079306652354 0.10051587504178797 0.10044128253989222 0.10046042054402049 -0.10052408761060341 -0.11515267372500122 0.11782041410506139 -0.10044081584338377 0.10044599269839312 -0.10045328309597934 0.10220608973172246 0.10044053854429982 0.10045076493866384 -0.10046031838550462 -0.10411447561640318 -0.1036085753459542 0.1029625644208515
leaf_weight=1.2029796540737154 1.1098349578678597 0.20223402604460616 1.2376958709210191 0.9700113283470273 49.330957543570541 0.8701063422486176 3.5086589059792459 0.50765409460291244 0.16524721356108774 1.1227691916283209 1.082411701558158 0.64047319116070811 3.5567215131595722 0.94374177791178215 0.76761554647237062 131.73893572110683 2.2886886415071785 0.54958997946232557 0.26460186077747383 0.51349345967173599 98.299265027046204 0.27526106964796671 2.1655472991988058 0.17009378783404816 0.76418711431324482 15.01707252115011 0.6207000850699842 0.25610587745904922 0.14736629975960269 0.088591575622557595
leaf_count=28 254 32 10 222 11290 13 803 4 4 11 21 120 814 216 161 30137 509 109 5 4 22497 63 486 30 175 3413 139 7 26 7
internal_value=-4.55983e-06 0.0458998 -0.0477961 -0.0894396 -0.0926653 0.0855012 0.0489024 0.0146565 -0.0397082 -0.00415561 -0.0518021 0.0991865 -0.096471 -0.0583161 0.0641637 0.0994865 0.0564415 -0.0988439 -0.05182 0.00494127 -0.0998853 -0.0560358 -0.0997851 -0.0856946 0.107437 0.100852 -0.104686 -0.101528 -0.10045 0.100443
internal_weight=320.379 211.713 76.7538 108.666 57.4243 19.3296 6.91682 3.4424 2.17056 3.40816 2.28539 134.959 56.3144 4.50046 0.932863 134.757 2.92916 101.749 2.20449 1.06308 99.5445 1.24527 51.814 2.33564 1.27184 15.8872 1.14141 0.876806 49.4783 131.828
internal_count=71610 47701 16896 23909 13116 3780 863 354 175 60 49 30805 12862 1030 165 30773 629 23046 264 113 22782 285 11832 516 179 3426 151 146 11316 30144
is_linear=0
shrinkage=0.1


Tree=48
num_leaves=31
num_cat=0
split_feature=6 2 9 6 0 9 0 5 6 1 2 5 5 2 5 6 2 3 5 0 6 8 2 5 1 6 0 3 9 6
split_gain=118.792 95.6001 41.5042 12.8915 3.81681 1.91673 1.75748 1.55767 1.57317 0.732611 0.643993 2.72211 0.517397 0.50196 1.8344 0.458368 0.596356 1.13356 0.428177 0.351751 0.219297 0.782574 0.043981 0.585688 0.00676656 0.0032323 0.00277309 0.00017835 0.000110339 4.08575e-05
threshold=-1.0000000180025095e-35 -0.2493404664302051 -0.13846733374056872 -5.5042769661380531 -0.53765899171348541 -0.13778286579157933 0.4501927802334818 0.35300850440299691 0.86116403261871755 -0.065475030416747251 -0.25329000933969864 0.29237903068564236 0.24926473826441242 -0.24732377247602697 0.20076115929052876 -0.66839709116297985 -0.26447445642054973 -0.13426585142506708 0.15899418850746228 0.30836788717535385 -1.3667817907455606 2.0874645925415063 -0.25573480483701444 0.34088260965952605 0.98075232520147471 0.85135922873184977 0.33383419070014791 -0.13426585142506708 -0.138521458831036 0.94146806872320876
decision_type=2 2 2 2 2 2 2 2 2 2 2 2 2 2 2 2 2 2 2 2 2 2 2 2 2 2 2 2 2 2
left_child=3 2 4 6 -2 7 18 8 -4 -3 22 -12 -10 14 -11 20 17 -17 19 -1 21 -5 28 -24 -9 -7 -18 -28 -6 -15
right_child=1 9 5 15 10 25 -8 24 12 13 11 -13 -14 29 -16 16 26 -19 -20 -21 -22 -23 23 -25 -26 -27 27 -29 -30 -31
leaf_value=-0.10316288777656318 0.10039868101079917 -0.10074377465285328 -0.116017277297293 -0.10039881003338358 -0.10039868187277881 0.10697647982572547 0.10039873439292919 0.10039844139588666 -0.10423581086272789 -0.10079545572053353 -0.10039871672317507 0.10039864313448475 0.10046658474859212 0.10039914341176177 0.10041641100316567 -0.10047397661719154 -0.11359741303348719 0.11583978474410993 0.026076764249330493 -0.0003633671520857462 -0.10039867598523665 0.10039874684879951 -0.10040994160042085 0.10199638224898744 0.11597955733739479 0.10040771776895314 -0.10041633205502756 -0.10370906908187666 -0.1032751765135362 0.10265464640066929
leaf_weight=0.61366784712299638 1.004620449617504 0.18308287113904853 1.1380433426238625 0.87805489450693019 44.65427519893273 0.79279824672266741 3.1760311000980437 0.6917403172701595 0.15015567978844035 0.57992095407098476 3.2195335277356198 0.85427300119772542 0.69489074964076281 119.25000226520933 2.0717531754635274 0.49752497905865312 0.24250556947663315 0.47216282319277558 1.9403867870569227 0.72738921269774437 88.980278968811035 0.24917133897542953 1.9602709719911211 0.15420756489038456 0.46681502461433411 13.593540200497953 0.561866173753515 0.23259388259612013 0.13375199818984285 0.080366969108580544
leaf_count=38 254 32 10 222 11290 13 803 175 4 120 814 216 161 30137 509 109 5 4 17 5 22497 63 486 30 4 3413 139 7 26 7
internal_value=-5.05055e-06 0.045873 -0.047754 -0.0892156 -0.0926254 0.0853165 0.0473709 0.0145528 -0.0392675 0.0991444 -0.0964294 -0.0582917 0.0640932 0.0994444 0.0564114 -0.0987907 -0.0515205 0.00485406 -0.00395346 -0.0474044 -0.0998434 -0.0560129 -0.0997419 -0.0856486 0.106677 0.10077 -0.104237 -0.10138 -0.100407 0.100401
internal_weight=290.246 191.674 69.5089 98.5716 51.9809 17.528 6.45747 3.14165 1.98309 122.165 50.9763 4.07381 0.845046 121.982 2.65167 92.1142 2.00665 0.969688 3.28144 1.34106 90.1075 1.12723 46.9025 2.11448 1.15856 14.3863 1.03697 0.79446 44.788 119.33
internal_count=71610 47701 16896 23909 13116 3780 863 354 175 30805 12862 1030 165 30773 629 23046 264 113 60 43 22782 285 11832 516 179 3426 151 146 11316 30144
is_linear=0
shrinkage=0.1


Tree=49
num_leaves=31
num_cat=0
split_feature=6 2 9 6 0 7 0 5 6 1 2 5 5 2 5 6 2 3 11 1 6 8 2 5 1 6 0 3 9 6
split_gain=107.248 86.4665 37.5275 11.7898 3.45218 1.7463 1.64248 1.39863 1.40448 0.662445 0.582442 2.46208 0.467545 0.454085 1.65895 0.420947 0.53777 1.01651 0.374255 1.42393 0.198353 0.707816 0.0398289 0.529636 0.00489965 0.00238085 0.00203748 0.000131462 8.24069e-05 3.09645e-05
threshold=-1.0000000180025095e-35 -0.2493404664302051 -0.13846733374056872 -5.5042769661380531 -0.65028734159414314 -0.13147795573554272 0.4501927802334818 0.35300850440299691 0.86116403261871755 -0.065475030416747251 -0.25329000933969864 0.29237903068564236 0.24926473826441242 -0.24732377247602697 0.20076115929052876 -0.66839709116297985 -0.26447445642054973 -0.13426585142506708 -0.079767997342568883 -1.0407371973407937 -1.3667817907455606 2.0874645925415063 -0.25573480483701444 0.34088260965952605 0.98075232520147471 0.83410194845743291 0.33383419070014791 -0.13426585142506708 -0.138521458831036 0.94146806872320876
decision_type=2 2 2 2 2 2 2 2 2 2 2 2 2 2 2 2 2 2 2 2 2 2 2 2 2 2 2 2 2 2
left_child=3 2 4 6 -2 7 18 8 -4 -3 22 -12 -10 14 -11 20 17 -17 19 -1 21 -5 28 -24 -9 -7 -18 -28 -6 -15
right_child=1 9 5 15 10 25 -8 24 12 13 11 -13 -14 29 -16 16 26 -19 -20 -21 -22 -23 23 -25 -26 -27 27 -29 -30 -31
leaf_value=0.038833181966714161 0.10036060541439339 -0.10067544511613086 -0.11428108535911391 -0.10036005791006891 -0.10036059835332141 0.10627787805807008 0.10036075567787764 0.10036035977383906 -0.10381786614800355 -0.10072451685667357 -0.10036067469099266 0.1003605796296469 0.10042202608596924 0.10036072835413359 0.10037667391479595 -0.10042868623597503 -0.11220660842283364 0.11410719967899384 0.037638005005750208 -0.13744593700289701 -0.10036058585781278 0.10036058073472426 -0.10037078448203429 0.10180656312648886 0.11423827435063927 0.10036876995329941 -0.10037656865944702 -0.10334480440550481 -0.10297031166344084 0.10242261626803884
leaf_weight=1.1414437443017957 0.90934561751782794 0.16572463512420554 1.0445835138671093 0.794785976409911 40.419409593567245 0.72185105876997013 2.8748234289232641 0.62613792065530993 0.13638551998883475 0.5250600276049221 2.9142053399700667 0.77325662202201773 0.62902791518718004 107.9409249528544 1.8753039787989108 0.45037192525342107 0.22195681533776113 0.43338372651487589 1.3004983621649433 0.76557387062348459 80.541678726673126 0.2255408763885498 1.7743832850828827 0.13977969996631134 0.42849871516227722 12.304471472278236 0.50858871662057936 0.21116354176774621 0.12136117368936439 0.072883248329161598
leaf_count=28 254 32 10 222 11290 13 803 175 4 120 814 216 161 30137 509 109 5 4 13 19 22497 63 486 30 4 3413 139 7 26 7
internal_value=-5.79779e-06 0.0458488 -0.0477158 -0.0889387 -0.0925892 0.0851506 0.0454707 0.0144602 -0.0388769 0.0991063 -0.0963917 -0.0582697 0.0640295 0.0994061 0.0563874 -0.0987426 -0.0512506 0.00477727 -0.00372592 -0.0319342 -0.0998055 -0.0559912 -0.0997029 -0.085607 0.105999 0.100696 -0.10383 -0.101247 -0.100368 0.100362
internal_weight=262.992 173.523 62.9427 89.4698 47.0517 15.891 6.08234 2.86463 1.81 110.58 46.1424 3.68746 0.765413 110.414 2.40036 83.3875 1.82546 0.883756 3.20752 1.90702 81.562 1.02033 42.4549 1.91416 1.05464 13.0263 0.941709 0.719752 40.5408 108.014
internal_count=71610 47701 16896 23909 13116 3780 863 354 175 30805 12862 1030 165 30773 629 23046 264 113 60 47 22782 285 11832 516 179 3426 151 146 11316 30144
is_linear=0
shrinkage=0.1


Tree=50
num_leaves=31
num_cat=0
split_feature=6 2 9 6 0 7 0 5 6 5 1 2 5 5 2 5 6 2 3 0 6 11 2 5 1 6 0 3 9 6
split_gain=96.8249 78.2089 33.9341 10.7879 3.12251 1.58985 1.53234 1.25683 1.25574 0.637379 0.599156 0.526801 2.22698 0.422552 0.410832 1.50038 0.385965 0.485104 0.912488 0.19124 0.179411 0.640234 0.036066 0.478976 0.00355654 0.00174951 0.0014989 9.69526e-05 6.17887e-05 2.28172e-05
threshold=-1.0000000180025095e-35 -0.2493404664302051 -0.13846733374056872 -5.5042769661380531 -1.628669355079096 -0.13147795573554272 0.4501927802334818 0.35300850440299691 0.86116403261871755 0.15091025867848165 -0.065475030416747251 -0.25329000933969864 0.29237903068564236 0.24926473826441242 -0.24732377247602697 0.20076115929052876 -0.66839709116297985 -0.26447445642054973 -0.13426585142506708 0.34547058271396597 -1.3667817907455606 -1.0000000180025095e-35 -0.25573480483701444 0.34088260965952605 0.98075232520147471 0.85135922873184977 0.33383419070014791 -0.13426585142506708 -0.138521458831036 0.94146806872320876
decision_type=2 2 2 2 2 2 2 2 2 2 2 2 2 2 2 2 2 2 2 2 2 2 2 2 2 2 2 2 2 2
left_child=3 2 4 6 -2 7 9 8 -4 19 -3 22 -13 -10 15 -12 20 18 -18 -1 21 -5 28 -24 -9 -7 -19 -28 -6 -16
right_child=1 10 5 16 11 25 -8 24 13 -11 14 12 -14 -15 29 -17 17 26 -20 -21 -22 -23 23 -25 -26 -27 27 -29 -30 -31
leaf_value=-0.10298918838304401 0.10032626829951263 -0.10061207366932153 -0.11275348276555218 -0.10032615902395348 -0.10032615565749295 0.10564439886953941 0.10032629089521278 0.10032595397401645 -0.10344245945069355 0.03160773337576385 -0.1006562753225059 -0.10032607162754344 0.10032617081631666 0.10038171779590051 0.10032629331685544 0.10034068543210857 -0.10038773059550915 -0.11096823350618371 0.11258589779221856 -0.022450267426936191 -0.10032616877267547 0.10032693770551138 -0.10033541013425372 0.10163476207628395 0.11270809695832913 0.1003335538925561 -0.10034061429687893 -0.10301737456593972 -0.10269880621326916 0.10218496947702865
leaf_weight=0.57264216779731147 0.82307799160480399 0.15003809332847495 0.95732570486143165 0.71938173938542604 36.584909214172505 0.65686538862064381 2.6020964032504708 0.56673744972795237 0.1238316772505641 1.9470888525247572 0.47539827227592413 2.6377443824894722 0.69989935541525472 0.56938485661521554 97.700841687736101 1.6974230064079163 0.40767116076312959 0.2029592734761525 0.39716822723858058 0.60771000385284424 72.900864720344543 0.20414407085627218 1.6060658451169789 0.1266808109357952 0.39271506667137146 11.137254935223607 0.46034660493023694 0.19164507067762315 0.11008955119177599 0.066091835498808815
leaf_count=38 254 32 10 222 11290 13 803 175 4 18 120 814 216 161 30137 509 109 5 4 4 22497 63 486 30 4 3413 139 7 26 7
internal_value=-6.83671e-06 0.045827 -0.0476813 -0.0886579 -0.0925565 0.0850007 0.0436305 0.0143775 -0.03853 -0.0035416 0.0990719 -0.0963577 -0.0582496 0.0639719 0.0993717 0.0563639 -0.0986991 -0.05101 0.00470946 -0.0615233 -0.0997713 -0.0559721 -0.0996676 -0.0855694 0.105394 0.100629 -0.103464 -0.101127 -0.100333 0.100328
internal_weight=238.296 157.082 56.9926 81.2137 42.5885 14.4041 5.72954 2.60999 1.65054 3.12744 100.09 41.7654 3.33764 0.693217 99.9398 2.17282 75.4842 1.65979 0.804839 1.18035 73.8244 0.923526 38.4277 1.73275 0.959453 11.7941 0.854951 0.651992 36.695 97.7669
internal_count=71610 47701 16896 23909 13116 3780 863 354 175 60 30805 12862 1030 165 30773 629 23046 264 113 42 22782 285 11832 516 179 3426 151 146 11316 30144
is_linear=0
shrinkage=0.1


Tree=51
num_leaves=31
num_cat=0
split_feature=6 2 9 6 0 9 0 7 1 5 6 1 2 5 5 2 5 6 2 3 6 7 2 5 6 6 0 3 9 6
split_gain=87.4019 70.7424 30.6868 9.88681 2.82441 1.44648 1.42837 1.2974 1.74616 1.13021 1.12421 0.541884 0.476489 2.0144 0.381934 0.371722 1.35693 0.353375 0.437748 0.819843 0.162288 0.579127 0.0326563 0.433184 0.0025872 0.00128336 0.00110812 7.15316e-05 4.59698e-05 1.67704e-05
threshold=1.0000000180025095e-35 -0.2493404664302051 -0.13846733374056872 -5.5042769661380531 -1.628669355079096 -0.13778286579157933 0.4501927802334818 -0.060325741826294035 -1.0407371973407937 0.35300850440299691 0.86116403261871755 -0.065475030416747251 -0.25329000933969864 0.29237903068564236 0.24926473826441242 -0.24732377247602697 0.20076115929052876 -0.66839709116297985 -0.26447445642054973 -0.13426585142506708 -1.3667817907455606 -1.0000000180025095e-35 -0.25573480483701444 0.34088260965952605 0.87405034590428377 0.85135922873184977 0.33383419070014791 -0.13426585142506708 -0.138521458831036 0.94146806872320876
decision_type=2 2 2 2 2 2 2 2 2 2 2 2 2 2 2 2 2 2 2 2 2 2 2 2 2 2 2 2 2 2
left_child=3 2 4 6 -2 9 7 8 -1 10 -4 -3 22 -14 -12 16 -13 20 19 -19 21 -5 28 -24 -11 -7 -20 -28 -6 -17
right_child=1 11 5 17 12 25 -8 -9 -10 24 14 15 13 -15 -16 29 -18 18 26 -21 -22 -23 23 -25 -26 -27 27 -29 -30 -31
leaf_value=0.038659045589858089 0.10029517262965292 -0.1004982417420197 -0.11140536234968151 -0.10029502665577597 -0.10029502672639429 0.10507181411402547 0.10029485510733982 0.08988114153882755 -0.14608361067862158 0.11135913319346183 -0.10310506019065423 -0.10057649720395781 -0.1002950584116036 0.1002950123597751 0.10034530080918065 0.10029531778909831 0.10030816028446124 -0.10035070188364995 -0.10988127153478766 0.11124575469404181 -0.10029503114815584 0.10029685271324824 -0.10030338392435545 0.10147930589822352 0.10029484452498383 0.10030172677438959 -0.10030810635173951 -0.10272277322349997 -0.10244395645975662 0.10196862286275168
leaf_weight=1.0794945955276491 0.7449706494808187 0.13589329086244006 0.87616838677786224 0.65111528057605028 33.113150600809597 0.59744833828881283 2.3551703132688999 1.0028294331859786 0.97256296430714462 0.35942686069756735 0.11239553592167795 0.43046176456846197 2.3874310958199199 0.63348172558471549 0.5153782214038074 88.429264051141217 1.5363637250848112 0.36900531011633575 0.18538454535882809 0.36347968480549753 65.982870876789093 0.18477227073162694 1.4536688132211626 0.1147922109812497 0.51295624044723809 10.080440916353835 0.41666697384789586 0.17387955426238477 0.099847189616410925 0.059935867786406472
leaf_count=28 254 32 10 222 11290 13 803 11 21 4 4 120 814 216 161 30137 509 109 5 4 22497 63 486 30 175 3413 139 7 26 7
internal_value=-7.63715e-06 0.0458073 -0.0476501 -0.0883562 -0.0925269 0.0848653 0.0417747 -0.00334147 -0.0488989 0.0143035 -0.0382213 0.099041 -0.0963269 -0.0582316 0.0639199 0.0993407 0.0563423 -0.0986598 -0.0507957 0.00464942 -0.0997403 -0.0559544 -0.0996356 -0.0855354 0.104853 0.100569 -0.103136 -0.101019 -0.100301 0.100296
internal_weight=215.931 142.193 51.6016 73.7372 38.5473 13.0542 5.41006 3.05489 2.05206 2.37633 1.50394 90.5919 37.8024 3.02091 0.627774 90.456 1.96683 68.3272 1.50842 0.732485 66.8188 0.835888 34.7815 1.56846 0.872383 10.6779 0.775931 0.590547 33.213 88.4892
internal_count=71610 47701 16896 23909 13116 3780 863 60 49 354 175 30805 12862 1030 165 30773 629 23046 264 113 22782 285 11832 516 179 3426 151 146 11316 30144
is_linear=0
shrinkage=0.1


Tree=52
num_leaves=31
num_cat=0
split_feature=6 2 9 6 0 0 9 5 6 5 1 2 5 5 2 5 6 2 3 0 6 10 2 5 6 6 0 3 9 6
split_gain=78.9232 63.9908 27.7518 9.04318 2.55486 1.3224 1.31531 1.01698 1.00761 0.564863 0.490206 0.431 1.82216 0.345258 0.3363 1.22743 0.323224 0.395022 0.737181 0.191096 0.146797 0.523849 0.0295672 0.391788 0.00188568 0.000947512 0.000805644 5.2799e-05 3.43762e-05 1.25317e-05
threshold=1.0000000180025095e-35 -0.2493404664302051 -0.13846733374056872 -5.5042769661380531 -0.53765899171348541 0.4501927802334818 -0.13778286579157933 0.35300850440299691 0.86116403261871755 0.15091025867848165 -0.065475030416747251 -0.25329000933969864 0.29237903068564236 0.24926473826441242 -0.24732377247602697 0.20076115929052876 -0.66839709116297985 -0.26447445642054973 -0.13426585142506708 0.34547058271396597 -1.3667817907455606 1.9940606325293642 -0.25573480483701444 0.34088260965952605 0.87405034590428377 0.83410194845743291 0.33383419070014791 -0.13426585142506708 -0.138521458831036 0.94146806872320876
decision_type=2 2 2 2 2 2 2 2 2 2 2 2 2 2 2 2 2 2 2 2 2 2 2 2 2 2 2 2 2 2
left_child=3 2 4 5 -2 9 7 8 -4 19 -3 22 -13 -10 15 -12 20 18 -18 -1 21 -5 28 -24 -9 -8 -19 -28 -6 -16
right_child=1 10 6 16 11 -7 25 24 13 -11 14 12 -14 -15 29 -17 17 26 -20 -21 -22 -23 23 -25 -26 -27 27 -29 -30 -31
leaf_value=-0.10282330315097672 0.10026698750011523 -0.10049605853889128 -0.11021238808273347 -0.10026666599449008 -0.10026685886275338 0.10026687241944635 0.10457263007673329 0.11016660236725853 -0.10280168749479975 0.031232277979542963 -0.10053924505154997 -0.10026680436683598 0.10026688052889077 0.10031234415333921 0.10026713904074852 0.10027869257326548 -0.10031722675674598 -0.10883652410893288 0.1100618151161388 -0.020083060918001945 -0.10026684568489286 0.10026689397357874 -0.10027442120813848 0.1013385958798808 0.10026670430841855 0.10027294549499738 -0.10027870260618509 -0.10245762720721757 -0.10221836637505265 0.10178659119390571
leaf_weight=0.52760743000544541 0.67425678856670757 0.12297076359391113 0.80093133589252763 0.58931319043040176 29.970002754824236 2.1316127886530012 0.54302549106068809 0.32856279122643162 0.10198452370241284 1.8170333653688429 0.38964834553189476 2.1608122542966188 0.57335069240070868 0.46647894429042935 80.035505118547007 1.3905475232750175 0.33399557112716138 0.16929442482069024 0.33224653848446906 0.59272633492946625 59.719682395458221 0.16723253205418587 1.315694365184753 0.10400517378002394 0.46426562080159783 9.123645671643315 0.37712079659104347 0.15771914925426245 0.09053716505877929 0.054316401481627419
leaf_count=38 254 32 10 222 11290 803 13 4 4 18 120 814 216 161 30137 509 109 5 4 4 22497 63 486 30 175 3413 139 7 26 7
internal_value=-8.44739e-06 0.0457895 -0.047622 -0.0880996 -0.0925002 0.0403091 0.0847437 0.0142371 -0.0379461 -0.00320151 0.099013 -0.096299 -0.0582151 0.0638729 0.0993126 0.0563238 -0.0986241 -0.0505992 0.00459615 -0.0590486 -0.0997123 -0.0559392 -0.0996067 -0.0855045 0.104369 0.100514 -0.102824 -0.100921 -0.100273 0.100268
internal_weight=195.626 128.711 46.7176 66.9156 34.8887 5.06898 11.8289 2.16222 1.36939 2.93737 81.993 34.2144 2.73416 0.568463 81.87 1.7802 61.8466 1.37038 0.666242 1.12033 60.4762 0.756546 31.4802 1.4197 0.792828 9.66667 0.704134 0.53484 30.0605 80.0898
internal_count=71610 47701 16896 23909 13116 863 3780 354 175 60 30805 12862 1030 165 30773 629 23046 264 113 42 22782 285 11832 516 179 3426 151 146 11316 30144
is_linear=0
shrinkage=0.1


Tree=53
num_leaves=31
num_cat=0
split_feature=2 6 4 7 0 6 6 3 1 5 2 1 6 6 8 5 5 3 2 2 5 1 0 5 2 5 2 4 4 4
split_gain=71.3459 51.0206 13.4751 10.3162 5.55334 4.37639 3.74533 3.68756 2.45577 1.81126 1.80944 1.47765 0.686518 0.506555 0.857964 0.298878 0.291196 0.224244 0.991656 0.209002 0.555726 0.530173 0.684705 0.15424 0.16766 0.132078 0.126344 0.527489 0.103939 0.0807064
threshold=-0.24647855410191979 -1.0000000180025095e-35 0.66219611224868558 -0.13135973324796585 -0.87863263430949334 -5.5042769661380531 0.42969770912032318 -1.0000000180025095e-35 -1.0407371973407937 -0.14011121516482025 -0.24969261551170355 0.811838452873064 -5.7047173845364023 0.90080073078096168 -0.11411016702117315 0.23579152188277805 0.29911563887645953 -0.13426585142506708 -0.26447445642054973 -0.25912653016912662 0.29911563887645953 0.020715652705905526 0.14114346666898211 0.3139361768962573 -0.25406979032670518 0.059292387283368074 -0.24732377247602697 0.62574282983320006 0.073564746091864322 2.0598463665821578
decision_type=2 2 2 2 2 2 2 2 2 2 2 2 2 2 2 2 2 2 2 2 2 2 2 2 2 2 2 2 2 2
left_child=2 5 7 4 -4 -2 8 17 -5 -9 11 12 -6 19 23 -12 -13 26 -19 -14 -21 -22 -23 -15 -25 28 -1 -28 -11 -10
right_child=1 -3 3 6 10 -7 -8 9 29 25 15 16 13 14 -16 -17 -18 18 -20 20 21 22 -24 24 -26 -27 27 -29 -30 -31
leaf_value=-0.10017974638731189 0.10608641994186284 0.10024159375015818 0.10025094827812736 0.11215873813613356 0.10024141104328149 -0.09939876392594528 0.1004692682380068 -0.14022912388580372 -0.099769468533955297 -0.058779478848983741 -0.10070795563892104 -0.10024125439429968 -0.099926934493561187 -0.096688273851407547 0.09542699140688253 0.091390687516192518 0.094277429926601194 0.093657536136735983 -0.1013933263579341 -0.097556641316125903 -0.09941165564147364 -0.10024141858150025 0.082569400218685723 -0.10024142019938283 0.10023367099251784 0.10366756922856382 -0.10027580061422302 0.10024127034200914 0.1002414083378535 -0.16279611023303878
leaf_weight=51.970013706595637 1.1031460165977502 71.915010500524659 2.1080726683139863 0.72167357476428184 0.19940964877606759 17.146815434098244 8.2263025492429716 0.42591723432997253 1.4253770452924062 0.095648574118966878 0.090630863094697811 0.088893554871900871 10.141722483327625 0.81324055371806026 0.39785192161798366 0.76158095640130341 0.57325712963938713 0.32739813323132683 1.2785899818409223 3.3091254679020379 0.57900282880291321 0.30512074800208211 0.6236302254255861 0.076880823355168104 0.091206311713904142 1.3445583693683145 0.66768174956086923 0.16327497153542936 0.07207479840144515 0.23694342374801625
leaf_count=21588 338 29920 861 30 83 7137 3207 34 443 13 25 37 3892 338 160 314 98 14 420 1254 241 127 252 32 40 348 265 68 30 1
internal_value=-9.40055e-06 0.0623472 -0.0645491 -0.0113278 -0.0533347 -0.0869779 0.0684854 -0.093613 -0.0418795 0.0419275 -0.0712705 -0.078318 -0.0841831 -0.0864341 -0.0284442 0.0709614 0.0681633 -0.0984416 -0.0616301 -0.0917807 -0.0746292 -0.0243094 0.0225109 -0.0786644 0.00853903 0.0932299 -0.0995612 -0.0608761 0.00955565 -0.108753
internal_weight=177.28 90.165 87.1151 30.7699 20.1596 18.25 10.6103 56.3452 2.38399 1.9382 18.0516 17.1993 16.5372 16.3378 1.37918 0.852212 0.662151 54.407 1.60599 14.9586 4.81688 1.50775 0.928751 0.981328 0.168087 1.51228 52.801 0.830957 0.167723 1.66232
internal_count=71610 37395 34215 11435 7754 7475 3681 22780 474 425 6893 6554 6419 6336 570 339 135 22355 434 5766 1874 620 379 410 72 391 21921 333 43 444
is_linear=0
shrinkage=0.1


Tree=54
num_leaves=31
num_cat=0
split_feature=2 6 4 7 0 6 6 6 1 2 5 1 6 6 9 5 5 3 2 2 0 1 5 0 5 4 2 4 5 2
split_gain=64.4559 46.1394 12.2276 9.29145 5.00216 3.94997 3.39446 3.3504 2.18205 1.62641 1.61118 1.33 0.618267 0.46017 0.981075 0.266165 0.257633 0.209184 0.889906 0.166491 0.429596 0.559378 0.311987 0.157037 0.123976 0.121758 0.114232 0.477156 0.106356 0.101054
threshold=-0.24647855410191979 1.0000000180025095e-35 0.66219611224868558 -0.13135973324796585 -0.87863263430949334 -5.5042769661380531 0.42969770912032318 -1.2516042132726666 -1.0407371973407937 -0.24969261551170355 -0.14011121516482025 0.811838452873064 -5.7047173845364023 0.89753314667278661 -0.13874180582767479 0.23579152188277805 0.29911563887645953 -0.13426585142506708 -0.26447445642054973 -0.25990267148830087 0.14882227260438483 0.049296733026605449 0.29911563887645953 0.29512743273497516 0.059292387283368074 0.80686783930371953 -0.24732377247602697 0.62574282983320006 0.3139361768962573 -0.25825101200512762
decision_type=2 2 2 2 2 2 2 2 2 2 2 2 2 2 2 2 2 2 2 2 2 2 2 2 2 2 2 2 2 2
left_child=2 5 7 4 -4 -2 8 10 -5 11 -1 12 -6 19 23 -11 -13 26 -19 -14 -21 -22 25 -15 -12 -23 -9 -28 -17 -24
right_child=1 -3 3 6 9 -7 -8 17 -10 15 24 16 13 14 -16 28 -18 18 -20 20 21 22 29 -25 -26 -27 27 -29 -30 -31
leaf_value=-0.13638824602953312 0.10561419396500171 0.10021859098280402 0.10022708155986515 0.11091937493814751 0.10021837841568698 -0.09919245518014963 0.10042570370700601 -0.10014258832086223 -0.10655839993592431 -0.10065725767062783 0.009284011330894338 -0.10021852644695635 -0.099941516867792388 -0.090137503627411811 0.10023952851952259 0.10022388790051372 0.091784758038389369 0.090284751770815394 -0.10127211434556267 -0.10051071927850497 -0.09314365022557955 -0.10022311712351413 -0.021170593257862115 0.037649571912216462 0.10333700267189283 0.081037367256326875 -0.10024728062357641 0.10021826596655024 -0.054312102518563624 0.090566140436690673
leaf_weight=0.3956822623149493 1.0024052858352686 65.08559238165617 1.9078947799280346 0.65991975739598308 0.18047267198563055 15.54579676943831 7.4465303393080831 47.040993681992404 1.5332959056831876 0.082048738375301578 0.15833389660110575 0.08045163098722774 8.9779855376109499 1.1612947140820322 0.39917292934842308 0.65369753073900938 0.53208868461661041 0.30675113666802634 1.1582295054104168 2.6391510639805302 0.80025866650976218 0.20106529351323843 0.099807748338207603 0.10484993224963535 1.2203007219359276 0.045432357350364327 0.60430834966245939 0.14776949281804264 0.047791270771995187 0.42814805149100721
leaf_count=34 338 29920 861 30 83 7137 3207 21588 444 25 43 37 3791 531 176 295 98 14 420 1094 362 91 42 48 348 17 265 68 19 184
internal_value=-7.2304e-06 0.0623103 -0.0643912 -0.0112652 -0.0530407 -0.0867863 0.0682212 -0.0935205 -0.0411212 -0.0708346 0.041484 -0.0778737 -0.0837573 -0.085992 -0.036459 0.0697627 0.0665669 -0.0983835 -0.0611622 -0.092245 -0.075847 -0.0345117 0.0260739 -0.0795554 0.0925352 -0.0668147 -0.0995244 -0.0608595 0.0896956 0.0694428
internal_weight=160.648 81.6338 79.0137 27.9814 18.3416 16.5482 9.63975 51.0324 2.19322 16.4337 1.77432 15.6502 15.0376 14.8572 1.66532 0.783538 0.61254 49.2581 1.46498 13.1918 4.21386 1.57471 0.774453 1.26614 1.37863 0.246498 47.7931 0.752078 0.701489 0.527956
internal_count=71610 37395 34215 11435 7754 7475 3681 22780 474 6893 425 6554 6419 6336 755 339 135 22355 434 5581 1790 696 334 579 391 108 21921 333 314 226
is_linear=0
shrinkage=0.1


Tree=55
num_leaves=31
num_cat=0
split_feature=2 6 4 7 0 6 6 6 1 2 5 1 6 6 11 5 5 3 2 5 2 2 0 1 5 5 4 2 7 2
split_gain=58.2246 41.7235 11.0925 8.36711 4.50394 3.564 3.07644 3.04907 1.94422 1.46192 1.42833 1.19609 0.556301 0.429506 0.872413 0.239793 0.227377 0.195684 0.798506 0.1611 0.248085 0.156317 0.400904 0.500286 0.323303 0.123994 0.112986 0.111934 0.119658 0.103305
threshold=-0.24647855410191979 1.0000000180025095e-35 0.66219611224868558 -0.13135973324796585 -0.87863263430949334 -5.5042769661380531 -1.0000000180025095e-35 -1.2357271059153361 -1.0407371973407937 -0.24969261551170355 -0.14011121516482025 0.811838452873064 -5.7047173845364023 0.89753314667278661 -0.089943453439369964 0.23579152188277805 0.29911563887645953 -0.13426585142506708 -0.26447445642054973 0.3139361768962573 -0.25406979032670518 -0.25990267148830087 0.14882227260438483 0.020715652705905526 0.29911563887645953 0.059292387283368074 0.80686783930371953 -0.25782856046537267 -0.13154169888203276 -0.24732377247602697
decision_type=2 2 2 2 2 2 2 2 2 2 2 2 2 2 2 2 2 2 2 2 2 2 2 2 2 2 2 2 2 2
left_child=2 5 7 4 -4 -2 8 10 -5 11 -1 12 -6 21 19 -11 -13 29 -19 -15 -21 -14 -23 -24 26 -12 -25 28 -26 -9
right_child=1 -3 3 6 9 -7 -8 17 -10 15 25 16 13 14 -16 -17 -18 18 -20 20 -22 22 23 24 27 -27 -28 -29 -30 -31
leaf_value=-0.13283951292726456 0.10516845020094634 0.10019783291414182 0.1002053783082278 0.10981401900776092 0.10019754246318945 -0.098949421586825015 0.10038613715426346 -0.10010449842554732 -0.10475504725612568 -0.10060937749023136 0.0083677560196196901 -0.1001974556241183 -0.099693872475175374 -0.09660054613458173 0.10021636123973417 0.089239179195708437 0.08905933335438225 0.086714260528231946 -0.10116229665248791 -0.10019957447043211 0.1002170681043151 -0.10041222770597079 -0.096757412763918707 -0.10020365657174797 -0.094920019119670726 0.10303449526744238 0.078021834166031534 0.094302370802206464 0.091182350808853826 -0.060837499606353609
leaf_weight=0.36710156081244361 0.91066332161426444 58.903466112911701 1.7266893601045055 0.60282283101696554 0.16333065181970674 14.09930738591356 6.7404196285642666 42.579834466043394 1.410079038585536 0.074275145772841777 0.15811548451892909 0.072810064535588803 8.1428058557212335 0.92764444695785619 0.36126626865006883 0.63807200430892408 0.49545108736492693 0.28841160866431881 1.0491098671918724 0.13120110123418272 0.11670111794956028 2.3902286961674686 0.67576380469836272 0.21509004500694573 0.076106239343062043 1.1072509286459533 0.042618091451004148 0.38081231201067567 0.063272428000345826 0.68069688387913529
leaf_count=34 338 29920 861 30 83 7137 3207 21588 444 25 43 37 3791 458 176 314 98 14 420 66 55 1094 335 107 32 348 17 177 28 333
internal_value=-4.54343e-06 0.0622709 -0.0642222 -0.0111993 -0.0527205 -0.0865655 0.0679891 -0.0934085 -0.040496 -0.0703624 0.0408232 -0.0773488 -0.083251 -0.0854666 -0.0356953 0.069444 0.0648103 -0.0983219 -0.0606502 -0.0774634 -0.00585251 -0.0918478 -0.0752269 -0.0338153 0.0208628 0.0912053 -0.0707299 0.0662388 -0.0104369 -0.0994866
internal_weight=145.591 73.9134 71.678 25.4475 16.6941 15.01 8.75332 46.2305 2.0129 14.9674 1.63247 14.2551 13.6868 13.5235 1.53681 0.712347 0.568261 44.5981 1.33752 1.17555 0.247902 11.9867 3.84389 1.45366 0.777899 1.26537 0.257708 0.520191 0.139379 43.2605
internal_count=71610 37395 34215 11435 7754 7475 3681 22780 474 6893 425 6554 6419 6336 755 339 135 22355 434 579 121 5581 1790 696 361 391 124 237 60 21921
is_linear=0
shrinkage=0.1


Tree=56
num_leaves=31
num_cat=0
split_feature=6 2 9 6 0 0 6 7 1 1 2 5 5 6 2 3 2 5 6 10 2 5 0 3 9 6 2 5 1 4
split_gain=52.6046 42.7957 18.636 6.13912 1.70659 0.954675 0.91255 0.809332 1.07062 0.33434 0.323669 1.29124 0.280757 0.240657 0.279872 0.497878 0.222073 0.825839 0.216894 0.491062 0.0214948 0.273679 0.0002497 1.5824e-05 1.07427e-05 3.71067e-06 2.92905e-06 9.64908e-07 1.04367e-07 1.0166e-07
threshold=-1.0000000180025095e-35 -0.2493404664302051 -0.13846733374056872 -5.5042769661380531 -1.628669355079096 0.4501927802334818 0.85135922873184977 -0.060325741826294035 -1.0407371973407937 -0.065475030416747251 -0.25329000933969864 0.29237903068564236 0.23040223533012433 -0.66839709116297985 -0.26447445642054973 -0.13426585142506708 -0.24732377247602697 0.20076115929052876 -1.3667817907455606 1.9940606325293642 -0.25573480483701444 0.34088260965952605 0.33383419070014791 -0.13426585142506708 -0.138521458831036 0.94146806872320876 -0.24770721436376006 0.24387545171175867 -0.040722066059300441 0.7579978916165323
decision_type=2 2 2 2 2 2 2 2 2 2 2 2 2 2 2 2 2 2 2 2 2 2 2 2 2 2 2 2 2 2
left_child=3 2 4 5 -2 7 -4 8 -1 -3 20 -12 -8 18 15 -15 17 26 19 -5 24 -22 -16 -24 -6 28 -11 -14 -18 -29
right_child=1 9 6 13 10 -7 12 -9 -10 16 11 -13 27 14 22 -17 25 -19 -20 -21 21 -23 23 -25 -26 -27 -28 29 -30 -31
leaf_value=0.037291817611122588 0.10017869826720834 -0.10032687644064342 0.002845827911361799 -0.10017915953613069 -0.100179002646161 0.10017969944786727 -0.1018734882331396 0.082076402575372853 -0.12958403829327078 -0.10018797459296234 -0.10018054415106602 0.10019428792577485 0.10060936610570292 -0.10021250026043232 -0.1059119465300038 0.106875934740849 0.10029778540301271 0.10019270370590294 -0.10017938997700777 0.10029551080672389 -0.10018532171203241 0.1009185026789382 -0.10018669789587512 -0.10163839721249193 -0.10150320896553547 0.101184495478054 -0.10103342407659564 0.10032185454315075 0.100178864688443 0.10018142715606514
leaf_weight=0.77609980106353771 0.45233426243067398 0.084089474752544358 1.1771829416975359 0.39493772760033508 20.132943001342948 1.4303197707049546 0.069468773901462444 0.73701738368254099 0.76186385250184696 0.21098100207746029 1.4632971492828755 0.41219457087572653 0.053375974297523388 0.22418528492562473 0.11838073958642681 0.24078529747202992 0.073900221963412061 0.95164421072695404 40.176323413848877 0.1769196055829525 0.88981309614609827 0.073240816243924201 0.25307754043024033 0.10676206985954195 0.061450427630918791 0.036729395389555886 0.050855570589191101 0.05195243889465917 53.643373180238996 6.6904520322568715
leaf_count=28 254 32 27 222 11290 803 4 11 21 115 814 216 10 109 5 4 27 509 22497 63 486 30 139 7 26 7 5 17 30110 3722
internal_value=-1.50478e-06 0.0457146 -0.0471889 -0.0871901 -0.0921799 0.0361637 0.0841927 -0.0040842 -0.0453738 0.0989199 -0.0959576 -0.0561423 0.0981412 -0.0981531 -0.0482151 0.00702837 0.0992247 0.0569205 -0.099309 -0.0381569 -0.099487 -0.0848913 -0.101928 -0.100617 -0.100183 0.10018 -0.100352 0.100186 0.100179 0.100183
internal_weight=131.976 86.5793 31.5277 45.3967 23.4853 3.7053 8.04243 2.27498 1.53796 55.0516 23.0329 1.87549 6.86525 41.6914 0.943191 0.464971 54.9675 1.21348 40.7482 0.571857 21.1574 0.963054 0.47822 0.35984 20.1944 53.754 0.261837 6.79578 53.7173 6.7424
internal_count=71610 47701 16896 23909 13116 863 3780 60 49 30805 12862 1030 3753 23046 264 113 30773 629 22782 285 11832 516 151 146 11316 30144 120 3749 30137 3739
is_linear=0
shrinkage=0.1


Tree=57
num_leaves=31
num_cat=0
split_feature=2 6 4 7 0 6 3 6 1 1 5 2 6 6 9 0 5 5 1 3 2 5 2 4 2 0 0 5 6 9
split_gain=47.4972 34.1066 9.14462 6.92388 3.67208 2.93299 2.49706 2.46089 1.62238 1.24908 1.14114 0.99721 0.454743 0.358501 1.26888 0.230655 0.220636 0.185801 0.178932 0.166474 0.646991 0.140501 0.109095 0.404645 0.102887 0.0868909 0.0820472 0.0815459 0.0713502 0.278369
threshold=-0.24647855410191979 -1.0000000180025095e-35 0.66219611224868558 -0.13135973324796585 -0.87863263430949334 -5.5042769661380531 -1.0000000180025095e-35 -1.0000000180025095e-35 -1.0407371973407937 0.811838452873064 -0.14011121516482025 -0.24969261551170355 -5.7047173845364023 0.88058016554245599 -0.138521458831036 0.29512743273497516 0.30719956870544013 0.23579152188277805 0.65318706604166199 -0.13426585142506708 -0.26447445642054973 0.059292387283368074 -0.24732377247602697 0.62574282983320006 -0.26129800285460753 0.26343207213662923 0.16936089460280332 0.3139361768962573 -1.3667817907455606 0.71351341403748003
decision_type=2 2 2 2 2 2 2 2 2 2 2 2 2 2 2 2 2 2 2 2 2 2 2 2 2 2 2 2 2 2
left_child=2 5 6 4 -4 -2 19 8 -5 11 -8 12 -6 -14 15 18 -17 -13 -15 22 -21 24 -1 -24 -12 -11 -16 -19 29 -7
right_child=1 -3 3 7 9 28 10 -9 -10 25 21 17 13 14 26 16 -18 27 -20 20 -22 -23 23 -25 -26 -27 -28 -29 -30 -31
leaf_value=-0.1000475171573372 0.1044933940521144 0.10016184248127183 0.10016811102837096 0.10854974329364853 0.1001616948557242 -0.10016228563580482 -0.12596258561931176 0.10034811147851992 -0.10185936975779929 0.082111022474950751 -0.066976949629762902 -0.10048449088517669 -0.097322731650818728 -0.09608143952304643 -0.033635743595544207 -0.09690598899099695 0.10025822021743086 0.10016791952565136 0.061104718854926847 0.082451670691220807 -0.10095640757255474 0.10257862954375321 -0.10019006872136271 0.10018983430673728 0.10021341118979941 -0.043855481704622674 0.10019026099352049 -0.05124492967907221 -0.10016216089607882 0.10029405315041562
leaf_weight=34.880250360525679 0.7572651207447042 48.242493907746393 1.4141895268112445 0.53080313862301398 0.13376913219690223 0.32980402838438649 0.3255828362889589 5.5531686218455425 1.1835865799803285 0.54987286985851902 0.092825950239785016 0.060876603238281812 7.7194821478333306 2.6624118116451441 0.050876632565632351 0.10228276241105039 0.1275168233551085 0.38744517881423235 0.074445209582336136 0.24769395287148654 0.86059505934826919 0.91918270534370095 0.46589554328238492 0.12859415810089558 0.060992675134910801 0.060816600220277905 0.46023889596108347 0.039164962247014046 11.160025674849747 0.087696676142513752
leaf_count=21588 338 29920 861 30 83 204 34 3207 444 174 13 25 4257 1629 17 61 72 233 43 14 420 348 265 68 30 25 257 17 6903 30
internal_value=-3.03262e-06 0.0622203 -0.0637897 -0.0110243 -0.0525192 -0.0861726 -0.0931178 0.0680158 -0.0367133 -0.0698919 0.0380187 -0.077098 -0.083123 -0.0853127 -0.0586543 -0.0837261 0.0125013 0.0629462 -0.0918058 -0.0981312 -0.0599661 0.0877758 -0.0993235 -0.0568459 -0.000682069 0.0695664 0.0868692 0.0862675 -0.0986438 -0.0580561
internal_weight=119.67 60.5773 59.0926 21.1109 13.8434 12.3348 37.9816 7.26756 1.71439 12.4292 1.39858 11.8185 11.331 11.1973 3.47777 2.96666 0.2298 0.487487 2.73686 36.583 1.10829 1.073 35.4747 0.59449 0.153819 0.610689 0.511116 0.42661 11.5775 0.417501
internal_count=71610 37395 34215 11435 7754 7475 22780 3681 474 6893 425 6694 6419 6336 2079 1805 133 275 1672 22355 434 391 21921 333 43 199 274 250 7137 234
is_linear=0
shrinkage=0.1


Tree=58
num_leaves=31
num_cat=0
split_feature=6 2 9 6 0 10 0 6 5 1 2 5 6 2 3 6 11 2 5 2 4 2 5 10 3 6 0 3 6 2
split_gain=42.9247 35.0017 15.2093 5.0785 1.32119 0.913992 0.806148 0.540264 0.305066 0.273634 0.254994 1.00891 0.206798 0.234789 0.409335 0.197466 0.419442 0.180721 0.677085 0.143917 0.0402338 0.0237084 0.271699 0.00939743 0.00633907 0.000215746 0.000137493 8.66159e-06 2.16132e-06 1.54253e-06
threshold=-1.0000000180025095e-35 -0.2493404664302051 -0.138521458831036 -5.5042769661380531 -0.53765899171348541 -0.11209238840620632 0.4501927802334818 0.86116403261871755 0.15091025867848165 -0.065475030416747251 -0.25298473182998321 0.29237903068564236 -0.66839709116297985 -0.26447445642054973 -0.13426585142506708 -1.3667817907455606 -1.0000000180025095e-35 -0.24732377247602697 0.20076115929052876 -0.24989485034295875 0.80075797320297093 -0.25573480483701444 0.34088260965952605 -0.11230547867755855 0.34969702574877987 0.85135922873184977 0.33383419070014791 -0.13426585142506708 0.94146806872320876 -0.24770721436376006
decision_type=2 2 2 2 2 2 2 2 2 2 2 2 2 2 2 2 2 2 2 2 2 2 2 2 2 2 2 2 2 2
left_child=3 2 4 6 -2 7 8 -4 24 -3 21 -12 15 14 -14 16 -5 18 29 23 -7 -6 -23 -9 -1 -22 -15 -28 -19 -11
right_child=1 9 5 12 10 20 -8 19 -10 17 11 -13 13 26 -16 -17 -18 28 -20 -21 25 22 -24 -25 -26 -27 27 -29 -30 -31
leaf_value=-0.044000819540831473 0.10014630634721822 -0.10026276453184713 -0.046120348695906671 -0.10014628334715037 -0.10014676505022864 -0.0035801547513289837 0.10014738691677608 0.049378327942449368 0.026804206475940867 -0.10015385814505112 -0.1001480087997596 0.10017177157920519 -0.10017394122189403 -0.10482401558559828 0.10568994367293408 -0.100146992972843 0.10026016131386246 0.1001463626628088 0.10016100690488175 -0.10135811300796492 0.10275574535385718 -0.10015184313979109 0.10081196581121948 0.10016554072309812 -0.062030545025954946 0.10015129256023653 -0.10015282078122799 -0.10133834820850791 0.10099328488504258 -0.10083118831503779
leaf_weight=0.38293064874596883 0.350032875314361 0.068888185545801117 0.78264587244484551 0.32310401694849133 16.513939374126505 0.037531646434216692 1.1696904131676999 0.039406288415193558 1.2260535843670366 0.17280340008437634 1.1344457963714329 0.32300946011673648 0.18364096875302494 0.098274333402513459 0.20375044783577323 32.922577470541 0.15431404812261362 43.993948966788594 0.7854555593803525 0.039617020636796951 0.339207432582043 0.79911332426126946 0.073458981816656888 0.4829448206583038 0.39735849294811487 5.1017709363950416 0.20729401032440364 0.087700332514941692 0.030152976512907936 0.041745255701242767
leaf_count=20 240 32 31 222 11290 9 803 29 18 115 768 194 109 5 4 22497 63 30137 509 3 13 532 34 305 22 3448 139 7 7 5
internal_value=6.73948e-07 0.0455963 -0.0467679 -0.0867927 -0.0923542 0.0814699 0.0341644 0.00759239 -0.00430347 0.0988874 -0.0959299 -0.055752 -0.0980319 -0.0471545 0.0081012 -0.0992211 -0.0353697 0.0991921 0.0571556 0.0823974 0.0996019 -0.0992979 -0.0832334 0.0963341 -0.0531824 0.100314 -0.101584 -0.100505 0.100147 -0.100286
internal_weight=108.467 71.1101 26.0171 37.3567 19.194 6.82312 3.17603 1.34461 2.00634 45.093 18.844 1.45746 34.1807 0.78066 0.387391 33.4 0.477418 45.0241 1 0.561968 5.47851 17.3865 0.872572 0.522351 0.780289 5.44098 0.393269 0.294994 44.0241 0.214549
internal_count=71610 47701 16896 23909 13058 3838 863 368 60 30805 12818 962 23046 264 113 22782 285 30773 629 337 3470 11856 566 334 42 3461 151 146 30144 120
is_linear=0
shrinkage=0.1


Tree=59
num_leaves=31
num_cat=0
split_feature=2 6 4 7 0 6 6 3 1 1 5 2 6 6 7 5 7 3 2 2 0 1 5 5 4 5 2 4 0 2
split_gain=38.7967 27.8058 7.52816 5.57547 3.04399 2.51732 2.10351 2.09855 1.40797 1.09063 0.955307 0.845633 0.379407 0.293773 0.461404 0.175961 0.170245 0.145205 0.524607 0.13733 0.364762 0.411799 0.259213 0.127948 0.109434 0.106714 0.150321 0.0852728 0.0811301 0.0755964
threshold=-0.24647855410191979 1.0000000180025095e-35 0.65657100270614566 -0.13135973324796585 -0.87863263430949334 -5.5042769661380531 -1.0000000180025095e-35 -1.0000000180025095e-35 -1.0407371973407937 0.811838452873064 -0.14011121516482025 -0.24969261551170355 -5.7047173845364023 0.90080073078096168 -0.13219665045247095 0.23579152188277805 -0.060325741826294035 -0.13426585142506708 -0.26447445642054973 -0.25990267148830087 0.14882227260438483 0.020715652705905526 0.29911563887645953 0.059292387283368074 0.83136005455492656 0.30719956870544013 -0.25406979032670518 -1.0000000180025095e-35 0.26343207213662923 -0.25782856046537267
decision_type=2 2 2 2 2 2 2 2 2 2 2 2 2 2 2 2 2 2 2 2 2 2 2 2 2 2 2 2 2 2
left_child=2 5 7 4 -4 -2 8 17 -5 11 -9 12 -6 19 25 -13 -10 -1 -19 -14 -21 -22 24 27 -23 -15 -27 -12 -11 -24
right_child=1 -3 3 6 9 -7 -8 10 16 28 23 15 13 14 -16 -17 -18 18 -20 20 21 22 29 -25 -26 26 -28 -29 -30 -31
leaf_value=-0.099630642215091381 0.10474925350994227 0.10013250917288943 0.1001393691627564 0.10753131797404297 0.10013231139531553 -0.098614944713055458 0.10028561860461516 -0.12223763921751184 -0.1093648141228975 0.077940425610344297 -0.064468703773027283 -0.10035357890732753 -0.099306318090565365 -0.10013640901398556 0.093240672188096035 0.086362638492695848 0.094199080090250353 0.078183620774117932 -0.10078778163285858 -0.10024709132601911 -0.096243422025866596 -0.10013915829540852 -0.0051895732312741485 0.10237796092821885 0.10018545692768727 -0.10013463158657508 0.10017675086728511 0.10017731357555622 -0.045553532478901065 0.094429203972758086
leaf_weight=28.836707246256996 0.6504373624920835 39.508612420409918 1.1860544760711498 0.47065709461458016 0.1121601536869975 9.4815300090704095 4.5508537585847071 0.28780427697347477 0.99576481501571823 0.51492906769272018 0.084559468785300851 0.058443829650058343 5.7042452491586983 0.42784301238134503 0.22822932130657214 0.37003500270657241 0.042852128390222677 0.21327967988327146 0.70572314946912484 1.8172674144152581 0.48797929158899911 0.16697387443855405 0.099747690837830305 0.77608336822595447 0.032593063777312636 0.076543620438314974 0.073376991203986108 0.050089897646101944 0.05932647071313113 0.32235360611230135
leaf_count=21764 338 29920 876 30 85 7137 3207 34 430 184 13 31 3874 315 162 260 15 14 420 1229 357 122 62 346 18 57 45 30 29 206
internal_value=2.16722e-06 0.0622315 -0.0633608 -0.0115384 -0.0517539 -0.0855597 0.0663568 -0.0931579 -0.0359475 -0.0688268 0.0365777 -0.0765395 -0.0827062 -0.0848792 -0.0271422 0.0608948 -0.100966 -0.0983836 -0.0592526 -0.0902708 -0.0726615 -0.0274845 0.0264879 0.0867656 -0.0674224 -0.0746961 -0.00209443 -0.00321998 0.0651822 0.0708881
internal_weight=98.3931 49.6406 48.7525 17.7982 11.7381 10.132 6.06013 30.9542 1.50927 10.552 1.19854 9.97779 9.54931 9.43715 0.805993 0.428479 1.03862 29.7557 0.919003 8.63116 2.92691 1.10965 0.621668 0.910733 0.199567 0.577764 0.149921 0.134649 0.574256 0.422101
internal_count=71610 37395 34215 11594 7912 7475 3682 22621 475 7036 423 6823 6532 6447 579 291 445 22198 434 5868 1994 765 408 389 140 417 102 43 213 268
is_linear=0
shrinkage=0.1


Tree=60
num_leaves=31
num_cat=0
split_feature=2 6 4 7 0 6 6 3 1 1 5 2 6 6 11 0 5 0 7 3 2 1 2 3 6 5 2 6 10 4
split_gain=35.0366 25.1427 6.8186 5.0224 2.73928 2.26941 1.90522 1.90392 1.26478 0.981248 0.854544 0.762304 0.341901 0.268034 0.973063 0.180948 0.170135 0.15785 0.152968 0.136678 0.471013 0.12411 0.11998 0.131746 0.113712 0.103707 0.149754 0.0748862 0.240381 0.0672595
threshold=-0.24647855410191979 1.0000000180025095e-35 0.65657100270614566 -0.13135973324796585 -0.87863263430949334 -5.5042769661380531 -1.0000000180025095e-35 -1.0000000180025095e-35 -1.0407371973407937 0.811838452873064 0.059292387283368074 -0.24969261551170355 -5.7047173845364023 0.88058016554245599 -0.089940747994437811 0.29512743273497516 0.30719956870544013 0.13362268232923599 -0.060325741826294035 -0.13426585142506708 -0.26447445642054973 0.65318706604166199 -0.26473179325306689 1.7317274143386794 0.28953878701009678 0.29911563887645953 -0.25436055883505887 -1.3667817907455606 -1.0000000180025095e-35 0.74601537681500296
decision_type=2 2 2 2 2 2 2 2 2 2 2 2 2 2 2 2 2 2 2 2 2 2 2 2 2 2 2 2 2 2
left_child=2 5 7 4 -4 -2 8 19 -5 11 22 12 -6 -14 15 21 -17 -13 -10 -1 -21 -15 -9 -24 -11 26 -26 28 -7 -16
right_child=1 -3 3 6 9 27 -8 10 18 24 -12 17 13 14 29 16 -18 -19 -20 20 -22 -23 23 -25 25 -27 -28 -29 -30 -31
leaf_value=-0.09950771918181836 0.10434498617825 0.10011982275855508 0.10012606349999875 0.10678238474432196 0.10011969880956512 -0.10012029074271972 0.10025893182582175 -0.12075398856800496 -0.10864393021614488 -0.10027358316845186 0.10215801789513389 -0.094087055774633069 -0.096450810792576183 -0.095357256359030265 -0.062047356740260129 -0.096283021100211336 0.10018909946001119 0.085320908442255664 0.092960315303083352 0.074181026854821405 -0.10071627428364588 0.045790298541872158 0.10016309919554574 -0.10212848425111712 -0.1001543495556462 0.10394279466678893 0.10013411685623781 -0.1001206762029538 0.1002655863274429 0.10014866073227063
leaf_weight=26.123194709536623 0.59070448577403922 35.753161566331983 1.0733216833323247 0.4287023659562692 0.10149883106350621 0.24479274451732635 4.1188231834676108 0.26329606797662564 0.90668120444752276 0.040108566987329008 0.70366432273294777 0.057322451903018101 5.8859788840054534 2.0615165905328481 0.027529846294782945 0.078775071771815308 0.10005713091231883 0.3394594230921939 0.039265628787688689 0.20286621362902224 0.63899499922991054 0.064237360260449239 0.063140188314718015 0.065687890164554119 0.071259505697526038 0.35690505465026945 0.078404588508419693 8.283359114371704 0.079242676496504738 0.35851451149210334
leaf_count=21764 338 29920 876 30 85 204 3207 21 430 15 346 31 4310 1686 4 63 76 260 15 14 420 47 39 17 47 91 60 6903 30 261
internal_value=4.79286e-06 0.062186 -0.063163 -0.0114804 -0.0514003 -0.0852635 0.0662371 -0.0929787 -0.0357018 -0.0683037 0.0362357 -0.0761418 -0.0823391 -0.0844984 -0.0583516 -0.0829647 0.0136437 0.0594021 -0.100275 -0.0982296 -0.0585707 -0.091092 -0.0820616 -0.00298295 0.0618096 0.0746428 0.00477085 -0.0982758 -0.051116 0.088582
internal_weight=89.2005 44.9513 44.2492 16.1884 10.6949 9.1981 5.49347 28.0608 1.37465 9.62157 1.09579 9.07489 8.67811 8.57661 2.69063 2.30459 0.178832 0.396782 0.945947 26.9651 0.841861 2.12575 0.392124 0.128828 0.546678 0.506569 0.149664 8.60739 0.324035 0.386044
internal_count=71610 37395 34215 11594 7912 7475 3682 22621 475 7036 423 6823 6532 6447 2137 1872 139 291 445 22198 434 1733 77 56 213 198 107 7137 234 265
is_linear=0
shrinkage=0.1


Tree=61
num_leaves=31
num_cat=0
split_feature=6 2 9 6 0 3 9 5 5 6 0 8 4 2 5 1 6 2 3 2 5 2 1 1 4 2 5 9 0 6
split_gain=31.6594 25.9112 11.276 3.8912 1.03004 0.681069 0.657624 0.498907 0.489311 0.451387 0.444701 0.716605 0.335075 0.242035 0.835743 0.205161 0.176459 0.185048 0.309004 0.132602 0.503919 0.105722 0.07448 0.307101 0.0330058 0.0227535 0.228209 0.0018228 0.00347745 0.000264792
threshold=1.0000000180025095e-35 -0.2493404664302051 -0.13846733374056872 -1.3667817907455606 -1.6000998702542735 -0.13575096189826916 -0.13781716795814139 0.35300850440299691 0.69118623558201919 0.86116403261871755 0.41222815622387959 2.0874645925415063 2.259834601092463 -0.25298473182998321 0.29237903068564236 -0.065475030416747251 -0.66839709116297985 -0.26447445642054973 -0.13426585142506708 -0.24732377247602697 0.20076115929052876 -0.24989485034295875 -1.0407371973407937 -1.4375887338970139 0.80075797320297093 -0.25573480483701444 0.34088260965952605 7.6961223926276086 0.4501927802334818 0.87405034590428377
decision_type=2 2 2 2 2 2 2 2 2 2 2 2 2 2 2 2 2 2 2 2 2 2 2 2 2 2 2 2 2 2
left_child=3 2 4 5 -2 8 7 9 22 -4 11 -7 -10 25 -15 -3 -5 18 -18 20 -17 -11 23 -1 -8 -6 -27 28 -12 -9
right_child=1 15 6 16 13 10 24 29 12 21 27 -13 -14 14 -16 19 17 -19 -20 -21 -22 -23 -24 -25 -26 26 -28 -29 -30 -31
leaf_value=-0.10073849269730423 0.10010857548144694 -0.10019465398421601 -0.10486368573480039 -0.10010934634008165 -0.10011193427159089 -0.11552420309369088 -0.0034746035445214958 0.10555607899757609 0.10459377885152683 0.10014235090277875 0.066723794008871115 0.10409357811116285 -0.10010875782382243 -0.10011022726184374 0.10013927740097661 -0.10021177873746062 -0.10012895299687433 -0.10118768290794163 0.10439577022794162 0.10010914278697854 0.10012258882446097 -0.10103405217386566 -0.11304354980843404 0.11056842596913344 0.10023431081655626 -0.10011307343223541 0.10069933232001393 0.10867970547765787 0.10011470134067842 0.1001125303729211
leaf_weight=0.29068882763385773 0.27503722906112926 0.051706124097107842 0.41967583796940733 24.449610680341724 12.319623776711522 0.29800732294097798 0.030921061988918974 0.19526406878139824 0.31215358292683959 0.18856521020643413 0.032385397702455299 0.29629657417535782 0.10750328749418259 0.84515345783438423 0.27663356007542461 0.15938071580603619 0.13626053859479725 0.29317383212037285 0.16133490018546581 32.654501881683245 0.59169426281005144 0.030322904931381345 0.38680504343938105 0.090095870196819305 4.0576619491912425 0.59534576034638931 0.06253597664181143 0.24233470857143402 0.84439735033083707 0.16475873917806894
leaf_count=123 254 32 10 22497 11316 35 9 4 37 145 16 22 99 768 210 120 109 151 4 30144 509 3 8 3 3461 532 36 38 767 148
internal_value=9.88562e-06 0.0454774 -0.0462705 -0.0861031 -0.0915534 0.0235427 0.0816812 0.00892931 -0.0346687 -0.0441444 0.0638779 -0.00603141 0.0521552 -0.0952922 -0.0507285 0.0988456 -0.0988045 -0.0448001 0.0107497 0.0991536 0.0576109 0.0722731 -0.0821371 -0.050742 0.09945 -0.0991443 -0.0810245 0.101003 0.0988814 0.103065
internal_weight=80.8598 52.9188 19.4615 27.941 14.3743 2.90067 5.08717 0.998587 1.18725 0.638564 1.71342 0.594304 0.419657 14.0993 1.12179 33.4573 25.0404 0.590769 0.297595 33.4056 0.751075 0.218888 0.76759 0.380785 4.08858 12.9775 0.657882 1.11912 0.876783 0.360023
internal_count=71610 47701 16896 23909 13116 1148 3780 310 270 158 878 57 136 12862 978 30805 22761 264 113 30773 629 148 134 126 3470 11884 568 821 783 152
is_linear=0
shrinkage=0.1


Tree=62
num_leaves=31
num_cat=0
split_feature=6 2 9 6 0 3 9 5 5 6 0 11 2 2 5 1 6 2 3 5 2 5 1 7 2 5 6 2 0 6
split_gain=28.6283 23.4428 10.1992 3.5329 0.931911 0.612498 0.598836 0.463341 0.437386 0.40684 0.401685 0.642406 0.302161 0.218978 0.756123 0.185629 0.160278 0.167258 0.278898 0.143093 0.119983 0.455916 0.0630505 0.276845 0.0205952 0.206452 0.00163293 0.00190176 0.00140796 0.000213746
threshold=1.0000000180025095e-35 -0.2493404664302051 -0.13846733374056872 -1.3667817907455606 -0.53765899171348541 -0.13575096189826916 -0.13778286579157933 0.35300850440299691 0.69118623558201919 0.86116403261871755 0.41222815622387959 -1.0000000180025095e-35 -0.2300217753751416 -0.25298473182998321 0.29237903068564236 -0.065475030416747251 -0.66839709116297985 -0.26447445642054973 -0.13426585142506708 0.24926473826441242 -0.24732377247602697 0.20076115929052876 -1.0407371973407937 -0.12114845665587513 -0.25573480483701444 0.34088260965952605 -5.5042769661380531 -0.2300217753751416 0.4501927802334818 0.87114107028127596
decision_type=2 2 2 2 2 2 2 2 2 2 2 2 2 2 2 2 2 2 2 2 2 2 2 2 2 2 2 2 2 2
left_child=3 2 4 5 -2 8 7 9 22 -4 11 -7 -10 24 -15 -3 -5 18 -18 -11 21 -17 23 -1 -6 -26 28 -28 -12 -9
right_child=1 15 6 16 13 10 -8 29 12 19 26 -13 -14 14 -16 20 17 -19 -20 -21 -22 -23 -24 -25 25 -27 27 -29 -30 -31
leaf_value=-0.10066833074110851 0.10009817039481153 -0.10019322517022462 -0.10438125688913653 -0.10009894175897108 -0.1001012609093007 -0.11403931274257427 0.10021353058291838 0.10500061947176087 0.10414165732494161 -0.10119090859011633 0.11022099047550188 0.10369146260154981 -0.10009891256633002 -0.1000998580161635 0.10012600473342881 -0.10019759662166479 -0.10011666334232544 -0.10107258199311955 0.10396003056735983 0.1001304268514891 0.10009869303995987 0.10011095392648109 -0.11051300310600319 0.10946646541297543 -0.10010230561411365 0.10063292494163947 0.07198338814494773 0.10021908139058078 0.10009881775467291 0.10010647784478224
leaf_weight=0.2632000963203609 0.24888848233968275 0.046789007261398008 0.38140395551454265 22.125105023384098 11.148383522406219 0.27297953102970496 3.6364174480549982 0.17756917781662196 0.28361213207244873 0.043295204755850136 0.16825074009830121 0.26908705779351549 0.097282244707457721 0.7648010222474102 0.25033989723306149 0.1442368373391244 0.12330799479968846 0.26554898475296695 0.14656252216082066 0.19130543665960431 29.549938547774218 0.53544636053266004 0.3576037706807258 0.082300720270723104 0.53874611970968445 0.056620330782607198 0.041101050097495317 0.056845445942599215 0.74987372517352924 0.17938741866964847
leaf_count=123 254 32 10 22497 11316 35 3426 4 37 4 2 22 99 768 210 120 109 151 4 161 30144 509 8 3 532 36 23 26 770 175
internal_value=1.03598e-05 0.0454671 -0.04625 -0.0860314 -0.0915434 0.0233996 0.0815693 0.0118871 -0.0343253 -0.0406442 0.0635589 -0.00595567 0.0519776 -0.0952818 -0.0507229 0.0988352 -0.0987906 -0.044728 0.0107142 0.0629769 0.0991432 0.0576031 -0.0810784 -0.0506127 -0.0991335 -0.0810121 0.100644 0.0883706 0.101954 0.102541
internal_weight=73.1962 47.8936 17.6172 25.3027 13.0078 2.64214 4.60938 0.972961 1.084 0.616005 1.55814 0.542067 0.380894 12.7589 1.01514 30.2764 22.6605 0.53542 0.269871 0.234601 30.2296 0.679683 0.703105 0.345501 11.7437 0.595366 1.01607 0.0979465 0.918124 0.356957
internal_count=71610 47701 16896 23909 13116 1148 3780 354 270 175 878 57 136 12862 978 30805 22761 264 113 165 30773 629 134 126 11884 568 821 49 772 179
is_linear=0
shrinkage=0.1


Tree=63
num_leaves=31
num_cat=0
split_feature=6 2 9 6 0 3 9 5 5 6 0 4 6 2 5 1 6 2 3 5 2 5 1 1 2 5 6 5 0 6
split_gain=25.8884 21.2097 9.22666 3.20758 0.843141 0.550831 0.542985 0.418109 0.390978 0.36676 0.362556 0.576357 0.272569 0.19812 0.684095 0.167947 0.145517 0.151203 0.251789 0.129429 0.108566 0.412474 0.053234 0.249671 0.0186411 0.186773 0.00191965 0.00225889 0.00102953 0.000157166
threshold=-1.0000000180025095e-35 -0.2493404664302051 -0.13846733374056872 -1.3667817907455606 -0.53765899171348541 -0.13575096189826916 -0.13778286579157933 0.35300850440299691 0.69118623558201919 0.86116403261871755 0.41222815622387959 -0.1404526263748431 -5.5042769661380531 -0.25298473182998321 0.29237903068564236 -0.065475030416747251 -0.66839709116297985 -0.26447445642054973 -0.13426585142506708 0.24926473826441242 -0.24732377247602697 0.20076115929052876 -1.0407371973407937 -1.4375887338970139 -0.25573480483701444 0.34088260965952605 -5.5042769661380531 -0.34759874744198921 0.4501927802334818 0.86646345221341614
decision_type=2 2 2 2 2 2 2 2 2 2 2 2 2 2 2 2 2 2 2 2 2 2 2 2 2 2 2 2 2 2
left_child=3 2 4 5 -2 8 7 9 22 -4 11 -7 -10 24 -15 -3 -5 18 -18 -11 21 -17 23 -1 -6 -26 28 -28 -12 -9
right_child=1 15 6 16 13 10 -8 29 12 19 26 -13 -14 14 -16 20 17 -19 -20 -21 -22 -23 -24 -25 25 -27 27 -29 -30 -31
leaf_value=-0.10060483291623333 0.10008883628945336 -0.10015668053818189 -0.1039484191034777 -0.10008949978798826 -0.10009162246029402 -0.11269281611419844 0.1001934081612 0.10450308863845413 0.10373526871059024 -0.10107651449482172 0.10915453977690809 0.10332968130700325 -0.10008924235027841 -0.10009031855004938 0.10011400802661004 -0.10017745212043581 -0.10010555260015684 -0.1009720901637577 0.1035690062254076 0.10011800761510657 0.1000893193396917 0.10010035536838596 -0.10801527389390789 0.10848826971981006 -0.10009254695967316 0.10057281368763976 0.10019872395655015 0.068308739572384397 0.10008943034987768 0.10009632511826592
leaf_weight=0.23829597001895308 0.22522352170199056 0.042351611889901331 0.3464722650242037 20.021414101123813 10.08839714620262 0.24980255286209285 3.2909933620830989 0.16139713348820806 0.25757674034684896 0.039217209268826991 0.15365073422435682 0.24428913998417801 0.088032463740091771 0.69208312040427777 0.22654266440076753 0.1305360328406121 0.11158544558566064 0.24050033325329323 0.13309041189495474 0.17312070773914456 26.740260416670935 0.48454041383229196 0.33067709935130585 0.075105838477611542 0.48752275423612346 0.051261260057799518 0.051445737131871283 0.039088731049559899 0.67857422435190529 0.16233206889592111
leaf_count=123 254 32 10 22497 11316 35 3426 4 37 4 2 22 99 768 210 120 109 151 4 161 30144 509 8 3 532 36 26 23 770 175
internal_value=1.08108e-05 0.0454602 -0.0462383 -0.0859609 -0.0915344 0.0232579 0.0815148 0.011862 -0.0339856 -0.0405266 0.0632431 -0.00588683 0.0518177 -0.0952724 -0.0507179 0.0988258 -0.0987782 -0.0446644 0.0106824 0.0629589 0.0991339 0.0575959 -0.0800272 -0.0504963 -0.0991237 -0.0810007 0.100259 0.0864301 0.101763 0.102293
internal_weight=66.2554 43.3423 15.9446 22.9131 11.771 2.40654 4.17353 0.882539 0.989688 0.55881 1.41685 0.494092 0.345609 11.5458 0.918626 27.3977 20.5066 0.485176 0.244676 0.212338 27.3553 0.615076 0.644079 0.313402 10.6272 0.538784 0.922759 0.0905345 0.832225 0.323729
internal_count=71610 47701 16896 23909 13116 1148 3780 354 270 175 878 57 136 12862 978 30805 22761 264 113 165 30773 629 134 126 11884 568 821 49 772 179
is_linear=0
shrinkage=0.1


Tree=64
num_leaves=31
num_cat=0
split_feature=2 6 4 7 0 6 6 6 1 1 5 2 0 2 5 6 6 6 10 5 3 2 5 6 2 5 5 2 9 6
split_gain=23.4114 16.8416 4.58878 3.33726 1.8213 1.51825 1.28297 1.28164 0.818362 0.650332 0.565192 0.505853 0.243981 0.327248 0.395704 0.226139 0.187785 0.131008 0.12658 0.105385 0.0966972 0.312567 0.0773041 0.0756894 0.0749297 0.0866977 0.0679604 0.100337 0.0645598 0.259197
threshold=-0.24647855410191979 1.0000000180025095e-35 0.65657100270614566 -0.13135973324796585 -0.87863263430949334 -5.5042769661380531 0.42969770912032318 -1.2836452124088249 -1.0407371973407937 0.811838452873064 0.059292387283368074 -0.24969261551170355 0.16321011807768906 -0.2559856993127872 0.27890581430400802 -5.7047173845364023 0.85594763094717952 0.90813829460685047 1.0000000180025095e-35 0.23579152188277805 -0.13426585142506708 -0.26447445642054973 1.4389497447627255 0.28953878701009678 -0.26473179325306689 -0.14011121516482025 0.29911563887645953 -0.25038354210803671 -0.13788069161540875 0.86116403261871755
decision_type=2 2 2 2 2 2 2 2 2 2 2 2 2 2 2 2 2 2 2 2 2 2 2 2 2 2 2 2 2 2
left_child=2 5 7 4 -4 -2 8 10 -5 11 24 12 -6 15 -15 -14 -16 28 -10 -13 -9 -22 -21 -11 -1 -26 27 -25 -17 -30
right_child=1 -3 3 6 9 -7 -8 20 18 23 -12 19 13 14 16 17 -18 -19 -20 22 21 -23 -24 26 25 -27 -28 -29 29 -31
leaf_value=-0.11346123770179502 0.10291675818247847 0.10008026719878578 0.10008445766433523 0.10445661419963351 -0.099564825131127133 -0.098206839460946674 0.10017462232264329 -0.099333600762068042 -0.10600152850516918 -0.10018344968916829 0.10144387535868651 -0.10021262791852076 0.10007984748272972 -0.08858816206433627 -0.10009037530007336 -0.099251596722612009 0.096953587672155811 0.085069204547022936 0.10024191843879644 0.10008932792084267 0.069332737283538948 -0.10048732141488825 -0.10017820893677228 -0.10010344671408865 -0.10137386503125573 0.10011202793300851 0.1026166027341444 0.10008985379449685 -0.10008164574186483 0.10013703729359456
leaf_weight=0.19034747491241433 0.40143413841724385 23.975005730055273 0.71970201353542496 0.29372328537283465 3.2855545102502219 5.7726109749055494 2.7642562492401339 17.539655411033898 0.62803405092563336 0.026918637682683655 0.47495693125529215 0.036581175168976077 0.067761830985546445 0.27903458883520205 0.056742797081824392 1.4656166034401392 0.32759731693658978 0.043766664981376269 0.031238312949426472 0.21540137776173651 0.1449554362334311 0.429590676096267 0.021168626961298287 0.047793355537578464 0.042754547350341454 0.042669255053627064 0.24236821371596307 0.052578570321202278 0.26685415959218506 0.085334056697320193
leaf_count=21 338 29920 876 30 3626 7137 3207 21764 431 15 346 31 85 329 66 1653 318 54 14 248 14 420 12 47 17 39 91 60 329 72
internal_value=1.12746e-05 0.0621522 -0.0628091 -0.0113414 -0.0508824 -0.0851299 0.0656798 -0.092705 -0.0343756 -0.067544 0.0353283 -0.0752854 -0.081467 -0.058533 0.0020549 -0.0793653 0.0678626 -0.0858972 -0.0962291 0.057744 -0.0980112 -0.0576425 0.0821691 0.0612795 -0.0785417 -0.000731506 0.0739607 0.00476529 -0.0900135 -0.0515693
internal_weight=59.972 30.1491 29.823 10.958 7.24077 6.17405 3.71725 18.8649 0.952996 6.52107 0.750728 6.15141 5.87826 2.59271 0.663375 1.92933 0.38434 1.86157 0.659272 0.273151 18.1142 0.574546 0.23657 0.369659 0.275771 0.0854238 0.34274 0.100372 1.8178 0.352188
internal_count=71610 37395 34215 11594 7912 7475 3682 22621 475 7036 423 6823 6532 2906 713 2193 384 2108 445 291 22198 434 260 213 77 56 198 107 2054 401
is_linear=0
shrinkage=0.1


Tree=65
num_leaves=31
num_cat=0
split_feature=6 2 9 6 0 7 1 0 9 5 6 6 2 5 1 6 2 3 5 2 5 2 5 0 9 2 11 6 6 0
split_gain=21.1632 17.3715 7.55735 2.66584 0.68977 0.459059 0.779027 0.546792 0.446459 0.340635 0.301935 0.276239 0.166606 0.567565 0.137567 0.126673 0.128418 0.208624 0.10625 0.0888072 0.338005 0.0152588 0.153197 0.000287152 0.000188423 9.18675e-05 8.63326e-05 8.57421e-05 2.6855e-05 1.71089e-05
threshold=1.0000000180025095e-35 -0.2493404664302051 -0.13846733374056872 -1.3667817907455606 -1.2249411192806525 1.0000000180025095e-35 -1.0407371973407937 0.41222815622387959 -0.13778286579157933 0.35300850440299691 0.86116403261871755 -5.5042769661380531 -0.25298473182998321 0.29237903068564236 -0.065475030416747251 -0.66839709116297985 -0.26447445642054973 -0.13426585142506708 0.24926473826441242 -0.24732377247602697 0.20076115929052876 -0.25573480483701444 0.34088260965952605 0.4501927802334818 7.6961223926276086 -0.24589762738454499 -0.088312983052451346 0.87114107028127596 0.85135922873184977 0.33383419070014791
decision_type=2 2 2 2 2 2 2 2 2 2 2 2 2 2 2 2 2 2 2 2 2 2 2 2 2 2 2 2 2 2
left_child=3 2 4 5 -2 6 7 -1 9 10 -4 23 21 -14 -3 -5 17 -17 -12 20 -16 -6 -23 -9 -7 -26 -8 -11 -10 -18
right_child=1 14 8 15 12 24 26 11 28 27 18 -13 13 -15 19 16 29 -19 -20 -21 -22 22 -24 -25 25 -27 -28 -29 -30 -31
leaf_value=-0.10049939293145212 0.10007289424283772 -0.10013114897335698 -0.10322332272547435 -0.10007342426589115 -0.10007508387450291 0.10012327998917646 -0.11252058925376672 0.10426798732050667 0.10136557273090707 0.10366194960457616 -0.10088101531632471 -0.10007272157838068 -0.10007412145169699 0.10009527616444032 -0.10014663798586268 -0.10008646730314946 -0.10238172157067083 0.10300232435918744 0.10009796331303833 0.10007326925410723 0.10008332547542609 -0.10007630203248392 0.10046968615333174 0.10007208864040269 0.10272607299158579 0.10593184746418881 -0.10981846054556882 0.10007944726304255 0.10007633491930937 -0.10025053136001426
leaf_weight=0.2059472838882358 0.18442473839968343 0.03470526356250303 0.28666396951302919 16.413887023925785 8.2679959065280819 0.17072334885597218 0.22951232254854403 0.25115028442814957 0.17261321004480068 0.1333430577069521 0.032208236283622682 0.075079369242302962 0.56854609266156408 0.18865350395208225 0.10697920335224154 0.091444549500010908 0.050675317717831514 0.11319365061353892 0.14350472041405737 21.908428878523409 0.39780952740693465 0.40102019015466694 0.042088688409421593 0.46524180052801967 0.20074908272363245 0.1611497716512531 0.24388200513203906 0.1338856024085544 2.5252444533980452 0.1467571125831455
leaf_count=122 254 32 10 22497 11316 179 14 7 13 4 4 103 768 210 120 109 5 4 161 30144 509 532 36 650 19 27 27 175 3413 146
internal_value=1.6144e-05 0.0454331 -0.0461706 -0.0857241 -0.0914645 0.0233162 -0.00548943 0.0446489 0.0813899 0.0119883 -0.0399567 0.0824177 -0.0951953 -0.0502026 0.0988097 -0.098715 -0.0432607 0.0122501 0.0632585 0.0991178 0.0576489 -0.0991062 -0.0810274 0.101543 0.102862 0.104154 -0.111129 0.101867 0.100159 -0.100798
internal_weight=54.3475 35.5281 13.0802 18.8194 9.65273 2.00344 1.47081 0.997419 3.42746 0.729606 0.462377 0.791471 9.4683 0.7572 22.4479 16.816 0.402071 0.204638 0.175713 22.4132 0.504789 8.7111 0.443109 0.716392 0.532622 0.361899 0.473394 0.267229 2.69786 0.197432
internal_count=71610 47701 16896 23909 13116 1148 923 882 3780 354 175 760 12862 978 30805 22761 264 113 165 30773 629 11884 568 657 225 46 41 179 3426 151
is_linear=0
shrinkage=0.1


Tree=66
num_leaves=31
num_cat=0
split_feature=6 2 9 6 0 7 1 0 9 5 6 6 2 5 1 6 2 3 5 2 5 2 5 0 9 2 6 11 6 0
split_gain=19.1426 15.7171 6.83708 2.41635 0.624081 0.414181 0.699192 0.494207 0.404594 0.307604 0.272462 0.249616 0.150741 0.513513 0.124467 0.114898 0.116125 0.188446 0.0961135 0.080354 0.3058 0.0138099 0.1386 0.000211867 0.000139068 6.77779e-05 6.31723e-05 6.15391e-05 1.98562e-05 1.30749e-05
threshold=1.0000000180025095e-35 -0.2493404664302051 -0.13846733374056872 -1.3667817907455606 -1.4865460193438917 1.0000000180025095e-35 -1.0407371973407937 0.41222815622387959 -0.13778286579157933 0.35300850440299691 0.86116403261871755 -5.5042769661380531 -0.25298473182998321 0.29237903068564236 -0.065475030416747251 -0.66839709116297985 -0.26447445642054973 -0.13426585142506708 0.24926473826441242 -0.24732377247602697 0.20076115929052876 -0.25573480483701444 0.34088260965952605 0.4501927802334818 7.6961223926276086 -0.24589762738454499 0.87114107028127596 -0.088312983052451346 0.85135922873184977 0.33383419070014791
decision_type=2 2 2 2 2 2 2 2 2 2 2 2 2 2 2 2 2 2 2 2 2 2 2 2 2 2 2 2 2 2
left_child=3 2 4 5 -2 6 7 -1 9 10 -4 23 21 -14 -3 -5 17 -17 -12 20 -16 -6 -23 -9 -7 -26 -11 -8 -10 -18
right_child=1 14 8 15 12 24 27 11 28 26 18 -13 13 -15 19 16 29 -19 -20 -21 -22 22 -24 -25 25 -27 -28 -29 -30 -31
leaf_value=-0.10045174025564996 0.1000658096237253 -0.10011820066504443 -0.10290796927938294 -0.10006644555281033 -0.1000679310808697 0.10011160508411504 -0.11125688761701291 0.10384941532097779 0.10123384811016206 0.10330185750016369 -0.10079650834759474 -0.10006614396896421 -0.10006709183944239 0.10008621554872438 -0.10012865968976076 -0.10007823296761496 -0.10218413382833036 0.10270847961957452 0.10008862783026032 0.10006612261380295 0.10007541191666405 -0.10006902896248747 0.10042504325261432 0.10006522574821229 0.10246088300046208 0.105349860056901 0.10007187255466883 -0.10886993928680755 0.10006910575873898 -0.10022677470774762
leaf_weight=0.18643258721567679 0.16688544023781915 0.031406746711584499 0.26013864757260341 14.852882727980614 7.4816997773013991 0.15449403598904599 0.20990936651651282 0.22811958764214058 0.15638155414489974 0.1210529308882542 0.029166394902858883 0.067939066095277778 0.51447567879222322 0.17071543738711625 0.096812657371631583 0.082748913438990712 0.045927569648480993 0.10269996058195829 0.12985991931054741 19.824897638754919 0.35998003132408485 0.36288312589749683 0.038099487428553402 0.42099545325618237 0.18209148000460118 0.14657869387883693 0.12115339684532955 0.22249799866404174 2.2850929559790529 0.13282121089287102
leaf_count=122 254 32 10 22497 11316 179 14 7 13 4 4 103 768 210 120 109 5 4 161 30144 509 532 36 650 19 27 175 27 3413 146
internal_value=1.64036e-05 0.045428 -0.046162 -0.0856845 -0.0914578 0.0232428 -0.00545402 0.0445952 0.0813494 0.0119696 -0.0398714 0.0823072 -0.0951883 -0.0501989 0.0988026 -0.0987058 -0.0432142 0.0122233 0.0632451 0.0991107 0.0576442 -0.0990989 -0.081019 0.101395 0.102586 0.103749 0.101686 -0.110029 0.100144 -0.10073
internal_weight=49.1868 32.1507 11.8376 17.0361 8.73476 1.81906 1.33589 0.903487 3.10285 0.661371 0.419165 0.717054 8.56787 0.685191 20.3131 15.2171 0.364198 0.185449 0.159026 20.2817 0.456793 7.88268 0.400983 0.649115 0.483164 0.32867 0.242206 0.432407 2.44147 0.178749
internal_count=71610 47701 16896 23909 13116 1148 923 882 3780 354 175 760 12862 978 30805 22761 264 113 165 30773 629 11884 568 657 225 46 179 41 3426 151
is_linear=0
shrinkage=0.1


Tree=67
num_leaves=31
num_cat=0
split_feature=6 2 9 6 0 7 1 0 9 5 6 6 2 5 1 6 2 3 5 2 5 2 5 4 9 4 2 1 6 0
split_gain=17.3154 14.2205 6.18555 2.18987 0.564653 0.373794 0.628022 0.446728 0.366601 0.277829 0.245931 0.225586 0.136387 0.464613 0.112614 0.104204 0.105003 0.170249 0.0869461 0.0727079 0.276689 0.0124984 0.125396 0.000156384 0.000102673 6.11964e-05 5.00245e-05 4.65678e-05 1.47194e-05 9.56383e-06
threshold=-1.0000000180025095e-35 -0.2493404664302051 -0.13846733374056872 -1.3667817907455606 -0.65028734159414314 -1.0000000180025095e-35 -1.0407371973407937 0.41222815622387959 -0.13778286579157933 0.35300850440299691 0.86116403261871755 -5.5042769661380531 -0.25298473182998321 0.29237903068564236 -0.065475030416747251 -0.66839709116297985 -0.26447445642054973 -0.13426585142506708 0.24926473826441242 -0.24732377247602697 0.20076115929052876 -0.25573480483701444 0.34088260965952605 1.851998136698169 7.6961223926276086 1.6669591648251514 -0.24589762738454499 0.98075232520147471 0.83410194845743291 0.33383419070014791
decision_type=2 2 2 2 2 2 2 2 2 2 2 2 2 2 2 2 2 2 2 2 2 2 2 2 2 2 2 2 2 2
left_child=3 2 4 5 -2 6 7 -1 9 10 -4 23 21 -14 -3 -5 17 -17 -12 20 -16 -6 -23 -9 -7 -8 -26 -11 -10 -18
right_child=1 14 8 15 12 24 25 11 28 27 18 -13 13 -15 19 16 29 -19 -20 -21 -22 22 -24 -25 26 -27 -28 -29 -30 -31
leaf_value=-0.10040896009254743 0.10005948238760842 -0.10012259821293179 -0.10262425444302406 -0.10006011358843431 -0.10006147654360045 0.10010109266845164 -0.10785494440738448 0.10005882350883831 0.10111622609461279 0.100065028565806 -0.10072021847950857 -0.10006061328103506 -0.10006074149906062 0.10007799742011417 -0.10012481642838358 -0.10007077958202254 -0.10196374680232806 0.10244409967056828 0.10008021557975239 0.10005979657215543 0.10006827378310235 -0.10006246993484672 0.10038465724370288 0.10347281026060828 0.10222197541188334 -0.11034851951909747 0.10482646685075808 0.10297818913559392 0.10006251787358381 -0.100205252237759
leaf_weight=0.16875959304161359 0.15101326419971872 0.028416387736799886 0.23600078438175875 13.440250799059866 6.770136178471148 0.13980588281992723 0.20696207846049208 0.3809556183987296 0.14165358874015366 0.1096312616718933 0.02640984021127224 0.06147667719051253 0.46554582117823873 0.15448174922494218 0.087606248911476281 0.074879606137983501 0.041641883261035129 0.093154358968604356 0.11751150351483375 17.939392523621791 0.32574551017023623 0.32837065728381265 0.03448700753506273 0.20712393097346649 0.16512862569652498 0.18765967339277267 0.13325838767923415 0.10985993966460228 2.0677664871909656 0.12020608794409782
leaf_count=122 254 32 10 22497 11316 179 38 650 13 175 4 103 768 210 120 109 5 4 161 30144 509 532 36 7 19 3 27 4 3413 146
internal_value=1.66425e-05 0.0454234 -0.0461542 -0.0856485 -0.0914517 0.0231762 -0.00542201 0.0445467 0.0813128 0.0119527 -0.0397946 0.0822073 -0.095182 -0.0501956 0.0987964 -0.0986973 -0.0431712 0.012199 0.063233 0.0991044 0.0576391 -0.0990924 -0.0810114 0.101261 0.102337 -0.109041 0.103385 0.101523 0.10013 -0.100658
internal_weight=44.5153 29.094 10.7129 15.4213 7.90403 1.65113 1.21294 0.818316 2.80883 0.599413 0.379922 0.649556 7.75302 0.620028 18.3812 13.7701 0.329882 0.168034 0.143921 18.3527 0.413352 7.13299 0.362858 0.58808 0.438193 0.394622 0.298387 0.219491 2.20942 0.161848
internal_count=71610 47701 16896 23909 13116 1148 923 882 3780 354 175 760 12862 978 30805 22761 264 113 165 30773 629 11884 568 657 225 41 46 179 3426 151
is_linear=0
shrinkage=0.1


Tree=68
num_leaves=31
num_cat=0
split_feature=6 2 9 6 0 7 1 0 9 5 6 6 2 5 1 6 2 3 5 2 5 2 5 0 9 4 2 1 6 0
split_gain=15.6631 12.8665 5.59618 1.98433 0.510887 0.337429 0.564489 0.403848 0.33213 0.250981 0.222036 0.203895 0.123401 0.420371 0.101901 0.0944761 0.0949603 0.153832 0.0786549 0.0657884 0.250333 0.0113112 0.113451 0.000115486 7.58335e-05 4.37795e-05 3.69318e-05 3.43446e-05 1.09079e-05 7.1283e-06
threshold=1.0000000180025095e-35 -0.2493404664302051 -0.13846733374056872 -1.3667817907455606 -0.53765899171348541 -1.0000000180025095e-35 -1.0407371973407937 0.41222815622387959 -0.13778286579157933 0.35300850440299691 0.86116403261871755 -5.5042769661380531 -0.25298473182998321 0.29237903068564236 -0.065475030416747251 -0.66839709116297985 -0.26447445642054973 -0.13426585142506708 0.24926473826441242 -0.24732377247602697 0.20076115929052876 -0.25573480483701444 0.34088260965952605 0.4501927802334818 7.6961223926276086 1.6669591648251514 -0.24589762738454499 0.98075232520147471 0.85135922873184977 0.33383419070014791
decision_type=2 2 2 2 2 2 2 2 2 2 2 2 2 2 2 2 2 2 2 2 2 2 2 2 2 2 2 2 2 2
left_child=3 2 4 5 -2 6 7 -1 9 10 -4 23 21 -14 -3 -5 17 -17 -12 20 -16 -6 -23 -9 -7 -8 -26 -11 -10 -18
right_child=1 14 8 15 12 24 25 11 28 27 18 -13 13 -15 19 16 29 -19 -20 -21 -22 22 -24 -25 26 -27 -28 -29 -30 -31
leaf_value=-0.1003698893990289 0.10005394186516235 -0.10012064269223012 -0.10236880175311967 -0.1000543962588705 -0.10005562737193217 0.10009139401339953 -0.10710056501016174 0.10313450153687079 0.10100969623483487 0.10005883636950662 -0.10065135818519495 -0.10005322080739142 -0.10005487245881489 0.10007056248707627 -0.10011144280576852 -0.10006404249841024 -0.10178057892609001 0.10220613618101559 0.10007256511280703 0.10005422623072785 0.10006171893075469 -0.1000565181342432 0.10034809162136107 0.10005340848257949 0.1020066616054693 -0.1093090742769509 0.10435542103954154 0.10268709654186355 0.10005656047521945 -0.10018577614595046
leaf_weight=0.15275627654045809 0.13664968311786641 0.025715014897289445 0.21404805156635154 12.161902755498884 6.1262123328633606 0.12651321216253464 0.1885188499581999 0.18799702776595939 0.12830225774086823 0.099204281519632787 0.023912132252007723 0.055630564689636341 0.42126667965203513 0.13979071914218366 0.079278049932333228 0.067758199817035347 0.037752936681498706 0.084475811570882797 0.10633652389515191 16.23310412291903 0.29476494790287688 0.29713880555937056 0.031215926341246814 0.34472066210582852 0.14971388498088345 0.17133357375860214 0.12109371653059497 0.099672820419073105 1.8710984576027838 0.10878704243805259
leaf_count=122 254 32 10 22497 11316 179 38 7 13 175 4 103 768 210 120 109 5 4 161 30144 509 532 36 650 19 3 27 4 3413 146
internal_value=1.68656e-05 0.0454193 -0.0461471 -0.0856157 -0.0914463 0.0231159 -0.00539302 0.0445029 0.0812796 0.0119375 -0.0397252 0.0821171 -0.0951763 -0.0501925 0.0987908 -0.0986896 -0.0431351 0.0121772 0.063222 0.0990988 0.0576352 -0.0990865 -0.0810045 0.101141 0.102113 -0.108152 0.103057 0.101376 0.100118 -0.100597
internal_weight=40.2867 26.3277 9.69485 13.959 7.15227 1.49828 1.10096 0.741105 2.54257 0.543174 0.344297 0.588348 7.01562 0.561057 16.6329 12.4607 0.298774 0.152234 0.130249 16.6071 0.374043 6.45457 0.328355 0.532718 0.397321 0.359852 0.270808 0.198877 1.9994 0.14654
internal_count=71610 47701 16896 23909 13116 1148 923 882 3780 354 175 760 12862 978 30805 22761 264 113 165 30773 629 11884 568 657 225 41 46 179 3426 151
is_linear=0
shrinkage=0.1


Tree=69
num_leaves=31
num_cat=0
split_feature=6 2 9 6 0 7 1 0 7 5 6 6 2 5 1 6 2 3 5 2 5 2 5 0 9 4 2 6 6 0
split_gain=14.1689 11.6414 5.06303 1.79785 0.462243 0.30467 0.507705 0.365116 0.300863 0.226763 0.200507 0.184307 0.111652 0.380345 0.0921915 0.0856527 0.0858695 0.139017 0.0711558 0.0595285 0.226486 0.0102366 0.102645 8.52793e-05 5.60254e-05 3.14212e-05 2.72716e-05 2.53409e-05 8.03602e-06 5.11359e-06
threshold=-1.0000000180025095e-35 -0.2493404664302051 -0.13846733374056872 -1.3667817907455606 -0.53765899171348541 1.0000000180025095e-35 -1.0407371973407937 0.41222815622387959 -0.13147795573554272 0.35300850440299691 0.86116403261871755 -5.5042769661380531 -0.25298473182998321 0.29237903068564236 -0.065475030416747251 -0.66839709116297985 -0.26447445642054973 -0.13426585142506708 0.24926473826441242 -0.24732377247602697 0.20076115929052876 -0.25573480483701444 0.34088260965952605 0.4501927802334818 7.6961223926276086 1.6669591648251514 -0.24589762738454499 0.87252744854860176 0.85135922873184977 0.33383419070014791
decision_type=2 2 2 2 2 2 2 2 2 2 2 2 2 2 2 2 2 2 2 2 2 2 2 2 2 2 2 2 2 2
left_child=3 2 4 5 -2 6 7 -1 9 10 -4 23 21 -14 -3 -5 17 -17 -12 20 -16 -6 -23 -9 -7 -8 -26 -11 -10 -18
right_child=1 14 8 15 12 24 25 11 28 27 18 -13 13 -15 19 16 29 -19 -20 -21 -22 22 -24 -25 26 -27 -28 -29 -30 -31
leaf_value=-0.10033478290616822 0.10004874176646589 -0.10008303944911023 -0.10213872305422943 -0.10004923187768987 -0.10005032523891655 0.10008262720978278 -0.10641888012701338 0.10282912083389562 0.10091084736808016 0.10242513629235515 -0.10058911705290914 -0.10004827807815751 -0.10004959110409915 0.10006384932748594 -0.10009326623208799 -0.10005794108457769 -0.10158728151400027 0.10199177167955598 0.10006564057851715 0.10004907849094907 0.10005585524229202 -0.10005113369616803 0.10031500538466505 0.10004827323809902 0.10181257754543489 -0.1083788100779445 0.10393127535497199 0.10005323482225506 0.10005118598386412 -0.1001681407082597
leaf_weight=0.13826550141675398 0.12365180649794627 0.023274807259439423 0.19409275200450826 11.005085140466688 5.5435046944767237 0.11448339372873306 0.17161581688560434 0.17058587877545506 0.11620212299749066 0.090406606672331691 0.021649298287229612 0.050338730274233967 0.38119681767420832 0.12649592373054475 0.071744324057360198 0.061313701211474836 0.034214810584670796 0.076589342847000808 0.096223580534569919 14.689026489650136 0.26672920939745381 0.26887604955118138 0.0282541808555834 0.31193137855734676 0.13571182143641636 0.15629167482256889 0.10999444621847942 0.089768518490018323 1.6931259061675517 0.098451037716586143
leaf_count=122 254 32 10 22497 11316 179 38 7 13 4 4 103 768 210 120 109 5 4 161 30144 509 532 36 650 19 3 27 175 3413 146
internal_value=1.70635e-05 0.0454155 -0.0461407 -0.0855858 -0.0914413 0.0230612 -0.00536683 0.0444633 0.0812496 0.0119237 -0.0396627 0.0820355 -0.0951711 -0.0501896 0.0987857 -0.0986826 -0.0430977 0.0121575 0.0632121 0.0990937 0.0576314 -0.0990811 -0.0809983 0.101031 0.10191 -0.107353 0.102761 0.101243 0.100106 -0.100534
internal_weight=36.4591 23.8242 8.77345 12.6349 6.47198 1.35922 0.999029 0.671121 2.30147 0.492141 0.311966 0.532856 6.34833 0.507693 15.0508 11.2757 0.270569 0.137903 0.117873 15.0275 0.338474 5.84063 0.29713 0.482517 0.36019 0.327907 0.245706 0.180175 1.80933 0.132666
internal_count=71610 47701 16896 23909 13116 1148 923 882 3780 354 175 760 12862 978 30805 22761 264 113 165 30773 629 11884 568 657 225 41 46 179 3426 151
is_linear=0
shrinkage=0.1


Tree=70
num_leaves=31
num_cat=0
split_feature=6 2 9 6 0 7 1 0 7 5 6 6 2 5 1 6 2 3 5 2 5 2 5 0 9 4 2 1 6 0
split_gain=12.8175 10.533 4.58073 1.6287 0.418233 0.275148 0.456895 0.330124 0.27251 0.204911 0.1811 0.166619 0.101022 0.344133 0.0834166 0.0776264 0.0776662 0.125645 0.0643729 0.0538646 0.20493 0.0092639 0.0928687 6.3021e-05 4.13941e-05 2.26214e-05 2.01416e-05 1.87047e-05 5.94064e-06 3.88338e-06
threshold=1.0000000180025095e-35 -0.2493404664302051 -0.13846733374056872 -1.3667817907455606 -0.53765899171348541 1.0000000180025095e-35 -1.0407371973407937 0.41222815622387959 -0.13147795573554272 0.35300850440299691 0.86116403261871755 -5.5042769661380531 -0.25298473182998321 0.29237903068564236 -0.065475030416747251 -0.66839709116297985 -0.26447445642054973 -0.13426585142506708 0.24926473826441242 -0.24732377247602697 0.20076115929052876 -0.25573480483701444 0.34088260965952605 0.4501927802334818 7.6961223926276086 1.6669591648251514 -0.24589762738454499 0.98075232520147471 0.85135922873184977 0.33383419070014791
decision_type=2 2 2 2 2 2 2 2 2 2 2 2 2 2 2 2 2 2 2 2 2 2 2 2 2 2 2 2 2 2
left_child=3 2 4 5 -2 6 7 -1 9 10 -4 23 21 -14 -3 -5 17 -17 -12 20 -16 -6 -23 -9 -7 -8 -26 -11 -10 -18
right_child=1 14 8 15 12 24 25 11 28 27 18 -13 13 -15 19 16 29 -19 -20 -21 -22 22 -24 -25 26 -27 -28 -29 -30 -31
leaf_value=-0.10030294878870767 0.10004396092934141 -0.10008758438593064 -0.10193141493566955 -0.10004452782403157 -0.10004553314627114 0.10007488048487836 -0.10580277119629033 0.10255468517779937 0.10082305248160509 0.10004817234048978 -0.10053264421608506 -0.10004438884000795 -0.10004517384335448 0.1000577596000598 -0.10009229021260312 -0.10005242303519357 -0.10145161303254224 0.10179865322010845 0.10005940451908063 0.10004438221787051 0.10005057286415175 -0.10004625908934857 0.10028505281909271 0.10004364804190627 0.101637535024557 -0.10754538268048462 0.10354913700537566 0.10218925726701376 0.10004631464817355 -0.10015216362653319
leaf_weight=0.12514547267346643 0.11188981332816172 0.021059511229394867 0.1759613927570175 9.9582553431391698 5.0161987356841564 0.10359652806073427 0.15614257869310566 0.15474481487763114 0.10522855012095433 0.081229816481936723 0.019599529448896646 0.045550422422820702 0.34493596261017945 0.11446485776104964 0.064920313481706127 0.055481835617683828 0.031000063871032491 0.069425678579136729 0.087071840418502688 13.291779632447289 0.2413587206392549 0.24330035521415982 0.025572687154635787 0.2822595426987391 0.12299786144285463 0.14245849102735519 0.09987562513560988 0.081982489675283432 1.532074536924483 0.089095669041853398
leaf_count=122 254 32 10 22497 11316 179 38 7 13 175 4 103 768 210 120 109 5 4 161 30144 509 532 36 650 19 3 27 4 3413 146
internal_value=1.72396e-05 0.045412 -0.0461349 -0.0855588 -0.0914368 0.0230117 -0.00534316 0.0444274 0.0812225 0.0119113 -0.0396063 0.0819617 -0.0951665 -0.0501873 0.098781 -0.0986764 -0.0430679 0.0121398 0.0632031 0.099089 0.0576274 -0.0990762 -0.0809926 0.100933 0.101726 -0.106634 0.102494 0.101124 0.100096 -0.100488
internal_weight=32.9947 21.5586 7.93951 11.436 5.85636 1.23277 0.906301 0.6077 2.08315 0.445845 0.282633 0.482555 5.74447 0.459401 13.6191 10.2033 0.245003 0.124908 0.106671 13.5981 0.306279 5.28507 0.268873 0.437004 0.32647 0.298601 0.222873 0.163212 1.6373 0.120096
internal_count=71610 47701 16896 23909 13116 1148 923 882 3780 354 175 760 12862 978 30805 22761 264 113 165 30773 629 11884 568 657 225 41 46 179 3426 151
is_linear=0
shrinkage=0.1


Tree=71
num_leaves=31
num_cat=0
split_feature=6 2 9 6 0 7 1 0 7 5 6 6 2 5 1 6 2 3 5 2 5 2 5 4 9 4 2 1 6 0
split_gain=11.5952 9.53025 4.14441 1.47531 0.378416 0.248532 0.411384 0.298508 0.246804 0.185188 0.1636 0.150638 0.0914049 0.311368 0.0754758 0.0703474 0.0702431 0.113571 0.0582375 0.0487396 0.185408 0.00838353 0.0840245 4.65643e-05 3.05978e-05 1.63251e-05 1.48827e-05 1.38113e-05 4.37208e-06 2.83678e-06
threshold=-1.0000000180025095e-35 -0.2493404664302051 -0.13846733374056872 -1.3667817907455606 -0.59048095075692253 1.0000000180025095e-35 -1.0407371973407937 0.41222815622387959 -0.13147795573554272 0.35300850440299691 0.86116403261871755 -5.5042769661380531 -0.25298473182998321 0.29237903068564236 -0.065475030416747251 -0.66839709116297985 -0.26447445642054973 -0.13426585142506708 0.24926473826441242 -0.24732377247602697 0.20076115929052876 -0.25573480483701444 0.34088260965952605 2.0598463665821578 7.6961223926276086 1.6669591648251514 -0.24589762738454499 0.98075232520147471 0.85135922873184977 0.33383419070014791
decision_type=2 2 2 2 2 2 2 2 2 2 2 2 2 2 2 2 2 2 2 2 2 2 2 2 2 2 2 2 2 2
left_child=3 2 4 5 -2 6 7 -1 9 10 -4 23 21 -14 -3 -5 17 -17 -12 20 -16 -6 -23 -9 -7 -8 -26 -11 -10 -18
right_child=1 14 8 15 12 24 25 11 28 27 18 -13 13 -15 19 16 29 -19 -20 -21 -22 22 -24 -25 26 -27 -28 -29 -30 -31
leaf_value=-0.10027416816192472 0.10003982463500594 -0.10007300719314456 -0.10174450406883113 -0.1000402800094134 -0.10004121365673627 0.10006767622171836 -0.10524626618860566 0.10003947389487355 0.1007421800595838 0.10004358349651883 -0.10048179484229605 -0.10003908764782828 -0.10004058307858943 0.10005227636102504 -0.10007408915825405 -0.10004743785224086 -0.10130468048793816 0.10162454954608105 0.1000537191237126 0.1000402133986065 0.10004570818269667 -0.10004185167496503 0.10025795722048188 0.10230686850618105 0.10147959892992642 -0.10679798730973691 0.1032049747861029 0.10197676510237386 0.10004192238141407 -0.10013772714853451
leaf_weight=0.1132672690146137 0.10124615672975767 0.019058340229096582 0.15949403593549494 9.0109646096825582 4.539030287647619 0.093744336627423763 0.14199263299815246 0.25540894805453718 0.095288736280056408 0.073502978921169415 0.017742901021847501 0.041217271442292258 0.31212401084485542 0.10357748789829202 0.058750612603037378 0.05020441728993319 0.028088429360653033 0.062921092699980363 0.078790100174956024 12.027370913907353 0.21840042673284188 0.22015648509841401 0.023145060404203832 0.14034056873060763 0.111457457911456 0.12975778058171272 0.090657288063084707 0.074327524751424789 1.3863361529074607 0.080628133553545922
leaf_count=122 254 32 10 22497 11316 179 38 650 13 175 4 103 768 210 120 109 5 4 161 30144 509 532 36 7 19 3 27 4 3413 146
internal_value=1.74038e-05 0.045409 -0.0461296 -0.0855341 -0.0914328 0.0229668 -0.00532176 0.044395 0.0811979 0.0119001 -0.0395553 0.0818951 -0.0951622 -0.0501848 0.0987768 -0.0986707 -0.0430392 0.0121237 0.063195 0.0990848 0.0576242 -0.0990719 -0.0809875 0.100844 0.101561 -0.105987 0.102254 0.101016 0.100087 -0.100439
internal_weight=29.859 19.5083 7.18476 10.3507 5.29928 1.11784 0.821984 0.550234 1.88548 0.403858 0.256027 0.436967 5.19803 0.415701 12.3236 9.23281 0.221842 0.113126 0.096533 12.3045 0.277151 4.78233 0.243302 0.39575 0.295859 0.27175 0.202115 0.147831 1.48162 0.108717
internal_count=71610 47701 16896 23909 13116 1148 923 882 3780 354 175 760 12862 978 30805 22761 264 113 165 30773 629 11884 568 657 225 41 46 179 3426 151
is_linear=0
shrinkage=0.1


Tree=72
num_leaves=31
num_cat=0
split_feature=6 2 9 6 0 7 1 0 7 5 6 6 2 5 1 6 2 3 5 2 5 2 5 0 9 4 5 1 6 0
split_gain=10.4897 8.62298 3.74969 1.33622 0.34239 0.224528 0.37058 0.269936 0.223503 0.167383 0.147815 0.136205 0.0827033 0.281725 0.0682967 0.0637383 0.0635355 0.102668 0.0526878 0.0441023 0.167762 0.0075867 0.0760231 3.44337e-05 2.26204e-05 1.18128e-05 1.04607e-05 1.02015e-05 3.23271e-06 2.11974e-06
threshold=-1.0000000180025095e-35 -0.2493404664302051 -0.13846733374056872 -1.3667817907455606 -1.1748918743664054 -1.0000000180025095e-35 -1.0407371973407937 0.41222815622387959 -0.13147795573554272 0.35300850440299691 0.86116403261871755 -5.5042769661380531 -0.25298473182998321 0.29237903068564236 -0.065475030416747251 -0.66839709116297985 -0.26447445642054973 -0.13426585142506708 0.24926473826441242 -0.24732377247602697 0.20076115929052876 -0.25573480483701444 0.34088260965952605 0.4501927802334818 7.6961223926276086 1.6669591648251514 -0.091607636190936634 0.98075232520147471 0.85135922873184977 0.33383419070014791
decision_type=2 2 2 2 2 2 2 2 2 2 2 2 2 2 2 2 2 2 2 2 2 2 2 2 2 2 2 2 2 2
left_child=3 2 4 5 -2 6 7 -1 9 10 -4 23 21 -14 -3 -5 17 -17 -12 20 -16 -6 -23 -9 -7 -8 -26 -11 -10 -18
right_child=1 14 8 15 12 24 25 11 28 27 18 -13 13 -15 19 16 29 -19 -20 -21 -22 22 -24 -25 26 -27 -28 -29 -30 -31
leaf_value=-0.10024801805240953 0.10003611709919076 -0.10007206176027493 -0.1015759951476245 -0.10003644145746507 -0.10003728062980639 0.10006123224436669 -0.10474320948141035 0.10208424315967718 0.1006707235701626 0.10003943064864429 -0.10043579508184222 -0.1000357263016706 -0.10003670225532929 0.10004728948005898 -0.10007206234308196 -0.10004291927457715 -0.10118462546467406 0.10146758162713587 0.10004862021471986 0.10003644265775556 0.10004139442936384 -0.1000378730436205 0.10023343077906477 0.10003584315630334 0.10286567699560874 -0.10612717769727048 0.10134802507721566 0.10178526858981446 0.10003790710237377 -0.10012464447721972
leaf_weight=0.10251383180730045 0.091614484088495263 0.017246364848690798 0.14454340757220041 8.1537557169795019 4.10723749292083 0.084828543622278429 0.12906578814727254 0.12724839948350564 0.086277575377610272 0.066510864649899304 0.016061428614193574 0.037296676367986947 0.28243190827197473 0.093725211481796578 0.053162439609880319 0.045428782177623361 0.025445767794738283 0.057016954000573605 0.071295689383987337 10.883210613392285 0.19762500992510468 0.19921334987157013 0.020947381824953482 0.23111180908745155 0.083109833329217508 0.1181139349937439 0.10014051196048968 0.067374415695667267 1.2544566201104315 0.072964399354532361
leaf_count=122 254 32 10 22497 11316 179 38 7 13 175 4 103 768 210 120 109 5 4 161 30144 509 532 36 650 29 3 17 4 3413 146
internal_value=1.75468e-05 0.0454062 -0.0461249 -0.0855118 -0.0914291 0.0229262 -0.00530241 0.0443657 0.0811757 0.01189 -0.0395094 0.0818348 -0.0951584 -0.0501828 0.098773 -0.0986656 -0.0430145 0.0121093 0.0631877 0.0990811 0.0576209 -0.0990679 -0.0809829 0.100763 0.101411 -0.105405 0.102036 0.100918 0.100079 -0.100399
internal_weight=27.021 17.6529 6.50169 9.36804 4.79517 1.01343 0.74535 0.498171 1.70652 0.365786 0.231901 0.395657 4.70356 0.376157 11.1512 8.35461 0.200856 0.102446 0.0873571 11.134 0.250787 4.3274 0.220161 0.35836 0.268079 0.24718 0.18325 0.133885 1.34073 0.0984102
internal_count=71610 47701 16896 23909 13116 1148 923 882 3780 354 175 760 12862 978 30805 22761 264 113 165 30773 629 11884 568 657 225 41 46 179 3426 151
is_linear=0
shrinkage=0.1


Tree=73
num_leaves=31
num_cat=0
split_feature=6 2 9 6 0 7 1 0 7 5 6 6 2 5 1 6 2 3 5 2 5 2 5 4 9 4 5 1 6 0
split_gain=9.4898 7.8021 3.39259 1.21015 0.309796 0.202873 0.333965 0.244113 0.202387 0.151306 0.133571 0.123161 0.0748303 0.254905 0.0617908 0.0577333 0.0574802 0.0928204 0.0476676 0.0399044 0.151791 0.00686554 0.0687842 2.54499e-05 1.67266e-05 8.56493e-06 7.73484e-06 7.53714e-06 2.40262e-06 1.74778e-06
threshold=1.0000000180025095e-35 -0.2493404664302051 -0.13846733374056872 -1.3667817907455606 -1.2776226877352699 -1.0000000180025095e-35 -1.0407371973407937 0.41222815622387959 -0.13147795573554272 0.35300850440299691 0.86116403261871755 -5.5042769661380531 -0.25298473182998321 0.29237903068564236 -0.065475030416747251 -0.66839709116297985 -0.26447445642054973 -0.13426585142506708 0.24926473826441242 -0.24732377247602697 0.20076115929052876 -0.25573480483701444 0.34088260965952605 2.0598463665821578 7.6961223926276086 1.6669591648251514 -0.091607636190936634 0.98075232520147471 0.85135922873184977 0.33383419070014791
decision_type=2 2 2 2 2 2 2 2 2 2 2 2 2 2 2 2 2 2 2 2 2 2 2 2 2 2 2 2 2 2
left_child=3 2 4 5 -2 6 7 -1 9 10 -4 23 21 -14 -3 -5 17 -17 -12 20 -16 -6 -23 -9 -7 -8 -26 -11 -10 -18
right_child=1 14 8 15 12 24 25 11 28 27 18 -13 13 -15 19 16 29 -19 -20 -21 -22 22 -24 -25 26 -27 -28 -29 -30 -31
leaf_value=-0.10022448158122244 0.10003260934153933 -0.10006228977573682 -0.10142394338495903 -0.10003297460752321 -0.10003373991220002 0.10005540214635433 -0.10428872501885196 0.10003232266187181 0.10060768437424461 0.10003568561730457 -0.10039417437102485 -0.10003267972148058 -0.10003325737178315 0.10004279558649865 -0.1000685379337313 -0.10003883550017252 -0.10112437269324059 0.1013259747069937 0.10004398977742511 0.1000328993888054 0.10003746817375897 -0.10003426318176277 0.10021123135100907 0.10188250821195409 0.10258886814691291 -0.10552463233509586 0.10121827530630823 0.10161261751615043 0.100034319392953 -0.10011280305240687
leaf_weight=0.092778968915808946 0.082898950437083729 0.015605577733366682 0.13097437570104364 7.3780662044882774 3.7165074041113257 0.076760427735280135 0.11726661509601399 0.20912549551576376 0.078113423252942904 0.060183657653396949 0.01453869984834455 0.033748173911590129 0.25556328913080539 0.084809691499685869 0.048104977962792783 0.041107254015514627 0.023040481784848299 0.051659503078553826 0.064513839315623045 9.8478695782250707 0.17882515108794905 0.18026186514180143 0.018957959313411266 0.11535528767853975 0.075393462291685864 0.10745301842689514 0.090721098968060687 0.061061201617121696 1.1351181415957396 0.066028328437823802
leaf_count=122 254 32 10 22497 11316 179 38 650 13 175 4 103 768 210 120 109 5 4 161 30144 509 532 36 7 29 3 17 4 3413 146
internal_value=1.76728e-05 0.0454037 -0.0461207 -0.0854917 -0.0914258 0.0228894 -0.00528493 0.0443392 0.0811558 0.0118808 -0.0394679 0.0817803 -0.0951549 -0.0501809 0.0987696 -0.0986611 -0.0429955 0.0120962 0.063181 0.0990775 0.0576187 -0.0990643 -0.0809787 0.10069 0.101276 -0.10488 0.10184 0.10083 0.100071 -0.100374
internal_weight=24.4524 15.9739 5.8835 8.4785 4.339 0.918603 0.675728 0.451008 1.5445 0.331272 0.210027 0.358229 4.2561 0.340373 10.0904 7.5599 0.181836 0.0927668 0.0790525 10.0748 0.22693 3.91573 0.19922 0.324481 0.242875 0.22472 0.166115 0.121245 1.21323 0.0890688
internal_count=71610 47701 16896 23909 13116 1148 923 882 3780 354 175 760 12862 978 30805 22761 264 113 165 30773 629 11884 568 657 225 41 46 179 3426 151
is_linear=0
shrinkage=0.1


Tree=74
num_leaves=31
num_cat=0
split_feature=2 6 4 7 0 6 6 6 1 2 5 1 0 2 1 6 5 6 9 5 3 2 11 6 1 6 5 4 4 6
split_gain=8.58559 6.18774 1.68919 1.22776 0.683086 0.55612 0.474448 0.472934 0.292547 0.230761 0.205903 0.183605 0.10981 0.169067 0.179287 0.0891435 0.0750779 0.0525138 0.0448798 0.042655 0.0386456 0.113768 0.0325287 0.0260987 0.0686114 0.0229255 0.0229111 0.018542 0.0132526 0.0295048
threshold=-0.24647855410191979 1.0000000180025095e-35 0.64798121815059084 -0.13135973324796585 -0.87863263430949334 -5.5042769661380531 0.42969770912032318 -1.1394158527086147 -1.0407371973407937 -0.2493404664302051 0.059292387283368074 0.98075232520147471 0.14114346666898211 -0.25844520209720995 0.062988291054656781 -5.7047173845364023 0.29911563887645953 0.90997623478488121 0.71351341403748003 0.23579152188277805 -0.13426585142506708 -0.26447445642054973 -0.08993612528883034 -1.3667817907455606 0.54047060825803228 0.84903890954858829 -0.14011121516482025 0.72744465035623096 0.82215483738834405 0.86116403261871755
decision_type=2 2 2 2 2 2 2 2 2 2 2 2 2 2 2 2 2 2 2 2 2 2 2 2 2 2 2 2 2 2
left_child=2 5 7 4 -4 -2 8 10 -5 11 26 12 -6 15 28 -14 22 -17 -10 -11 -9 -22 -16 24 -7 -18 -1 -21 -15 -30
right_child=1 -3 3 6 9 23 -8 20 18 19 -12 -13 13 14 16 17 25 -19 -20 27 21 -23 -24 -25 -26 -27 -28 -29 29 -31
leaf_value=-0.10472199548930146 0.10107485107789425 0.10002951200597161 0.10003203827955187 0.10159485336479042 -0.1000902613107027 -0.10002962880003836 0.10006423291324121 -0.09953837965315955 -0.10220327590011609 -0.10003378605708196 0.10053000649256527 0.093490997350869603 0.10002934519558614 -0.10003225203567218 -0.096673992297128364 -0.094148392681322357 -0.090772238480805068 0.095163643609239332 0.10008883197189603 0.10003575036992891 0.064184079005196321 -0.10017964170482592 0.10004613205901786 -0.10002995747396687 0.10007993707355332 0.097529672032022494 -0.002071250571374346 -0.072255108211283933 -0.10003147942230889 0.10005549762303041
leaf_weight=0.076430560373410117 0.15055637247860465 8.82412734441459 0.27111292351037297 0.11163624591426924 1.1749644190713309 0.060397559835110193 1.017977996059926 6.408195910800714 0.2397795857687014 0.013402762473560759 0.17572178959380835 0.063567402539774664 0.025519560091197491 0.11743475546245441 0.037080187466926873 0.69910920211987104 0.0067380518157733596 0.014966352508054115 0.011492792807985097 0.09983690973604098 0.057343287277035415 0.15854716877220365 0.010869603080209345 2.0482310269726431 0.023919826315250248 0.15990710128971841 0.030387954735488054 0.006663339212536811 0.020276718627428636 0.011577894736547023
leaf_count=34 338 29920 885 32 3540 204 3207 21596 435 39 344 9 87 373 120 2100 12 49 14 300 14 420 25 6903 30 437 41 12 66 24
internal_value=1.77999e-05 0.0620639 -0.0625164 -0.011789 -0.0506207 -0.0846718 0.0650661 -0.0927321 -0.0331056 -0.067211 0.0339718 -0.0741384 -0.0788151 -0.0561618 -0.000358109 -0.0836174 0.0581879 -0.0901806 -0.0929508 0.0680973 -0.0981364 -0.0565225 -0.0520801 -0.0977854 -0.043261 0.089916 -0.0755197 0.0892561 -0.0845147 -0.0273078
internal_weight=22.1278 11.1072 11.0205 4.11391 2.73303 2.2831 1.38089 6.90663 0.362909 2.46191 0.28254 2.34201 2.27844 1.10348 0.363884 0.739595 0.214595 0.714076 0.251272 0.119903 6.62409 0.21589 0.0479498 2.13255 0.0843174 0.166645 0.106819 0.1065 0.149289 0.0318546
internal_count=71610 37395 34215 11766 8078 7475 3688 22449 481 7193 419 6842 6833 3293 1057 2236 594 2149 449 351 22030 434 145 7137 234 449 75 312 463 90
is_linear=0
shrinkage=0.1


Tree=75
num_leaves=31
num_cat=0
split_feature=6 2 9 6 0 7 1 0 9 5 6 6 2 5 1 6 2 3 5 2 5 2 5 4 9 4 5 6 6 0
split_gain=7.76817 6.38614 2.78678 0.992795 0.253576 0.167448 0.27259 0.200734 0.165467 0.124803 0.109267 0.100729 0.0619022 0.209632 0.0506107 0.0504068 0.0490339 0.077152 0.0390329 0.032666 0.124331 0.0056495 0.0564465 1.39293e-05 9.21556e-06 4.86915e-06 4.25832e-06 4.2301e-06 1.3172e-06 8.56584e-07
threshold=1.0000000180025095e-35 -0.2493404664302051 -0.13846733374056872 -1.3667817907455606 -1.628669355079096 1.0000000180025095e-35 -1.0407371973407937 0.41222815622387959 -0.13778286579157933 0.35300850440299691 0.86116403261871755 -5.5042769661380531 -0.25298473182998321 0.29237903068564236 -0.065475030416747251 -0.66839709116297985 -0.26447445642054973 -0.13426585142506708 0.24926473826441242 -0.24732377247602697 0.20076115929052876 -0.25573480483701444 0.34088260965952605 1.9382630952443718 7.6961223926276086 1.6669591648251514 -0.091607636190936634 0.86646345221341614 0.83410194845743291 0.33383419070014791
decision_type=2 2 2 2 2 2 2 2 2 2 2 2 2 2 2 2 2 2 2 2 2 2 2 2 2 2 2 2 2 2
left_child=3 2 4 5 -2 6 7 -1 9 10 -4 23 21 -14 -3 -5 17 -17 -12 20 -16 -6 -23 -9 -7 -8 -26 -11 -10 -18
right_child=1 14 8 15 12 24 25 11 28 27 18 -13 13 -15 19 16 29 -19 -20 -21 -22 22 -24 -25 26 -27 -28 -29 -30 -31
leaf_value=-0.10018587535367128 0.10002683831737109 -0.10004730316589261 -0.10116537806535762 -0.10002708395780702 -0.10002765503877749 0.10004569180629097 -0.10348631613587367 0.10002659296606542 0.10049707139851448 0.10132695487135759 -0.10032254686702675 -0.10002652541763274 -0.10002738300969155 0.10003522205968503 -0.10005528051238968 -0.10003181170923503 -0.10087409667480157 0.10112370508991204 0.1000360444306917 0.10002705880733523 0.10003069197219634 -0.1000280724265674 0.10017342210603208 0.1015372719759637 0.10211393834016114 -0.10450817511210533 0.10099349925310581 0.1000305490823656 0.10002839532996284 -0.10009236548063634
leaf_weight=0.076458713447209448 0.067875602282584047 0.012784647755325618 0.10769560461631045 6.0459723621606827 3.0466554207960153 0.063618496526032686 0.097923321707639732 0.1715025810408406 0.06408628221834145 0.050521831435617059 0.011914504779269919 0.027632239274680614 0.20928689610445861 0.069857337686698884 0.039405157702275484 0.033674735081149265 0.018919969887067789 0.043954740802291781 0.052870250307023525 8.0663432829023751 0.14657592517323792 0.14763438052614208 0.015568329574307427 0.094759585161227733 0.062150611425749958 0.089022964239120483 0.074678206001408398 0.050156028009951115 0.93268559707212262 0.054089958633994684
leaf_count=122 254 32 10 22497 11316 179 38 650 13 4 4 103 768 210 120 109 5 4 161 30144 509 532 36 7 29 3 17 175 3413 146
internal_value=2.0441e-05 0.0453905 -0.0460023 -0.0853909 -0.0914045 0.022657 -0.00553552 0.0441536 0.0811623 0.0122088 -0.0394331 0.0817045 -0.0951286 -0.0499606 0.0987637 -0.0986034 -0.0414646 0.0138649 0.0631883 0.0990717 0.057637 -0.0990567 -0.0809303 0.100564 0.10104 -0.103973 0.101502 0.100681 0.100059 -0.100295
internal_weight=20.0463 13.0919 4.82681 6.95436 3.55688 0.757747 0.557299 0.370353 1.26993 0.273158 0.17248 0.293894 3.489 0.279144 8.26511 6.19661 0.150639 0.0776295 0.0647848 8.25232 0.185981 3.20986 0.163203 0.266262 0.200447 0.186946 0.136829 0.100678 0.996772 0.0730099
internal_count=71610 47701 16896 23909 13116 1148 923 882 3780 354 175 760 12862 978 30805 22761 264 113 165 30773 629 11884 568 657 225 41 46 179 3426 151
is_linear=0
shrinkage=0.1


Tree=76
num_leaves=31
num_cat=0
split_feature=6 2 9 6 0 7 1 0 9 5 6 6 2 5 1 6 2 3 5 2 5 2 5 0 9 4 5 1 6 0
split_gain=7.02798 5.77825 2.52144 0.898916 0.229438 0.151355 0.245914 0.181557 0.149805 0.112844 0.0987724 0.0910996 0.0560103 0.189677 0.0457846 0.0456559 0.0443515 0.0697647 0.035315 0.0295573 0.112491 0.00511233 0.0510724 1.03102e-05 6.81677e-06 3.5521e-06 3.15017e-06 3.12746e-06 9.71477e-07 5.97645e-07
threshold=-1.0000000180025095e-35 -0.2493404664302051 -0.13846733374056872 -1.3667817907455606 -1.4865460193438917 -1.0000000180025095e-35 -1.0407371973407937 0.41222815622387959 -0.13778286579157933 0.35300850440299691 0.86116403261871755 -5.5042769661380531 -0.25298473182998321 0.29237903068564236 -0.065475030416747251 -0.66839709116297985 -0.26447445642054973 -0.13426585142506708 0.24926473826441242 -0.24732377247602697 0.20076115929052876 -0.25573480483701444 0.34088260965952605 0.4501927802334818 7.6961223926276086 1.6669591648251514 -0.091607636190936634 0.98075232520147471 0.85135922873184977 0.33383419070014791
decision_type=2 2 2 2 2 2 2 2 2 2 2 2 2 2 2 2 2 2 2 2 2 2 2 2 2 2 2 2 2 2
left_child=3 2 4 5 -2 6 7 -1 9 10 -4 23 21 -14 -3 -5 17 -17 -12 20 -16 -6 -23 -9 -7 -8 -26 -11 -10 -18
right_child=1 14 8 15 12 24 25 11 28 27 18 -13 13 -15 19 16 29 -19 -20 -21 -22 22 -24 -25 26 -27 -28 -29 -30 -31
leaf_value=-0.10016797979051709 0.1000241142833795 -0.10002286103876096 -0.10105334992776582 -0.1000244877756485 -0.10002504353440322 0.1000414238734791 -0.10315264940038787 0.1013898283757176 0.10044876367096799 0.10002763460152971 -0.10029183291527069 -0.10002362789115204 -0.10002453070483724 0.10003187000946599 -0.10004341822188739 -0.10002878631099206 -0.1007698107118466 0.10101562704847084 0.10003263352011978 0.10002440857702327 0.10002775836714713 -0.10002539532245128 0.10015693005651108 0.10002411001197625 0.10191051720032498 -0.10406855289818102 0.10089814929430917 0.10119913927900843 0.10002572251722258 -0.1000835597340492
leaf_weight=0.069194365234579891 0.061417846940458154 0.011568692512811007 0.097549536803853698 5.4707563668489456 2.756796194706113 0.057566764167859108 0.088876675654319115 0.085860429157037288 0.058014995083795595 0.045384305078187026 0.010783832316519693 0.025003567221574485 0.1893755443743429 0.063211546716047451 0.035658311055159042 0.030471035512164235 0.017132386594314819 0.039812277653254569 0.047840537270531058 7.2989038754676541 0.13263110512343701 0.13358849560609076 0.01408900847309269 0.15518562699435279 0.056342733791097999 0.080874236300587654 0.06763221905566752 0.045768838375806808 0.8439504945272347 0.048946696420898661
leaf_count=122 254 32 10 22497 11316 179 38 7 13 175 4 103 768 210 120 109 5 4 161 30144 509 532 36 650 29 3 17 4 3413 146
internal_value=2.05382e-05 0.0453886 -0.0459991 -0.0853756 -0.0914021 0.0226299 -0.00552215 0.044134 0.0811474 0.0122018 -0.0394024 0.0816642 -0.0951261 -0.0499591 0.0987611 -0.0985999 -0.0414448 0.0138537 0.0631834 0.0990691 0.0576353 -0.099054 -0.0809272 0.100511 0.100941 -0.103589 0.101358 0.100616 0.100053 -0.100261
internal_weight=18.1402 11.8465 4.36777 6.29366 3.21848 0.686537 0.504995 0.335244 1.14929 0.247327 0.156174 0.26605 3.15706 0.252587 7.47876 5.60712 0.136362 0.0702833 0.0586244 7.46719 0.168289 2.90447 0.147678 0.241046 0.181542 0.169751 0.123975 0.0911531 0.901965 0.0660791
internal_count=71610 47701 16896 23909 13116 1148 923 882 3780 354 175 760 12862 978 30805 22761 264 113 165 30773 629 11884 568 657 225 41 46 179 3426 151
is_linear=0
shrinkage=0.1


Tree=77
num_leaves=31
num_cat=0
split_feature=6 2 9 6 0 7 1 0 9 5 6 6 2 5 1 6 2 3 5 2 5 2 5 4 9 4 5 1 6 0
split_gain=6.35841 5.22825 2.28137 0.813865 0.207599 0.136822 0.221911 0.164219 0.135618 0.102038 0.0892939 0.082393 0.0506788 0.171622 0.0414322 0.0413447 0.0401219 0.0630888 0.0319514 0.0267446 0.101784 0.00462619 0.0462103 7.62348e-06 5.04468e-06 2.5946e-06 2.33063e-06 2.31282e-06 7.2379e-07 4.33402e-07
threshold=1.0000000180025095e-35 -0.2493404664302051 -0.13846733374056872 -1.3667817907455606 -1.628669355079096 -1.0000000180025095e-35 -1.0407371973407937 0.41222815622387959 -0.13778286579157933 0.35300850440299691 0.86116403261871755 -5.5042769661380531 -0.25298473182998321 0.29237903068564236 -0.065475030416747251 -0.66839709116297985 -0.26447445642054973 -0.13426585142506708 0.24926473826441242 -0.24732377247602697 0.20076115929052876 -0.25573480483701444 0.34088260965952605 1.851998136698169 7.6961223926276086 1.6669591648251514 -0.091607636190936634 0.98075232520147471 0.83410194845743291 0.33383419070014791
decision_type=2 2 2 2 2 2 2 2 2 2 2 2 2 2 2 2 2 2 2 2 2 2 2 2 2 2 2 2 2 2
left_child=3 2 4 5 -2 6 7 -1 9 10 -4 23 21 -14 -3 -5 17 -17 -12 20 -16 -6 -23 -9 -7 -8 -26 -11 -10 -18
right_child=1 14 8 15 12 24 25 11 28 27 18 -13 13 -15 19 16 29 -19 -20 -21 -22 22 -24 -25 26 -27 -28 -29 -30 -31
leaf_value=-0.10015211087287001 0.1000219497858314 -0.10003336966710019 -0.10095218894189369 -0.1000221684783327 -0.10002266019159156 0.10003737218845483 -0.10285112449873626 0.10002180891649151 0.10040705038444675 0.10002498532249104 -0.10026394281560758 -0.10002169212074193 -0.10002237319779486 0.10002882717169925 -0.10004188375227015 -0.10002603960481125 -0.10068975332982194 0.10091804121202681 0.10002950157946922 0.10002218908613264 0.10002512567556271 -0.10002297658423616 0.10014200015885716 0.10125588538997339 0.1017268664681656 -0.10367272080318374 0.10081203826177887 0.10108378629624215 0.10002324888844241 -0.10007562550264192
leaf_weight=0.062619121599709615 0.055574405938387694 0.01046806410886425 0.088350419537164271 4.950254138559103 2.4945089317625402 0.052090586410486028 0.080642722561606206 0.14042081469960976 0.052514936396619971 0.041066448247875087 0.0097601820016279817 0.022624439443461597 0.17135777494695448 0.057197818023269065 0.032265737914713877 0.02757205069065094 0.015517306357653804 0.036056702025234699 0.043289186083711684 6.6044652002747126 0.12001257177325897 0.12087865245121054 0.012750066423905082 0.07778717418841552 0.051068368411506526 0.073443194851279259 0.061245777600561269 0.041458213701844215 0.76365567794709932 0.044292137274169363
leaf_count=122 254 32 10 22497 11316 179 38 650 13 175 4 103 768 210 120 109 5 4 161 30144 509 532 36 7 29 3 17 4 3413 146
internal_value=2.0622e-05 0.0453869 -0.0459962 -0.0853619 -0.0913998 0.0226054 -0.00551008 0.0441164 0.081134 0.0121954 -0.0393746 0.0816278 -0.0951238 -0.049958 0.0987589 -0.0985967 -0.0414308 0.0138436 0.0631789 0.0990669 0.0576336 -0.0990516 -0.0809244 0.100462 0.100851 -0.103243 0.101228 0.100557 0.100048 -0.100235
internal_weight=16.4152 10.7196 3.95236 5.69563 2.91227 0.621942 0.457537 0.303452 1.0401 0.223924 0.1414 0.240832 2.85669 0.228556 6.76721 5.07369 0.123438 0.0636288 0.0530494 6.75674 0.152278 2.62814 0.133629 0.218208 0.164405 0.154086 0.112314 0.0825247 0.816171 0.0598094
internal_count=71610 47701 16896 23909 13116 1148 923 882 3780 354 175 760 12862 978 30805 22761 264 113 165 30773 629 11884 568 657 225 41 46 179 3426 151
is_linear=0
shrinkage=0.1


Tree=78
num_leaves=31
num_cat=0
split_feature=6 2 9 6 0 7 1 0 7 5 6 6 2 5 1 6 2 3 5 2 5 2 5 4 9 4 5 6 6 0
split_gain=5.7527 4.73061 2.06417 0.73682 0.187839 0.123695 0.200303 0.148542 0.122769 0.0922729 0.0807319 0.0745222 0.0458553 0.155286 0.0374873 0.0374376 0.0362965 0.0570549 0.0289086 0.0241975 0.0920971 0.00418624 0.0418111 5.64157e-06 3.73224e-06 1.8982e-06 1.72464e-06 1.71055e-06 5.51209e-07 3.23204e-07
threshold=1.0000000180025095e-35 -0.2493404664302051 -0.13846733374056872 -1.3667817907455606 -0.65028734159414314 1.0000000180025095e-35 -1.0407371973407937 0.41222815622387959 -0.13147795573554272 0.35300850440299691 0.86116403261871755 -5.5042769661380531 -0.25298473182998321 0.29237903068564236 -0.065475030416747251 -0.66839709116297985 -0.26447445642054973 -0.13426585142506708 0.24926473826441242 -0.24732377247602697 0.20076115929052876 -0.25573480483701444 0.34088260965952605 1.851998136698169 7.6961223926276086 1.6669591648251514 -0.091607636190936634 0.87405034590428377 0.85135922873184977 0.33383419070014791
decision_type=2 2 2 2 2 2 2 2 2 2 2 2 2 2 2 2 2 2 2 2 2 2 2 2 2 2 2 2 2 2
left_child=3 2 4 5 -2 6 7 -1 9 10 -4 23 21 -14 -3 -5 17 -17 -12 20 -16 -6 -23 -9 -7 -8 -26 -11 -10 -18
right_child=1 14 8 15 12 24 25 11 28 27 18 -13 13 -15 19 16 29 -19 -20 -21 -22 22 -24 -25 26 -27 -28 -29 -30 -31
leaf_value=-0.10013765825771925 0.10001985971120578 -0.1000418421315552 -0.10086081992999718 -0.10002004210724601 -0.10002048133175273 0.10003390575641882 -0.10257845529231649 0.10001966088070482 0.10037306908294895 0.10097963817274852 -0.10023877905074081 -0.10001989424214584 -0.10002004333277666 0.10002607950948134 -0.10004663480998761 -0.10002356245374276 -0.10062583933774766 0.10082991440590756 0.10002671693231853 0.10001993923029423 0.1000227297741208 -0.10002078384671574 0.10012848656066875 0.10113529224583162 0.10156102442993223 -0.10331614998972163 0.10073420260055777 0.10002262501585497 0.10002101550855205 -0.10006844461092408
leaf_weight=0.056667879354790784 0.050286757410504701 0.0094707831740369341 0.080011503450805321 4.4792649373412132 2.2571714663645266 0.047135050408542156 0.073152638389728852 0.12706058080948424 0.047532444063107415 0.037549663407844491 0.0088334888860117644 0.02047176611085888 0.15505398866662234 0.051756076325546019 0.029193691676481559 0.024948809703346342 0.014049346205866509 0.032652519439579919 0.039170715550426394 5.9760927514580553 0.10859434641315602 0.10937780175299838 0.011538214268512093 0.070464398901094683 0.046280187831143849 0.066671816632151604 0.055458089991589077 0.037159294457524084 0.69099892466329038 0.040079916623653844
leaf_count=122 254 32 10 22497 11316 179 38 650 13 4 4 103 768 210 120 109 5 4 161 30144 509 532 36 7 29 3 17 175 3413 146
internal_value=2.06935e-05 0.0453854 -0.0459936 -0.0853494 -0.0913978 0.0225832 -0.00549915 0.0441004 0.081122 0.0121897 -0.0393496 0.0815948 -0.0951216 -0.0499567 0.0987567 -0.0985938 -0.0414173 0.0138344 0.0631749 0.0990647 0.0576332 -0.0990494 -0.0809219 0.100418 0.10077 -0.10293 0.10111 0.100504 0.100044 -0.100213
internal_weight=14.8541 9.69979 3.57644 5.15436 2.63518 0.563362 0.414489 0.274665 0.941256 0.202725 0.128016 0.217997 2.5849 0.20681 6.12335 4.591 0.111731 0.0576013 0.0480042 6.11388 0.137788 2.37809 0.120916 0.197525 0.148873 0.139824 0.101738 0.074709 0.738531 0.0541293
internal_count=71610 47701 16896 23909 13116 1148 923 882 3780 354 175 760 12862 978 30805 22761 264 113 165 30773 629 11884 568 657 225 41 46 179 3426 151
is_linear=0
shrinkage=0.1


Tree=79
num_leaves=31
num_cat=0
split_feature=6 2 9 6 0 7 1 0 7 5 6 6 2 5 1 6 2 3 5 2 5 2 5 0 9 4 5 6 6 0
split_gain=5.20474 4.28034 1.86766 0.667034 0.16996 0.111837 0.180842 0.134366 0.111132 0.0834471 0.0729965 0.0674064 0.0414907 0.140506 0.0339186 0.0338954 0.0328385 0.0516007 0.0261557 0.0218952 0.0833274 0.00378812 0.0378309 4.17469e-06 2.76195e-06 1.39021e-06 1.27611e-06 1.26529e-06 4.04647e-07 2.65506e-07
threshold=1.0000000180025095e-35 -0.2493404664302051 -0.13846733374056872 -1.3667817907455606 -1.4174517141997574 -1.0000000180025095e-35 -1.0407371973407937 0.41222815622387959 -0.13147795573554272 0.35300850440299691 0.86116403261871755 -5.5042769661380531 -0.25298473182998321 0.29237903068564236 -0.065475030416747251 -0.66839709116297985 -0.26447445642054973 -0.13426585142506708 0.24926473826441242 -0.24732377247602697 0.20076115929052876 -0.25573480483701444 0.34088260965952605 0.4501927802334818 7.6961223926276086 1.6669591648251514 -0.091607636190936634 0.87405034590428377 0.85135922873184977 0.33383419070014791
decision_type=2 2 2 2 2 2 2 2 2 2 2 2 2 2 2 2 2 2 2 2 2 2 2 2 2 2 2 2 2 2
left_child=3 2 4 5 -2 6 7 -1 9 10 -4 23 21 -14 -3 -5 17 -17 -12 20 -16 -6 -23 -9 -7 -8 -26 -11 -10 -18
right_child=1 14 8 15 12 24 25 11 28 27 18 -13 13 -15 19 16 29 -19 -20 -21 -22 22 -24 -25 26 -27 -28 -29 -30 -31
leaf_value=-0.10012459546240662 0.10001798288909598 -0.1000212412989146 -0.10077828688610191 -0.10001815671180654 -0.10001854838921234 0.10003072271743414 -0.10233199443507759 0.10102642427053442 0.10033607073656658 0.10088557435603768 -0.10021599347993074 -0.10001842500973988 -0.10001823200323852 0.10002360777221164 -0.10003409029276694 -0.10002131519240549 -0.10059299378952012 0.10075032592072536 0.10002415723956957 0.10001799001515861 0.1000205878424368 -0.10001880443921281 0.10011627659793398 0.10001786100472287 0.10141123217791481 -0.10299480374800832 0.10066394145541013 0.10002048212177959 0.10001901969329832 -0.10006193651826084
leaf_weight=0.051281543797813356 0.045502144261264088 0.0085711294086640022 0.072453677305020392 4.0530794374644756 2.0424108647275729 0.042650818155379855 0.066342531412374228 0.063824094104347751 0.043024784055886722 0.03400640664040111 0.0079945919569581747 0.018524005688959733 0.1403013654344244 0.046831939776893705 0.02641809436317899 0.022575097478693351 0.01271488995189507 0.029567374469479546 0.03544398641679436 5.4074908633192544 0.09826222738774959 0.098970987324719206 0.010441417296533473 0.11497118024271913 0.041934750435757451 0.060505788773298264 0.050213814320159145 0.033623804105445743 0.62525354789977428 0.036268047406338155
leaf_count=122 254 32 10 22497 11316 179 38 7 13 4 4 103 768 210 120 109 5 4 161 30144 509 532 36 650 29 3 17 175 3413 146
internal_value=2.07669e-05 0.0453839 -0.0459912 -0.0853382 -0.091396 0.0225632 -0.00548926 0.044086 0.0811109 0.0121845 -0.0393269 0.081565 -0.0951198 -0.0499558 0.0987547 -0.0985914 -0.0414055 0.0138262 0.0631712 0.0990627 0.0576317 -0.0990474 -0.0809196 0.100378 0.100696 -0.102648 0.101004 0.100455 0.100039 -0.1002
internal_weight=13.4415 8.777 3.23626 4.66445 2.38446 0.510249 0.375449 0.248601 0.851801 0.183522 0.115892 0.197319 2.33896 0.187133 5.54074 4.1542 0.101125 0.0521425 0.0434386 5.53217 0.12468 2.15182 0.109412 0.178795 0.134799 0.126848 0.0921486 0.0676302 0.668278 0.0489829
internal_count=71610 47701 16896 23909 13116 1148 923 882 3780 354 175 760 12862 978 30805 22761 264 113 165 30773 629 11884 568 657 225 41 46 179 3426 151
is_linear=0
shrinkage=0.1


Tree=80
num_leaves=31
num_cat=0
split_feature=6 2 9 6 0 7 1 0 9 5 6 6 2 5 1 6 2 3 5 2 5 2 5 4 9 4 5 6 6 0
split_gain=4.70902 3.87295 1.68986 0.60383 0.153783 0.101123 0.163305 0.121546 0.100594 0.0754693 0.0660068 0.060971 0.0375415 0.127133 0.0306932 0.0306858 0.029711 0.04667 0.0236651 0.0198134 0.075398 0.00342782 0.0342298 3.09122e-06 2.04422e-06 1.01893e-06 9.44489e-07 9.36128e-07 2.87728e-07 2.14631e-07
threshold=1.0000000180025095e-35 -0.2493404664302051 -0.13846733374056872 -1.3667817907455606 -0.65028734159414314 -1.0000000180025095e-35 -1.0407371973407937 0.41222815622387959 -0.13778286579157933 0.35300850440299691 0.86116403261871755 -5.5042769661380531 -0.25298473182998321 0.29237903068564236 -0.065475030416747251 -0.66839709116297985 -0.26447445642054973 -0.13426585142506708 0.24926473826441242 -0.24732377247602697 0.20076115929052876 -0.25573480483701444 0.34088260965952605 1.9382630952443718 7.6961223926276086 1.6669591648251514 -0.091607636190936634 0.87405034590428377 0.85135922873184977 0.33383419070014791
decision_type=2 2 2 2 2 2 2 2 2 2 2 2 2 2 2 2 2 2 2 2 2 2 2 2 2 2 2 2 2 2
left_child=3 2 4 5 -2 6 7 -1 9 10 -4 23 21 -14 -3 -5 17 -17 -12 20 -16 -6 -23 -9 -7 -8 -26 -11 -10 -18
right_child=1 14 8 15 12 24 25 11 28 27 18 -13 13 -15 19 16 29 -19 -20 -21 -22 22 -24 -25 26 -27 -28 -29 -30 -31
leaf_value=-0.1001127563201373 0.10001619655878091 -0.10001646441277566 -0.1007037343123437 -0.10001642121271376 -0.10001677035281718 0.10002778793810835 -0.10210927870993165 0.10001592151499415 0.10029824760340243 0.10080062077439977 -0.10019548624554878 -0.10001651534506149 -0.10001664610061765 0.10002136707170406 -0.1000293587882311 -0.10001929017703155 -0.10055790066222406 0.10067841039020145 0.10002186416195998 0.10001644325973091 0.10001860485643216 -0.10001702312941203 0.10010521704434483 0.10092801800106688 0.10127592433452251 -0.10270510146806655 0.10060038659177949 0.10001852378983467 0.10001723315134835 -0.10005604460659052
leaf_weight=0.046406676498008892 0.041172700701282205 0.0077565844403578712 0.065604868810623884 3.667438518255949 1.8480808188905946 0.038593139266595133 0.060153507220093161 0.10403208917705342 0.038943423918681108 0.030794885096838698 0.0072352151328232131 0.016761359031079337 0.12695179856382255 0.042376189987407997 0.023906125585199223 0.020427186114829965 0.011510850588820509 0.026771804201416671 0.032071746973088011 4.8929768163943663 0.088913005471113138 0.089554163147113175 0.0094487761234631762 0.057803812262136489 0.03799224688555114 0.054894465953111649 0.045462579961167648 0.030424641750869341 0.5657624840241624 0.032818518651765771
leaf_count=122 254 32 10 22497 11316 179 38 650 13 4 4 103 768 210 120 109 5 4 161 30144 509 532 36 7 29 3 17 175 3413 146
internal_value=2.08359e-05 0.0453827 -0.0459891 -0.085328 -0.0913943 0.022545 -0.00548033 0.0440729 0.0811007 0.0121799 -0.0393065 0.0815381 -0.095118 -0.0499549 0.0987531 -0.0985891 -0.0413967 0.0138187 0.0631679 0.0990611 0.0576289 -0.0990456 -0.0809175 0.100342 0.10063 -0.102394 0.100908 0.100412 0.100035 -0.100186
internal_weight=12.163 7.94197 2.92842 4.22107 2.15758 0.4621 0.340052 0.225004 0.770837 0.166131 0.104912 0.178597 2.11641 0.169328 5.01355 3.75897 0.0915284 0.047199 0.039307 5.0058 0.112819 1.94708 0.0990029 0.161836 0.122048 0.115048 0.0834548 0.0612195 0.604706 0.0443294
internal_count=71610 47701 16896 23909 13116 1148 923 882 3780 354 175 760 12862 978 30805 22761 264 113 165 30773 629 11884 568 657 225 41 46 179 3426 151
is_linear=0
shrinkage=0.1


Tree=81
num_leaves=31
num_cat=0
split_feature=6 2 9 6 0 7 1 0 9 5 6 6 2 5 6 1 2 3 5 2 5 2 5 0 9 4 5 6 6 0
split_gain=4.26055 3.50432 1.52899 0.546591 0.139146 0.0914422 0.147497 0.109952 0.0910519 0.0682574 0.0596902 0.055153 0.0339686 0.115032 0.0277822 0.0277718 0.0268781 0.0422123 0.0214118 0.0179278 0.068222 0.0031018 0.0309715 2.28841e-06 1.51349e-06 7.48252e-07 6.98976e-07 6.92677e-07 2.14507e-07 1.56238e-07
threshold=1.0000000180025095e-35 -0.2493404664302051 -0.13846733374056872 -1.3667817907455606 -1.628669355079096 1.0000000180025095e-35 -1.0407371973407937 0.41222815622387959 -0.13778286579157933 0.35300850440299691 0.86116403261871755 -5.5042769661380531 -0.25298473182998321 0.29237903068564236 -0.66839709116297985 -0.065475030416747251 -0.26447445642054973 -0.13426585142506708 0.24926473826441242 -0.24732377247602697 0.20076115929052876 -0.25573480483701444 0.34088260965952605 0.4501927802334818 7.6961223926276086 1.6669591648251514 -0.091607636190936634 0.87114107028127596 0.85135922873184977 0.33383419070014791
decision_type=2 2 2 2 2 2 2 2 2 2 2 2 2 2 2 2 2 2 2 2 2 2 2 2 2 2 2 2 2 2
left_child=3 2 4 5 -2 6 7 -1 9 10 -4 23 21 -14 -5 -3 17 -16 -12 20 -17 -6 -23 -9 -7 -8 -26 -11 -10 -18
right_child=1 15 8 14 12 24 25 11 28 27 18 -13 13 -15 16 19 29 -19 -20 -21 -22 22 -24 -25 26 -27 -28 -29 -30 -31
leaf_value=-0.10010200914814367 0.10001473412000111 -0.10002856315674669 -0.10063635207534674 -0.10001484187128028 -0.1000151997327863 0.10002506895462374 -0.10190764210013226 0.10083939629035588 0.10027061403792036 0.10072388540105465 -0.10017681202651124 -0.10001468400880031 -0.10001483437404841 0.10001932428508563 -0.10001745464162765 -0.10002770914572678 -0.1005007824074452 0.10061342434077068 0.10001978198354732 0.10001480865054771 0.10001685952030655 -0.10001539432169944 0.10009520231992891 0.10001461428242134 0.10115367545572868 -0.10244382693949905 0.10054300340602361 0.10001676526285762 0.10001556744620831 -0.10005071715524981
leaf_weight=0.041994772924226709 0.03725512791425023 0.0070175682194529845 0.059399464225862175 3.3184850998222837 1.6722377489786593 0.034921409096568823 0.054531316156499421 0.05234675387328025 0.035246701430878491 0.027884514536708593 0.0065478506003273642 0.015166725541348569 0.11487267290067382 0.038344303247868083 0.018483604450011626 0.021631608353345544 0.010419490110506913 0.024238979909569025 0.029020288842730224 4.4274153645383194 0.080453147893422283 0.0810332092369207 0.0085504175367532298 0.09413335939461831 0.034416239999700338 0.049790795892477036 0.041158534295391291 0.027529812941793352 0.51193108918960206 0.029696925848838873
leaf_count=122 254 32 10 22497 11316 179 38 7 13 4 4 103 768 210 109 120 5 4 161 30144 509 532 36 650 29 3 17 175 3413 146
internal_value=2.08927e-05 0.0453816 -0.0459872 -0.0853186 -0.0913928 0.0225286 -0.00547223 0.0440611 0.0810917 0.0121756 -0.039288 0.0815137 -0.0951165 -0.049954 -0.0985869 0.0987515 -0.0413849 0.013812 0.063165 0.0990595 0.0576277 -0.099044 -0.0809156 0.100309 0.10057 -0.102164 0.100821 0.100373 0.100032 -0.100168
internal_weight=11.0062 7.18637 2.64985 3.81978 1.95229 0.41846 0.307964 0.203642 0.69756 0.150382 0.0949676 0.161647 1.91504 0.153217 3.40132 4.53652 0.082839 0.0427226 0.0355681 4.5295 0.102085 1.76182 0.0895836 0.14648 0.110496 0.104322 0.0755748 0.0554143 0.547178 0.0401164
internal_count=71610 47701 16896 23909 13116 1148 923 882 3780 354 175 760 12862 978 22761 30805 264 113 165 30773 629 11884 568 657 225 41 46 179 3426 151
is_linear=0
shrinkage=0.1


Tree=82
num_leaves=31
num_cat=0
split_feature=6 2 9 6 0 7 1 0 7 5 6 6 2 5 6 1 2 3 5 2 5 2 5 0 9 4 5 1 6 0
split_gain=3.85482 3.1708 1.38344 0.494759 0.125903 0.0826929 0.133243 0.0994662 0.0824128 0.0617372 0.0539811 0.0498911 0.0307355 0.104084 0.0251514 0.0251303 0.0243163 0.0381818 0.0193731 0.0162212 0.0617296 0.00280675 0.0280234 1.69419e-06 1.12023e-06 5.49262e-07 5.17436e-07 5.12591e-07 1.61346e-07 1.13113e-07
threshold=-1.0000000180025095e-35 -0.2493404664302051 -0.13846733374056872 -1.3667817907455606 -1.2776226877352699 1.0000000180025095e-35 -1.0407371973407937 0.41222815622387959 -0.13147795573554272 0.35300850440299691 0.86116403261871755 -5.5042769661380531 -0.25298473182998321 0.29237903068564236 -0.66839709116297985 -0.065475030416747251 -0.26447445642054973 -0.13426585142506708 0.24926473826441242 -0.24732377247602697 0.20076115929052876 -0.25573480483701444 0.34088260965952605 0.4501927802334818 7.6961223926276086 1.6669591648251514 -0.091607636190936634 0.98075232520147471 0.83410194845743291 0.33383419070014791
decision_type=2 2 2 2 2 2 2 2 2 2 2 2 2 2 2 2 2 2 2 2 2 2 2 2 2 2 2 2 2 2
left_child=3 2 4 5 -2 6 7 -1 9 10 -4 23 21 -14 -5 -3 17 -16 -12 20 -17 -6 -23 -9 -7 -8 -26 -11 -10 -18
right_child=1 15 8 14 12 24 25 11 28 27 18 -13 13 -15 16 19 29 -19 -20 -21 -22 22 -24 -25 26 -27 -28 -29 -30 -31
leaf_value=-0.10009222153686648 0.10001318699470288 -0.10004217630232029 -0.10057545464266887 -0.10001344782832958 -0.10001373633965026 0.10002271135298023 -0.10172564844626159 0.1007591071658176 0.10024662266317133 0.10001516174021384 -0.10015989315900301 -0.10001328816559452 -0.100013553848811 0.10001747577757553 -0.10001579645127648 -0.10003107460157959 -0.10044840153624396 0.100554722757422 0.10001788139497186 0.10001338818471139 0.10001518529078622 -0.10001393332499481 0.10008614710752572 0.10001323950722525 0.10104320542462666 -0.10220811929461045 0.10049106624061682 0.10065453695291182 0.10001410921572396 -0.10004590033769273
leaf_weight=0.03800195682561025 0.033710313611664211 0.0063493039924650265 0.053777744920807891 3.0027295164763936 1.5131241453345863 0.031598905334249139 0.049425784585764965 0.047401119547430426 0.031899658148176857 0.024910384163376875 0.0059256860113237044 0.013723616692004725 0.10394235276908137 0.034695967871812172 0.016724920162232593 0.019572494973544852 0.0094327826518559865 0.021944489679299295 0.026259112317347899 4.0061463371857826 0.072798143548425287 0.073322897500474826 0.0077374024695018298 0.085176497173961252 0.031173416049568914 0.045151183381676674 0.037260051249177195 0.025247448123991489 0.46322094381321222 0.026872117159655318
leaf_count=122 254 32 10 22497 11316 179 38 7 13 175 4 103 768 210 109 120 5 4 161 30144 509 532 36 650 29 3 17 4 3413 146
internal_value=2.09504e-05 0.0453805 -0.0459855 -0.0853102 -0.0913915 0.0225137 -0.00546493 0.0440504 0.0810836 0.0121718 -0.0392712 0.0814916 -0.0951151 -0.0499533 -0.098585 0.0987501 -0.0413753 0.0138059 0.0631623 0.0990581 0.0576272 -0.0990426 -0.0809139 0.10028 0.100515 -0.101956 0.100743 0.100337 0.100029 -0.10015
internal_weight=9.95926 6.50264 2.39777 3.45662 1.76653 0.378913 0.27888 0.184303 0.631241 0.13612 0.0859625 0.146301 1.73282 0.138638 3.0777 4.10487 0.0749743 0.0386694 0.0321848 4.09852 0.0923706 1.59418 0.0810603 0.132578 0.100032 0.094577 0.0684335 0.0501578 0.495121 0.0363049
internal_count=71610 47701 16896 23909 13116 1148 923 882 3780 354 175 760 12862 978 22761 30805 264 113 165 30773 629 11884 568 657 225 41 46 179 3426 151
is_linear=0
shrinkage=0.1


Tree=83
num_leaves=31
num_cat=0
split_feature=6 2 9 6 0 7 1 0 9 5 6 6 2 5 6 1 2 3 5 2 5 2 5 4 9 4 5 1 6 0
split_gain=3.48775 2.86901 1.25176 0.447825 0.11392 0.0747847 0.120385 0.0899825 0.074591 0.055842 0.0488205 0.045132 0.0278102 0.0941776 0.0227698 0.0227336 0.0219977 0.0345373 0.0175287 0.014677 0.0558529 0.00253976 0.025356 1.25337e-06 8.29409e-07 4.03828e-07 3.83016e-07 3.79376e-07 1.21118e-07 7.60354e-08
threshold=1.0000000180025095e-35 -0.2493404664302051 -0.13846733374056872 -1.3667817907455606 -1.2776226877352699 1.0000000180025095e-35 -1.0407371973407937 0.41222815622387959 -0.13778286579157933 0.35300850440299691 0.86116403261871755 -5.5042769661380531 -0.25298473182998321 0.29237903068564236 -0.66839709116297985 -0.065475030416747251 -0.26447445642054973 -0.13426585142506708 0.24926473826441242 -0.24732377247602697 0.20076115929052876 -0.25573480483701444 0.34088260965952605 1.9382630952443718 7.6961223926276086 1.6669591648251514 -0.091607636190936634 0.98075232520147471 0.85135922873184977 0.33383419070014791
decision_type=2 2 2 2 2 2 2 2 2 2 2 2 2 2 2 2 2 2 2 2 2 2 2 2 2 2 2 2 2 2
left_child=3 2 4 5 -2 6 7 -1 9 10 -4 23 21 -14 -5 -3 17 -16 -12 20 -17 -6 -23 -9 -7 -8 -26 -11 -10 -18
right_child=1 15 8 14 12 24 25 11 28 27 18 -13 13 -15 16 19 29 -19 -20 -21 -22 22 -24 -25 26 -27 -28 -29 -30 -31
leaf_value=-0.10008344995227458 0.10001203417359084 -0.10001681598116885 -0.10052042622686329 -0.10001215089791622 -0.1000124180918627 0.10002052706546326 -0.10156089781437867 0.1000119180124899 0.10022452874214947 0.10001371217957374 -0.10014473448527579 -0.10001214482991268 -0.10001234875800419 0.10001581174641112 -0.1000142936869297 -0.10002639619909033 -0.1003883966244048 0.10050165349533927 0.10001618552561929 0.10001205235834312 0.10001378729014072 -0.10001260705672421 0.10007794596020091 0.10068619597134996 0.10094337837235862 -0.10199541843630827 0.1004441617245022 0.10059188090200824 0.1000127697635995 -0.10004153359226686
leaf_weight=0.034388444837532006 0.030502715380862688 0.0057453130139041289 0.048685398316592909 2.717015217989684 1.3691484982846303 0.028592469170689583 0.044791157051804809 0.07707183419552166 0.028870453817944397 0.022540156664035749 0.0053625559230567879 0.012417708378052339 0.094052064901916199 0.031394705278216861 0.015133549575693905 0.017710273852572178 0.0085390698804980181 0.01986614843190182 0.023760613315971568 3.6249539675191045 0.065871388098457828 0.066346138803055399 0.0070016355748521155 0.042919702988001518 0.028233349534275476 0.040935342200100422 0.033729227048752364 0.022858342155814171 0.41914490987255704 0.024315906048286706
leaf_count=122 254 32 10 22497 11316 179 38 650 13 175 4 103 768 210 109 120 5 4 161 30144 509 532 36 7 29 3 17 4 3413 146
internal_value=2.09999e-05 0.0453796 -0.0459839 -0.0853025 -0.0913902 0.0225002 -0.00545833 0.0440407 0.0810763 0.0121683 -0.0392561 0.0814717 -0.0951138 -0.0499527 -0.0985832 0.0987489 -0.0413651 0.0138004 0.0631598 0.0990568 0.0576269 -0.0990412 -0.0809124 0.100253 0.100466 -0.101768 0.100672 0.100305 0.100026 -0.100132
internal_weight=9.0119 5.88395 2.16967 3.12795 1.59845 0.343079 0.252524 0.166798 0.571222 0.123207 0.0778086 0.132409 1.56794 0.125447 2.78487 3.71428 0.0678547 0.0349997 0.0291232 3.70854 0.0835817 1.4425 0.0733478 0.119992 0.090555 0.0857265 0.0619626 0.0453985 0.448015 0.032855
internal_count=71610 47701 16896 23909 13116 1148 923 882 3780 354 175 760 12862 978 22761 30805 264 113 165 30773 629 11884 568 657 225 41 46 179 3426 151
is_linear=0
shrinkage=0.1


Tree=84
num_leaves=31
num_cat=0
split_feature=6 2 9 6 0 7 1 0 7 5 6 6 2 5 6 1 2 3 5 2 5 2 5 0 9 4 5 1 6 0
split_gain=3.15565 2.59596 1.1326 0.405332 0.103078 0.0676363 0.108783 0.0814047 0.0675098 0.0505115 0.0441554 0.0408282 0.0251635 0.0852142 0.0206105 0.0205739 0.0199029 0.0312416 0.0158599 0.0132803 0.0505376 0.00229816 0.0229426 9.27919e-07 6.1383e-07 2.97156e-07 2.83615e-07 2.80794e-07 9.04922e-08 6.05488e-08
threshold=-1.0000000180025095e-35 -0.2493404664302051 -0.13846733374056872 -1.3667817907455606 -1.5406955033898659 1.0000000180025095e-35 -1.0407371973407937 0.41222815622387959 -0.13147795573554272 0.35300850440299691 0.86116403261871755 -5.5042769661380531 -0.25298473182998321 0.29237903068564236 -0.66839709116297985 -0.065475030416747251 -0.26447445642054973 -0.13426585142506708 0.24926473826441242 -0.24732377247602697 0.20076115929052876 -0.25573480483701444 0.34088260965952605 0.4501927802334818 7.6961223926276086 1.6669591648251514 -0.091607636190936634 0.98075232520147471 0.85135922873184977 0.33383419070014791
decision_type=2 2 2 2 2 2 2 2 2 2 2 2 2 2 2 2 2 2 2 2 2 2 2 2 2 2 2 2 2 2
left_child=3 2 4 5 -2 6 7 -1 9 10 -4 23 21 -14 -5 -3 17 -16 -12 20 -17 -6 -23 -9 -7 -8 -26 -11 -10 -18
right_child=1 15 8 14 12 24 25 11 28 27 18 -13 13 -15 16 19 29 -19 -20 -21 -22 22 -24 -25 26 -27 -28 -29 -30 -31
leaf_value=-0.10007561427436694 0.10001080161050431 -0.10003354507333395 -0.10047067867764559 -0.10001101032364437 -0.10001124609404735 0.10001865470869065 -0.10141189183229533 0.10062067379967532 0.10020398337666084 0.10001240682452138 -0.10013096521342557 -0.10001089733858065 -0.10001102767808832 0.10001431074057919 -0.10001292720350352 -0.10002692616318908 -0.1003629415320485 0.10045368646557795 0.10001464396056665 0.10001092952154614 0.10001245500554053 -0.10001139438901976 0.1000705335701613 0.10001088162273536 0.10085314646741372 -0.10180342796107822 0.1004016859301896 0.10053524805058343 0.10001157672484114 -0.10003758012873545
leaf_weight=0.031118303515540902 0.027600328437983879 0.0051986814942214235 0.04407307459769072 2.4584839865565309 1.2388706174679096 0.025872000958770514 0.040585259412182828 0.038859375468746293 0.026127910088689421 0.02039543041610159 0.0048528749830438747 0.011236154525249731 0.08510288407705946 0.028407508878444787 0.013693579050595872 0.016024952266889492 0.0077288390166353462 0.017983781770453788 0.02149980710237287 3.2800311916762439 0.059603648514894303 0.06003315756970562 0.0063357870239997274 0.069738212325319182 0.025568284014298115 0.037106127478182316 0.030531715681718197 0.020694141276180744 0.37926231852179626 0.02200276507937815
leaf_count=122 254 32 10 22497 11316 179 38 7 13 175 4 103 768 210 109 120 5 4 161 30144 509 532 36 650 29 3 17 4 3413 146
internal_value=2.10444e-05 0.0453788 -0.0459825 -0.0852957 -0.0913891 0.022488 -0.00545235 0.044032 0.0810696 0.0121652 -0.0392424 0.0814537 -0.0951126 -0.049952 -0.0985817 0.0987477 -0.0413586 0.0137954 0.0631576 0.0990557 0.0576261 -0.09904 -0.0809109 0.100229 0.100422 -0.101599 0.100607 0.100276 0.100024 -0.100122
internal_weight=8.15462 5.32411 1.96326 2.83051 1.44635 0.310615 0.228643 0.150952 0.516906 0.111515 0.0704258 0.119834 1.41875 0.11351 2.51989 3.36086 0.061409 0.0316774 0.0263527 3.35566 0.0756286 1.30524 0.0663689 0.108598 0.081972 0.0776914 0.0561 0.0410896 0.40539 0.0297316
internal_count=71610 47701 16896 23909 13116 1148 923 882 3780 354 175 760 12862 978 22761 30805 264 113 165 30773 629 11884 568 657 225 41 46 179 3426 151
is_linear=0
shrinkage=0.1


Tree=85
num_leaves=31
num_cat=0
split_feature=6 2 9 6 0 7 1 0 7 5 6 6 2 5 6 1 2 3 5 2 5 2 5 0 9 4 5 1 6 0
split_gain=2.8552 2.3489 1.0248 0.366861 0.0932677 0.0611738 0.0983114 0.0736457 0.0610993 0.0456912 0.0399376 0.0369355 0.0227686 0.0771041 0.0186534 0.0186144 0.0180097 0.0282612 0.0143501 0.0120161 0.0457263 0.00207954 0.0207589 6.87943e-07 4.54524e-07 2.18714e-07 2.09942e-07 2.07853e-07 6.82691e-08 5.76855e-08
threshold=1.0000000180025095e-35 -0.2493404664302051 -0.13846733374056872 -1.3667817907455606 -1.628669355079096 1.0000000180025095e-35 -1.0407371973407937 0.41222815622387959 -0.13147795573554272 0.35300850440299691 0.86116403261871755 -5.5042769661380531 -0.25298473182998321 0.29237903068564236 -0.66839709116297985 -0.065475030416747251 -0.26447445642054973 -0.13426585142506708 0.24926473826441242 -0.24732377247602697 0.20076115929052876 -0.25573480483701444 0.34088260965952605 0.4501927802334818 7.6961223926276086 1.6669591648251514 -0.091607636190936634 0.98075232520147471 0.83410194845743291 0.33383419070014791
decision_type=2 2 2 2 2 2 2 2 2 2 2 2 2 2 2 2 2 2 2 2 2 2 2 2 2 2 2 2 2 2
left_child=3 2 4 5 -2 6 7 -1 9 10 -4 23 21 -14 -5 -3 17 -16 -12 20 -17 -6 -23 -9 -7 -8 -26 -11 -10 -18
right_child=1 15 8 14 12 24 25 11 28 27 18 -13 13 -15 16 19 29 -19 -20 -21 -22 22 -24 -25 26 -27 -28 -29 -30 -31
leaf_value=-0.10006843012127431 0.10000991771780632 -0.10001966880043595 -0.10042568626027842 -0.1000099613464456 -0.10001018659231541 0.10001686878073307 -0.10127721326505089 0.10056165625194065 0.10018609681701579 0.10001122676802671 -0.10011851940953298 -0.10000878287485498 -0.10001005736976845 0.10001294468612945 -0.10001169868519069 -0.10002234672284725 -0.10036784081313664 0.10041033539552413 0.10001326496834505 0.10000987547005702 0.10001126735567045 -0.10001031634343782 0.10006381526975434 0.10000978317682241 0.10077158128298387 -0.10163008629311177 0.10036336257249978 0.10048406796856213 0.10001042418309035 -0.10003400264612271
leaf_weight=0.028158916167740244 0.024974015541374572 0.0047042471123862608 0.039895920454000589 2.2245503589510927 1.1209878057707097 0.023410349618643522 0.036769382015336638 0.035180991246306803 0.0236458044455502 0.018454755459970329 0.0043915828864555797 0.01016710063413484 0.077004972285067086 0.025704510269861203 0.012390606971166562 0.014500196026347445 0.0069943622565910015 0.016279065959679428 0.019454086665064096 2.9679252675559837 0.053932213173538912 0.05432080425816832 0.0057332228534505694 0.063102377847826574 0.023152913359808736 0.033629363402724266 0.027636256607365794 0.018733886070549488 0.34317445276974468 0.019909600698156282
leaf_count=122 254 32 10 22497 11316 179 38 7 13 175 4 103 768 210 109 120 5 4 161 30144 509 532 36 650 29 3 17 4 3413 146
internal_value=2.10876e-05 0.045378 -0.0459812 -0.0852895 -0.0913882 0.022477 -0.00544693 0.044024 0.0810636 0.0121624 -0.0392301 0.0814373 -0.0951116 -0.0499515 -0.0985804 0.0987467 -0.0413553 0.0137909 0.0631556 0.0990546 0.057626 -0.099039 -0.0809097 0.100207 0.100381 -0.101446 0.100549 0.100249 0.100022 -0.100121
internal_weight=7.37887 4.81754 1.77648 2.56133 1.30873 0.281208 0.207008 0.136609 0.46775 0.10093 0.0637416 0.10845 1.28375 0.102709 2.28012 3.04106 0.0555736 0.0286697 0.0238457 3.03636 0.0684324 1.18104 0.060054 0.0982834 0.0741995 0.0703987 0.0507892 0.0371886 0.36682 0.026904
internal_count=71610 47701 16896 23909 13116 1148 923 882 3780 354 175 760 12862 978 22761 30805 264 113 165 30773 629 11884 568 657 225 41 46 179 3426 151
is_linear=0
shrinkage=0.1


Tree=86
num_leaves=31
num_cat=0
split_feature=6 2 9 6 0 7 1 0 9 5 6 6 2 5 6 1 2 3 5 2 5 2 5 4 9 4 5 6 6 0
split_gain=2.58336 2.12535 0.927256 0.332032 0.0843912 0.0553311 0.0888583 0.0666273 0.0552962 0.0413321 0.0361242 0.0334144 0.0206016 0.069766 0.0168864 0.0168434 0.0162917 0.0255657 0.012984 0.0108729 0.0413748 0.0018817 0.0187831 5.08643e-07 3.36307e-07 1.61105e-07 1.55478e-07 1.53858e-07 4.98556e-08 3.43448e-08
threshold=-1.0000000180025095e-35 -0.2493404664302051 -0.13846733374056872 -1.3667817907455606 -0.53765899171348541 -1.0000000180025095e-35 -1.0407371973407937 0.41222815622387959 -0.13778286579157933 0.35300850440299691 0.86116403261871755 -5.5042769661380531 -0.25298473182998321 0.29237903068564236 -0.66839709116297985 -0.065475030416747251 -0.26447445642054973 -0.13426585142506708 0.24926473826441242 -0.24732377247602697 0.20076115929052876 -0.25573480483701444 0.34088260965952605 2.0598463665821578 7.6961223926276086 1.6669591648251514 -0.091607636190936634 0.87252744854860176 0.85135922873184977 0.33383419070014791
decision_type=2 2 2 2 2 2 2 2 2 2 2 2 2 2 2 2 2 2 2 2 2 2 2 2 2 2 2 2 2 2
left_child=3 2 4 5 -2 6 7 -1 9 10 -4 23 21 -14 -5 -3 17 -16 -12 20 -17 -6 -23 -9 -7 -8 -26 -11 -10 -18
right_child=1 15 8 14 12 24 25 11 28 27 18 -13 13 -15 16 19 29 -19 -20 -21 -22 22 -24 -25 26 -27 -28 -29 -30 -31
leaf_value=-0.10006180829129646 0.10000895074797789 -0.10003052569257478 -0.10038502960651491 -0.10000901662528611 -0.10000920789403543 0.10001541755596349 -0.10115539191211764 0.10000882571966013 0.10016725045469099 0.10043779570569085 -0.10010717228503921 -0.10000877001986341 -0.10000927858600712 0.10001172077823246 -0.10001058477723848 -0.10002068548713645 -0.10030154766101616 0.1003711235907187 0.10001199592955408 0.10000891240964944 0.10001018885421142 -0.10000934939062443 0.10005774811728108 0.10050760999998259 0.10069785465424873 -0.10147356556087871 0.10032864075564091 0.10001017008388816 0.10000944260971373 -0.10003078219520412
leaf_weight=0.025480823096586391 0.022597642266191431 0.0042562611633915051 0.036113201749685686 2.0128744803369054 1.0143210953101511 0.021182858457905573 0.03330834984080866 0.057097883604001254 0.021399292301793937 0.016958532258286141 0.0039740939610055639 0.0091995439870515838 0.069677597297413629 0.02325867392210057 0.011211603334231768 0.01312072065775316 0.0063308367825806169 0.014735369426489342 0.017602995751076378 2.6855134816396458 0.048800386721268296 0.049151946914207767 0.0051879332095268174 0.031849300779867917 0.020964181065210141 0.030473655089735985 0.025014527127495967 0.016698721548891626 0.31051993068103911 0.018015503796050325
leaf_count=122 254 32 10 22497 11316 179 38 650 13 4 4 103 768 210 109 120 5 4 161 30144 509 532 36 7 29 3 17 175 3413 146
internal_value=2.11304e-05 0.0453773 -0.04598 -0.0852838 -0.0913872 0.022467 -0.00544205 0.0440169 0.0810581 0.0121598 -0.0392189 0.0814225 -0.0951107 -0.0499511 -0.098579 0.0987457 -0.0413449 0.0137868 0.0631538 0.0990537 0.0576248 -0.099038 -0.0809086 0.100187 0.100345 -0.101307 0.100497 0.100226 0.10002 -0.100101
internal_weight=6.67689 4.35915 1.60746 2.31774 1.18419 0.254571 0.18741 0.123628 0.423267 0.0913475 0.0576903 0.0981467 1.1616 0.0929363 2.06317 2.75169 0.0502933 0.025947 0.0215771 2.74743 0.0619211 1.06866 0.0543399 0.0889472 0.0671616 0.063782 0.0459787 0.0336573 0.331919 0.0243463
internal_count=71610 47701 16896 23909 13116 1148 923 882 3780 354 175 760 12862 978 22761 30805 264 113 165 30773 629 11884 568 657 225 41 46 179 3426 151
is_linear=0
shrinkage=0.1


Tree=87
num_leaves=31
num_cat=0
split_feature=6 2 9 6 0 7 1 0 7 5 6 6 2 5 6 1 2 3 5 2 5 2 5 4 9 4 5 1 6 0
split_gain=2.33742 1.92308 0.838999 0.300503 0.0763595 0.0500482 0.0803226 0.0602787 0.0500433 0.0373898 0.032676 0.0302298 0.018641 0.0631262 0.0152833 0.0152383 0.0147409 0.0231279 0.011748 0.00983823 0.0374367 0.00170269 0.0169954 3.76675e-07 2.49219e-07 1.18727e-07 1.15112e-07 1.13907e-07 3.64961e-08 2.76051e-08
threshold=1.0000000180025095e-35 -0.2493404664302051 -0.13846733374056872 -1.3667817907455606 -1.060368251536681 1.0000000180025095e-35 -1.0407371973407937 0.41222815622387959 -0.13147795573554272 0.35300850440299691 0.86116403261871755 -5.5042769661380531 -0.25298473182998321 0.29237903068564236 -0.66839709116297985 -0.065475030416747251 -0.26447445642054973 -0.13426585142506708 0.24926473826441242 -0.24732377247602697 0.20076115929052876 -0.25573480483701444 0.34088260965952605 2.0598463665821578 7.6961223926276086 1.6669591648251514 -0.091607636190936634 0.98075232520147471 0.83410194845743291 0.33383419070014791
decision_type=2 2 2 2 2 2 2 2 2 2 2 2 2 2 2 2 2 2 2 2 2 2 2 2 2 2 2 2 2 2
left_child=3 2 4 5 -2 6 7 -1 9 10 -4 23 21 -14 -5 -3 17 -16 -12 20 -17 -6 -23 -9 -7 -8 -26 -11 -10 -18
right_child=1 15 8 14 12 24 25 11 28 27 18 -13 13 -15 16 19 29 -19 -20 -21 -22 22 -24 -25 26 -27 -28 -29 -30 -31
leaf_value=-0.10005594125149815 0.10000805277522225 -0.10000902240445464 -0.10034827334869907 -0.10000814696765155 -0.10000833416462572 0.10001378593136255 -0.101045215227885 0.1000079729611308 0.10015048254348569 0.1000091996290976 -0.10009696322975431 -0.10000853652307676 -0.10000825035152811 0.10001060132724889 -0.10000957435342964 -0.10001710988636051 -0.10028300194764517 0.10033569644513823 0.10001084741107223 0.1000081404621031 0.10000920951202504 -0.1000084335195815 0.10005225784976622 0.10045914222860791 0.10063118937138249 -0.10133218899500024 0.10029729096788031 0.10039596783988065 0.10000855118482253 -0.10002784292553973
leaf_weight=0.023057285186951049 0.020447339775273465 0.0038515202468264445 0.032687936960428488 1.8213390167802572 0.9178033265925476 0.019167330116033554 0.030169846359058616 0.051664752594660968 0.019365841682884244 0.0151097678244696 0.0035962563852081067 0.0083241366664879024 0.063047410905710422 0.021045543311629444 0.010144775747903623 0.011872434508405472 0.0057305292029919954 0.01333758274995489 0.015928021777654067 2.4299714706430673 0.044156816191389225 0.044474904796516057 0.0046944806163082822 0.028831636824179441 0.018981102868565358 0.027610216289758682 0.022640795432380401 0.015350783243775368 0.28097250330029055 0.016301554460369516
leaf_count=122 254 32 10 22497 11316 179 38 650 13 175 4 103 768 210 109 120 5 4 161 30144 509 532 36 7 29 3 17 4 3413 146
internal_value=2.11678e-05 0.0453767 -0.045979 -0.0852787 -0.0913864 0.0224579 -0.00543763 0.0440104 0.0810531 0.0121575 -0.0392088 0.0814092 -0.0951098 -0.0499505 -0.0985778 0.098745 -0.0413412 0.0137832 0.0631522 0.0990529 0.0576242 -0.0990371 -0.0809075 0.10017 0.100312 -0.101182 0.10045 0.100204 0.100018 -0.100094
internal_weight=6.04168 3.94438 1.45452 2.0973 1.07151 0.230447 0.169658 0.111878 0.383011 0.0826728 0.0522122 0.0888205 1.05107 0.084093 1.86685 2.48985 0.0455144 0.0234824 0.0195243 2.486 0.0560293 0.966973 0.0491694 0.0804964 0.0607892 0.0577801 0.0416219 0.0304606 0.300338 0.0220321
internal_count=71610 47701 16896 23909 13116 1148 923 882 3780 354 175 760 12862 978 22761 30805 264 113 165 30773 629 11884 568 657 225 41 46 179 3426 151
is_linear=0
shrinkage=0.1


Tree=88
num_leaves=31
num_cat=0
split_feature=6 2 9 6 0 7 7 1 0 5 6 6 2 5 6 1 2 3 5 2 5 2 5 0 9 4 5 1 6 0
split_gain=2.11489 1.74006 0.759144 0.271961 0.0690924 0.0452885 0.0452712 0.0726137 0.0545357 0.0338243 0.0295578 0.0273491 0.016867 0.0571184 0.013834 0.0137899 0.0133357 0.0209229 0.0106298 0.00890238 0.0338742 0.00154069 0.0153779 2.78998e-07 1.84572e-07 8.74696e-08 8.52176e-08 8.43347e-08 2.59477e-08 1.70369e-08
threshold=-1.0000000180025095e-35 -0.2493404664302051 -0.13846733374056872 -1.3667817907455606 -1.628669355079096 -0.13147795573554272 1.0000000180025095e-35 -1.0407371973407937 0.41222815622387959 0.35300850440299691 0.86116403261871755 -5.5042769661380531 -0.25298473182998321 0.29237903068564236 -0.66839709116297985 -0.065475030416747251 -0.26447445642054973 -0.13426585142506708 0.24926473826441242 -0.24732377247602697 0.20076115929052876 -0.25573480483701444 0.34088260965952605 0.4501927802334818 7.6961223926276086 1.6669591648251514 -0.091607636190936634 0.98075232520147471 0.85135922873184977 0.33383419070014791
decision_type=2 2 2 2 2 2 2 2 2 2 2 2 2 2 2 2 2 2 2 2 2 2 2 2 2 2 2 2 2 2
left_child=3 2 4 6 -2 9 7 8 -1 10 -4 23 21 -14 -5 -3 17 -16 -12 20 -17 -6 -23 -10 -8 -9 -26 -11 -7 -18
right_child=1 15 5 14 12 28 24 25 11 27 18 -13 13 -15 16 19 29 -19 -20 -21 -22 22 -24 -25 26 -27 -28 -29 -30 -31
leaf_value=-0.10005057483429672 0.10000719696471028 -0.10001523813439191 -0.1003150292001117 -0.10000737874170962 -0.10000754427228629 0.10013354949923697 0.10001246679564757 -0.10094566006935475 0.1004154010007397 0.10000832360848418 -0.10008777531062776 -0.10000776933534801 -0.10000739728360156 0.1000096038329889 -0.10000867111356515 -0.10001459195638601 -0.10023591444145052 0.10030364064926396 0.10000982458427415 0.10000739391378646 0.10000834980732996 -0.10000763619171123 0.1000472844361639 0.10000725723124811 0.1005709166992857 -0.10120446833527533 0.10026896328804524 0.10035815043845889 0.10000774721462313 -0.100025203339595
leaf_weight=0.020864162746875081 0.018501667072996497 0.0034852474927905544 0.029586572047264781 1.6480278708040712 0.83046898833708838 0.017525589362776151 0.017343524610623717 0.027324361857608781 0.02609875505004311 0.013671996079210658 0.0032543123234063378 0.0075320563701097845 0.057048127215239219 0.019042975894990377 0.0091794514301000163 0.010743089223979818 0.0051863854314432292 0.012072003723005764 0.014412411954253912 2.1987444542901358 0.039955078631464858 0.040242867667984683 0.0042479419716983094 0.046748518150707241 0.017184581498440821 0.02501268032938242 0.020491744500759523 0.013894930947571993 0.25423634812614182 0.014750626709428616
leaf_count=122 254 32 10 22497 11316 13 179 38 7 175 4 103 768 210 109 120 5 4 161 30144 509 532 36 650 29 3 17 4 3413 146
internal_value=2.11969e-05 0.0453761 -0.045978 -0.085274 -0.0913857 0.0810485 0.0224497 -0.00543362 0.0440045 0.0121554 -0.0391996 0.0813971 -0.095109 -0.04995 -0.0985767 0.0987442 -0.0413333 0.0137798 0.0631507 0.0990521 0.0576229 -0.0990363 -0.0809066 0.100153 0.100282 -0.101069 0.100407 0.100185 0.100016 -0.10008
internal_weight=5.46688 3.56906 1.31613 1.89782 0.969553 0.346582 0.2086 0.153581 0.101243 0.0748202 0.0472533 0.0803793 0.951051 0.0760911 1.68922 2.25293 0.0411885 0.0212515 0.0176667 2.24944 0.0506982 0.87496 0.0444908 0.0728473 0.0550199 0.052337 0.0376763 0.0275669 0.271762 0.019937
internal_count=71610 47701 16896 23909 13116 3780 1148 923 882 354 175 760 12862 978 22761 30805 264 113 165 30773 629 11884 568 657 225 41 46 179 3426 151
is_linear=0
shrinkage=0.1


Tree=89
num_leaves=31
num_cat=0
split_feature=6 2 9 6 0 9 7 1 0 5 6 6 2 5 6 1 2 3 5 2 5 2 5 4 9 4 5 1 6 0
split_gain=1.91356 1.57446 0.686891 0.246126 0.0625169 0.0409851 0.0409514 0.0656502 0.0493405 0.0305995 0.0267379 0.0247432 0.0152618 0.0516825 0.0125207 0.0124764 0.0120656 0.0189286 0.00961795 0.00805503 0.0306502 0.00139411 0.0139143 2.06556e-07 1.36693e-07 6.45178e-08 6.3106e-08 6.24443e-08 1.97171e-08 1.24475e-08
threshold=-1.0000000180025095e-35 -0.2493404664302051 -0.13846733374056872 -1.3667817907455606 -0.53765899171348541 -0.13778286579157933 1.0000000180025095e-35 -1.0407371973407937 0.41222815622387959 0.35300850440299691 0.86116403261871755 -5.5042769661380531 -0.25298473182998321 0.29237903068564236 -0.66839709116297985 -0.065475030416747251 -0.26447445642054973 -0.13426585142506708 0.24926473826441242 -0.24732377247602697 0.20076115929052876 -0.25573480483701444 0.34088260965952605 2.0598463665821578 7.6961223926276086 1.6669591648251514 -0.091607636190936634 0.98075232520147471 0.85135922873184977 0.33383419070014791
decision_type=2 2 2 2 2 2 2 2 2 2 2 2 2 2 2 2 2 2 2 2 2 2 2 2 2 2 2 2 2 2
left_child=3 2 4 6 -2 9 7 8 -1 10 -4 23 21 -14 -5 -3 17 -16 -12 20 -17 -6 -23 -10 -8 -9 -26 -11 -7 -18
right_child=1 15 5 14 12 28 24 25 11 27 18 -13 13 -15 16 19 29 -19 -20 -21 -22 22 -24 -25 26 -27 -28 -29 -30 -31
leaf_value=-0.10004581558218979 0.10000669135576426 -0.10000823598518849 -0.10028495980243193 -0.10000667448812328 -0.10000682596266697 0.1001222659329726 0.10001126821379275 -0.10085552260200251 0.10000654407593673 0.10000752749112921 -0.10007942100184511 -0.10000774718888567 -0.10000669481736768 0.10000870144961814 -0.100007838714665 -0.10001389767018398 -0.10021213133033365 0.10027465217497199 0.1000088880352942 0.10000662414008699 0.10000756587939799 -0.10000691916861398 0.10004278565493491 0.10037568608960311 0.1005164221302155 -0.10108907988476226 0.10024331030938179 0.10032395593309898 0.10000698635027383 -0.1000228016809879
leaf_weight=0.01887953210825799 0.016741098108468577 0.0031535095768052681 0.026778655090311076 1.4912071414291856 0.75144456789712422 0.015859586070291476 0.015693248016759753 0.024745060945860931 0.042300129949580878 0.012371027347398922 0.0029448567656800142 0.006815303240728098 0.051619627083709929 0.017230945399205666 0.0083059764001518488 0.0097207383296341598 0.0046936560756875014 0.010926197697699536 0.013041005266131833 1.9895200939390634 0.036153122891846579 0.036413498011825141 0.0038438609408331095 0.023623974353540689 0.015557253929728176 0.02265692874789238 0.018546198298281524 0.012576721142977476 0.23004422618396347 0.013347222906304523
leaf_count=122 254 32 10 22497 11316 13 179 38 650 175 4 103 768 210 109 120 5 4 161 30144 509 532 36 7 29 3 17 4 3413 146
internal_value=2.12245e-05 0.0453756 -0.0459771 -0.0852698 -0.091385 0.0810445 0.0224423 -0.00543 0.0439992 0.0121535 -0.0391914 0.0813861 -0.0951083 -0.0499497 -0.0985758 0.0987434 -0.0413282 0.0137768 0.0631494 0.0990514 0.0576227 -0.0990356 -0.0809057 0.100139 0.100256 -0.100967 0.100368 0.100167 0.100014 -0.100072
internal_weight=4.94675 3.22946 1.19091 1.7173 0.877294 0.313616 0.188818 0.139021 0.0916189 0.0677123 0.0427645 0.0727394 0.860552 0.0688506 1.52848 2.03855 0.0372731 0.0192322 0.0159859 2.03539 0.0458739 0.791702 0.0402574 0.0659241 0.0497967 0.047402 0.0341035 0.0249477 0.245904 0.0180409
internal_count=71610 47701 16896 23909 13116 3780 1148 923 882 354 175 760 12862 978 22761 30805 264 113 165 30773 629 11884 568 657 225 41 46 179 3426 151
is_linear=0
shrinkage=0.1


Tree=90
num_leaves=31
num_cat=0
split_feature=6 2 9 6 0 9 7 1 0 5 6 6 2 5 6 1 2 3 5 2 5 2 5 0 9 4 5 1 6 0
split_gain=1.73141 1.42462 0.621516 0.222741 0.0565672 0.03709 0.0370448 0.0593591 0.0446406 0.0276826 0.0241877 0.0223857 0.0138094 0.0467639 0.0113312 0.0112896 0.0109172 0.0171246 0.00870247 0.00728845 0.0277328 0.00126147 0.01259 1.53221e-07 1.0118e-07 4.76206e-08 4.67467e-08 4.62394e-08 1.4794e-08 9.84359e-09
threshold=1.0000000180025095e-35 -0.2493404664302051 -0.13846733374056872 -1.3667817907455606 -1.628669355079096 -0.13778286579157933 1.0000000180025095e-35 -1.0407371973407937 0.41222815622387959 0.35300850440299691 0.86116403261871755 -5.5042769661380531 -0.25298473182998321 0.29237903068564236 -0.66839709116297985 -0.065475030416747251 -0.26447445642054973 -0.13426585142506708 0.24926473826441242 -0.24732377247602697 0.20076115929052876 -0.25573480483701444 0.34088260965952605 0.4501927802334818 7.6961223926276086 1.6669591648251514 -0.091607636190936634 0.98075232520147471 0.85135922873184977 0.33383419070014791
decision_type=2 2 2 2 2 2 2 2 2 2 2 2 2 2 2 2 2 2 2 2 2 2 2 2 2 2 2 2 2 2
left_child=3 2 4 6 -2 9 7 8 -1 10 -4 23 21 -14 -5 -3 17 -16 -12 20 -17 -6 -23 -10 -8 -9 -26 -11 -7 -18
right_child=1 15 5 14 12 28 24 25 11 27 18 -13 13 -15 16 19 29 -19 -20 -21 -22 22 -24 -25 26 -27 -28 -29 -30 -31
leaf_value=-0.10004144093793191 0.10000604515123263 -0.10001288418705878 -0.10025777568617047 -0.10000601721882052 -0.10000616937833554 0.10011129674293842 0.10001025439776295 -0.10077396485847304 0.10034005918832045 0.10000681082388052 -0.1000718430654747 -0.10000534135658774 -0.10000597577859793 0.10000785531160859 -0.10000709481251324 -0.10001141829019747 -0.10019760900773454 0.10024845698971058 0.10000803247623949 0.10000609213999839 0.10000681795918059 -0.10000626067733982 0.10003871365321662 0.1000058635946962 0.10046713974361661 -0.10098481552124611 0.1002200705286098 0.10029304233991516 0.10000632659269859 -0.10002063478778632
leaf_weight=0.017083602197089931 0.015148056438192725 0.0028534170123747362 0.024236565925093601 1.3493084069341419 0.67993935299455188 0.01435195220983565 0.014199984027072787 0.022407465134165139 0.021383063667599345 0.011193844402441755 0.0026648070452210968 0.0061668512244068543 0.046707692454219796 0.015591327923175413 0.0075156116072321302 0.0087957961768548865 0.0042485329195186541 0.0098888859283761121 0.011800084670539945 1.8002019922423647 0.032712924748921068 0.032948503081570379 0.0034782035145326509 0.038274939372058725 0.014083339076023549 0.020520926918834448 0.016784982581157237 0.011383217293769121 0.20815391457290389 0.012077314702764852
leaf_count=122 254 32 10 22497 11316 13 179 38 7 175 4 103 768 210 109 120 5 4 161 30144 509 532 36 650 29 3 17 4 3413 146
internal_value=2.12478e-05 0.0453752 -0.0459763 -0.085266 -0.0913844 0.0810409 0.0224356 -0.00542672 0.0439944 0.0121518 -0.0391839 0.0813762 -0.0951077 -0.0499493 -0.0985749 0.0987429 -0.0413261 0.0137741 0.0631481 0.0990508 0.0576225 -0.0990349 -0.080905 0.100126 0.100231 -0.100875 0.100333 0.100151 0.100013 -0.100067
internal_weight=4.47611 2.92216 1.0776 1.55394 0.793813 0.283784 0.170905 0.125837 0.0829085 0.0612785 0.0387015 0.0658249 0.778665 0.062299 1.38304 1.84456 0.0337303 0.0174045 0.0144649 1.84171 0.0415087 0.716366 0.0364267 0.059658 0.0450683 0.0429284 0.0308683 0.0225771 0.222506 0.0163258
internal_count=71610 47701 16896 23909 13116 3780 1148 923 882 354 175 760 12862 978 22761 30805 264 113 165 30773 629 11884 568 657 225 41 46 179 3426 151
is_linear=0
shrinkage=0.1


Tree=91
num_leaves=31
num_cat=0
split_feature=6 2 9 6 0 7 7 1 0 5 6 6 2 5 6 1 2 3 5 2 5 2 5 4 9 4 5 6 6 0
split_gain=1.56659 1.28904 0.562363 0.201575 0.0511839 0.0335645 0.0335118 0.0536746 0.0403888 0.0250442 0.0218812 0.0202531 0.0124951 0.0423135 0.0102549 0.0102164 0.00987782 0.0154927 0.00787415 0.0065949 0.0250944 0.00114145 0.0113918 1.13375e-07 7.48872e-08 3.51792e-08 3.46215e-08 3.42416e-08 1.0972e-08 7.89045e-09
threshold=-1.0000000180025095e-35 -0.2493404664302051 -0.13846733374056872 -1.3667817907455606 -1.2249411192806525 -0.13147795573554272 -1.0000000180025095e-35 -1.0407371973407937 0.41222815622387959 0.35300850440299691 0.86116403261871755 -5.5042769661380531 -0.25298473182998321 0.29237903068564236 -0.66839709116297985 -0.065475030416747251 -0.26447445642054973 -0.13426585142506708 0.24926473826441242 -0.24732377247602697 0.20076115929052876 -0.25573480483701444 0.34088260965952605 1.851998136698169 7.6961223926276086 1.6669591648251514 -0.091607636190936634 0.86646345221341614 0.85135922873184977 0.33383419070014791
decision_type=2 2 2 2 2 2 2 2 2 2 2 2 2 2 2 2 2 2 2 2 2 2 2 2 2 2 2 2 2 2
left_child=3 2 4 6 -2 9 7 8 -1 10 -4 23 21 -14 -5 -3 17 -16 -12 20 -17 -6 -23 -10 -8 -9 -26 -11 -7 -18
right_child=1 15 5 14 12 28 24 25 11 27 18 -13 13 -15 16 19 29 -19 -20 -21 -22 22 -24 -25 26 -27 -28 -29 -30 -31
leaf_value=-0.10003746152249551 0.10000545189394852 -0.10002113718598393 -0.10023318303966418 -0.10000547655262629 -0.10000559232204553 0.10010075107923327 0.10000935819142576 -0.10070013825441282 0.10000522509409611 0.10026508455102674 -0.10006496866268758 -0.10000562860625378 -0.10000558589563963 0.10000709071970126 -0.10000642242657727 -0.10001574296974791 -0.10018523809425553 0.10022476034009367 0.1000072647576479 0.10000548369711443 0.10000618221655899 -0.10000565826079617 0.10003502855745741 0.10030740965927301 0.10042256887603827 -0.10089058028146054 0.10019907705673521 0.10000615955035218 0.10000572037459639 -0.10001867014872304
leaf_weight=0.015458470275916625 0.013706611993256956 0.0025819663424043729 0.02193525815528119 1.2209110939875243 0.61523792910156772 0.012987297173822188 0.012848784404923097 0.0202892107408843 0.034632795275683748 0.01030268669637735 0.0024113738836604179 0.0055799601395847267 0.042263083858415484 0.014107717011938803 0.0068004499771632245 0.007958645644975948 0.0038443819394159426 0.0089498416346032172 0.010677235579350963 1.6289001128534439 0.029600058511277894 0.02981320594335557 0.0031473187955270978 0.019354165746335639 0.012748500153975328 0.01858456339687109 0.015190703041298548 0.010128671525308164 0.18834649855853058 0.010928210318525089
leaf_count=122 254 32 10 22497 11316 13 179 38 650 4 4 103 768 210 109 120 5 4 161 30144 509 532 36 7 29 3 17 175 3413 146
internal_value=2.12681e-05 0.0453748 -0.0459757 -0.0852626 -0.0913839 0.0810376 0.0224296 -0.00542375 0.0439901 0.0121503 -0.0391771 0.0813673 -0.0951071 -0.0499491 -0.0985742 0.0987423 -0.0413221 0.0137716 0.063147 0.0990502 0.0576218 -0.0990343 -0.0809043 0.100114 0.100209 -0.100791 0.100301 0.100137 0.100012 -0.100062
internal_weight=4.05023 2.64411 0.975065 1.40612 0.718276 0.256789 0.154687 0.113899 0.0750254 0.0554552 0.0350239 0.0595669 0.704569 0.0563708 1.25143 1.66904 0.0305229 0.0157503 0.0130886 1.66646 0.0375587 0.648198 0.0329605 0.053987 0.040788 0.0388738 0.0279392 0.0204314 0.201334 0.0147726
internal_count=71610 47701 16896 23909 13116 3780 1148 923 882 354 175 760 12862 978 22761 30805 264 113 165 30773 629 11884 568 657 225 41 46 179 3426 151
is_linear=0
shrinkage=0.1


Tree=92
num_leaves=31
num_cat=0
split_feature=6 2 9 6 0 9 7 1 0 5 6 6 2 5 6 1 2 3 5 2 5 2 5 0 9 4 5 1 6 0
split_gain=1.41748 1.16637 0.508841 0.182418 0.0463128 0.0303738 0.0303163 0.0485376 0.0365423 0.0226576 0.0197951 0.0183241 0.011306 0.0382866 0.00928034 0.00924312 0.00893774 0.0140166 0.00712469 0.00596738 0.022705 0.00103284 0.0103076 8.39277e-08 5.55269e-08 2.5973e-08 2.56312e-08 2.5356e-08 7.95982e-09 6.44809e-09
threshold=1.0000000180025095e-35 -0.2493404664302051 -0.13846733374056872 -1.3667817907455606 -0.65028734159414314 -0.13778286579157933 -1.0000000180025095e-35 -1.0407371973407937 0.41222815622387959 0.35300850440299691 0.86116403261871755 -5.5042769661380531 -0.25298473182998321 0.29237903068564236 -0.66839709116297985 -0.065475030416747251 -0.26447445642054973 -0.13426585142506708 0.24926473826441242 -0.24732377247602697 0.20076115929052876 -0.25573480483701444 0.34088260965952605 0.4501927802334818 7.6961223926276086 1.6669591648251514 -0.091607636190936634 0.98075232520147471 0.85135922873184977 0.33383419070014791
decision_type=2 2 2 2 2 2 2 2 2 2 2 2 2 2 2 2 2 2 2 2 2 2 2 2 2 2 2 2 2 2
left_child=3 2 4 6 -2 9 7 8 -1 10 -4 23 21 -14 -5 -3 17 -16 -12 20 -17 -6 -23 -10 -8 -9 -26 -11 -7 -18
right_child=1 15 5 14 12 28 24 25 11 27 18 -13 13 -15 16 19 29 -19 -20 -21 -22 22 -24 -25 26 -27 -28 -29 -30 -31
leaf_value=-0.10003393247961308 0.10000497606294677 -0.10000807969025489 -0.10021096563180804 -0.10000494610288486 -0.1000050612461388 0.10009023912184484 0.10000833456161856 -0.10063344591521428 0.10027816871957625 0.10000556895559294 -0.1000588132527587 -0.10000524173983479 -0.100004925347651 0.10000643955606679 -0.10000581234726368 -0.10000517103400811 -0.10017516759574951 0.1002033184363374 0.10000657916155818 0.10000505497897352 0.1000055884125452 -0.10000513579422543 0.10003169493855445 0.10000486734298862 0.10038226514046539 -0.10080541075411076 0.10018013768735984 0.10023978999796571 0.1000051523013422 -0.10001688748037761
leaf_weight=0.013987880116474116 0.012402309424942359 0.0023363202926706119 0.019852020053804154 1.1047315914183853 0.55669308835058473 0.011752789545426245 0.011626168845395912 0.018369985766184982 0.017517239579319721 0.0091648530724341981 0.0021820294386998293 0.0050490045214246484 0.038241432728682412 0.012765270894306013 0.0061533373227575803 0.0072017576494548532 0.0034794820676328228 0.0080997952245525084 0.0096612258348613977 1.4738954972417548 0.026783390301716281 0.026976240311341826 0.0028479018728830843 0.031337181313574547 0.01153971611711313 0.016829493455588818 0.01374758423116873 0.0093244891613721848 0.17042390174538014 0.0098884202598128468
leaf_count=122 254 32 10 22497 11316 13 179 38 7 175 4 103 768 210 109 120 5 4 161 30144 509 532 36 650 29 3 17 4 3413 146
internal_value=2.12881e-05 0.0453744 -0.045975 -0.0852595 -0.0913834 0.0810345 0.0224241 -0.00542106 0.0439862 0.0121489 -0.039171 0.0813592 -0.0951066 -0.0499488 -0.0985735 0.0987419 -0.0413203 0.0137694 0.0631461 0.0990498 0.0576215 -0.0990338 -0.0809037 0.100103 0.100189 -0.100716 0.100272 0.100124 0.100011 -0.100058
internal_weight=3.66486 2.3925 0.882288 1.27236 0.649926 0.232361 0.140004 0.103091 0.0678913 0.0501846 0.0316953 0.0539034 0.637524 0.0510067 1.13235 1.51022 0.027621 0.0142531 0.0118433 1.50788 0.0339851 0.586517 0.0298241 0.0488544 0.0369135 0.0351995 0.0252873 0.0184893 0.182177 0.0133679
internal_count=71610 47701 16896 23909 13116 3780 1148 923 882 354 175 760 12862 978 22761 30805 264 113 165 30773 629 11884 568 657 225 41 46 179 3426 151
is_linear=0
shrinkage=0.1


Tree=93
num_leaves=31
num_cat=0
split_feature=6 2 9 6 0 7 7 1 0 5 6 6 2 5 6 1 2 3 5 2 5 2 5 4 9 4 5 6 6 0
split_gain=1.28255 1.05536 0.460414 0.165079 0.0419054 0.0274863 0.0274261 0.0438948 0.0330624 0.0204988 0.0179081 0.0165789 0.01023 0.0346429 0.00839911 0.00836339 0.00808629 0.0126812 0.00644657 0.00539927 0.0205452 0.000934568 0.00932664 6.21655e-08 4.1043e-08 1.91935e-08 1.89862e-08 1.87763e-08 6.28503e-09 4.38132e-09
threshold=-1.0000000180025095e-35 -0.2493404664302051 -0.13846733374056872 -1.3667817907455606 -1.628669355079096 -0.13147795573554272 -1.0000000180025095e-35 -1.0407371973407937 0.41222815622387959 0.35300850440299691 0.86116403261871755 -5.5042769661380531 -0.25298473182998321 0.29237903068564236 -0.66839709116297985 -0.065475030416747251 -0.26447445642054973 -0.13426585142506708 0.24926473826441242 -0.24732377247602697 0.20076115929052876 -0.25573480483701444 0.34088260965952605 2.0598463665821578 7.6961223926276086 1.6669591648251514 -0.091607636190936634 0.86646345221341614 0.85135922873184977 0.33383419070014791
decision_type=2 2 2 2 2 2 2 2 2 2 2 2 2 2 2 2 2 2 2 2 2 2 2 2 2 2 2 2 2 2
left_child=3 2 4 6 -2 9 7 8 -1 10 -4 23 21 -14 -5 -3 17 -16 -12 20 -17 -6 -23 -10 -8 -9 -26 -11 -7 -18
right_child=1 15 5 14 12 28 24 25 11 27 18 -13 13 -15 16 19 29 -19 -20 -21 -22 22 -24 -25 26 -27 -28 -29 -30 -31
leaf_value=-0.10003072296191642 0.10000463498852366 -0.10001914431039356 -0.10019085177831738 -0.10000448733968144 -0.10000456713917263 0.10008414249341342 0.10000777068518506 -0.10057306327358802 0.10000435563579553 0.10021693082072705 -0.10005320974391529 -0.10000584535162348 -0.10000454853560146 0.10000582086059678 -0.1000052584019743 -0.10001555563200262 -0.10015244757402696 0.10018393531103459 0.10000594685038396 0.10000439714048814 0.10000504888179151 -0.10000463744474999 0.10002868285921991 0.10025160968002407 0.10034581291888947 -0.10072841953351386 0.10016295364099481 0.10000505476716393 0.10000466013018949 -0.10001528389972032
leaf_weight=0.012657134004257387 0.011222113156691194 0.002113733266014938 0.017966274477657862 0.99960684962570656 0.50371909406385385 0.010634793150530064 0.0105198541896242 0.016631325754133286 0.028355220827506855 0.0084389737421588507 0.0019744864330277787 0.0045685161567234891 0.034602398358401842 0.011550562448974233 0.005567799093114445 0.0065159388177565827 0.0031481295372944871 0.0073303443095937837 0.0087418908660765737 1.3336435635937949 0.024234737305960152 0.02440922624009545 0.0025769618623598936 0.015854222205234692 0.010445167470606975 0.015239002648741007 0.012441352781024761 0.0082927426228707191 0.1542066468464327 0.008947549038566649
leaf_count=122 254 32 10 22497 11316 13 179 38 650 4 4 103 768 210 109 120 5 4 161 30144 509 532 36 7 29 3 17 175 3413 146
internal_value=2.13029e-05 0.045374 -0.0459744 -0.0852566 -0.0913829 0.0810319 0.0224192 -0.00541863 0.0439826 0.0121476 -0.0391655 0.0813519 -0.0951061 -0.0499486 -0.0985728 0.0987413 -0.0413146 0.0137674 0.0631452 0.0990492 0.0576215 -0.0990333 -0.0809031 0.100093 0.100171 -0.100647 0.100246 0.100112 0.10001 -0.100051
internal_weight=3.31616 2.16484 0.798336 1.15131 0.58808 0.210256 0.126712 0.0933054 0.0614351 0.0454144 0.0286827 0.048778 0.576858 0.046153 1.0246 1.36651 0.0249938 0.0128981 0.0107164 1.36439 0.0307507 0.530705 0.0269862 0.0442094 0.0334064 0.0318703 0.0228865 0.0167317 0.164841 0.0120957
internal_count=71610 47701 16896 23909 13116 3780 1148 923 882 354 175 760 12862 978 22761 30805 264 113 165 30773 629 11884 568 657 225 41 46 179 3426 151
is_linear=0
shrinkage=0.1


Tree=94
num_leaves=31
num_cat=0
split_feature=6 2 9 6 0 9 7 1 0 5 6 6 2 5 6 1 2 3 5 2 5 2 5 4 9 4 5 6 6 0
split_gain=1.16047 0.954929 0.416596 0.149386 0.0379173 0.0248728 0.0248119 0.0396981 0.0299141 0.0185458 0.0162014 0.0149998 0.00925645 0.0313461 0.00760081 0.00756726 0.00731662 0.0114733 0.005833 0.00488562 0.018589 0.000845645 0.00843902 4.6095e-08 3.04224e-08 1.41696e-08 1.40623e-08 1.39052e-08 4.29239e-09 3.74492e-09
threshold=1.0000000180025095e-35 -0.2493404664302051 -0.13846733374056872 -1.3667817907455606 -1.628669355079096 -0.13778286579157933 -1.0000000180025095e-35 -1.0407371973407937 0.41222815622387959 0.35300850440299691 0.86116403261871755 -5.5042769661380531 -0.25298473182998321 0.29237903068564236 -0.66839709116297985 -0.065475030416747251 -0.26447445642054973 -0.13426585142506708 0.24926473826441242 -0.24732377247602697 0.20076115929052876 -0.25573480483701444 0.34088260965952605 1.9382630952443718 7.6961223926276086 1.6669591648251514 -0.091607636190936634 0.87114107028127596 0.85135922873184977 0.33383419070014791
decision_type=2 2 2 2 2 2 2 2 2 2 2 2 2 2 2 2 2 2 2 2 2 2 2 2 2 2 2 2 2 2
left_child=3 2 4 6 -2 9 7 8 -1 10 -4 23 21 -14 -5 -3 17 -16 -12 20 -17 -6 -23 -10 -8 -9 -26 -11 -7 -18
right_child=1 15 5 14 12 28 24 25 11 27 18 -13 13 -15 16 19 29 -19 -20 -21 -22 22 -24 -25 26 -27 -28 -29 -30 -31
leaf_value=-0.10002783898928783 0.10000414563961191 -0.10000073334483175 -0.10017266188103124 -0.10000405749644224 -0.10000413927600185 0.1000732687582266 0.10000694240081542 -0.10051853314275985 0.10000379233992603 0.10019624728790805 -0.10004814038431409 -0.10000403806883747 -0.1000041562164425 0.10000527549313597 -0.10000475856750575 -0.10000330703704292 -0.10014713454071469 0.10016638791538623 0.10000540617137527 0.10000403706873212 0.10000457601748675 -0.10000419742194074 0.1000259450653497 0.10022760157217159 0.10031284089780231 -0.10065882009735189 0.10014742023996366 0.1000045756797578 0.10000421984551761 -0.10001382246871859
leaf_weight=0.011452966471551917 0.010154230520129204 0.0019128852873108162 0.016259358904790133 0.9044854398816824 0.4557857621985022 0.0096239104750565074 0.0095188282684830483 0.015056400330649922 0.025656963189248927 0.0076373955562303308 0.001786676173651359 0.0041337833827128625 0.031309672158386093 0.010451436042785645 0.0050379767890262883 0.0058963858173227681 0.0028485882066890964 0.006633872639213223 0.0079100314469542354 1.2067344230817978 0.021928596652287524 0.02208647387669771 0.0023317920094996216 0.01434875423728954 0.0094541266844316851 0.013797869440168142 0.011259059672738658 0.0075036178895970806 0.13953254354419187 0.0080961891435435973
leaf_count=122 254 32 10 22497 11316 13 179 38 650 4 4 103 768 210 109 120 5 4 161 30144 509 532 36 7 29 3 17 175 3413 146
internal_value=2.13234e-05 0.0453737 -0.0459739 -0.0852541 -0.0913825 0.0810294 0.0224147 -0.00541643 0.0439794 0.0121464 -0.0391604 0.0813453 -0.0951057 -0.0499484 -0.0985723 0.0987409 -0.0413121 0.0137655 0.0631443 0.0990488 0.057621 -0.0990328 -0.0809026 0.100084 0.100155 -0.100586 0.100223 0.100101 0.100009 -0.100049
internal_weight=3.00063 1.95885 0.722373 1.04178 0.532119 0.190254 0.114679 0.0844467 0.0555925 0.0410971 0.0259561 0.0441395 0.521965 0.0417611 0.927102 1.23647 0.0226166 0.0116718 0.00969671 1.23456 0.027825 0.480204 0.0244183 0.0400057 0.030232 0.0288543 0.0207132 0.015141 0.149156 0.0109448
internal_count=71610 47701 16896 23909 13116 3780 1148 923 882 354 175 760 12862 978 22761 30805 264 113 165 30773 629 11884 568 657 225 41 46 179 3426 151
is_linear=0
shrinkage=0.1


Tree=95
num_leaves=31
num_cat=0
split_feature=6 2 9 6 0 7 7 1 0 5 6 6 2 5 6 1 2 3 5 2 5 2 5 4 9 4 5 6 6 0
split_gain=1.05002 0.864052 0.376948 0.135184 0.0343089 0.0225078 0.0224472 0.0359043 0.0270657 0.0167791 0.0146575 0.0135714 0.00837559 0.028363 0.00687911 0.00684689 0.00661939 0.0103804 0.00527784 0.00442061 0.0168201 0.000765182 0.00763589 3.41113e-08 2.2581e-08 1.04845e-08 1.04034e-08 1.02995e-08 3.3695e-09 1.65633e-09
threshold=-1.0000000180025095e-35 -0.2493404664302051 -0.13846733374056872 -1.3667817907455606 -1.628669355079096 -0.13147795573554272 1.0000000180025095e-35 -1.0407371973407937 0.41222815622387959 0.35300850440299691 0.86116403261871755 -5.5042769661380531 -0.25298473182998321 0.29237903068564236 -0.66839709116297985 -0.065475030416747251 -0.26447445642054973 -0.13426585142506708 0.24926473826441242 -0.24732377247602697 0.20076115929052876 -0.25573480483701444 0.34088260965952605 1.851998136698169 7.6961223926276086 1.6669591648251514 -0.091607636190936634 0.87405034590428377 0.83410194845743291 0.33383419070014791
decision_type=2 2 2 2 2 2 2 2 2 2 2 2 2 2 2 2 2 2 2 2 2 2 2 2 2 2 2 2 2 2
left_child=3 2 4 6 -2 9 7 8 -1 10 -4 23 21 -14 -5 -3 17 -16 -12 20 -17 -6 -23 -10 -8 -9 -26 -11 -7 -18
right_child=1 15 5 14 12 28 24 25 11 27 18 -13 13 -15 16 19 29 -19 -20 -21 -22 22 -24 -25 26 -27 -28 -29 -30 -31
leaf_value=-0.10002517314122755 0.10000370229727601 -0.099994994372177681 -0.10015620877757847 -0.10000367603276275 -0.1000037590106132 0.10006814299502871 0.10000612011282556 -0.10046907166160304 0.10000352270006091 0.10017754130001828 -0.10004351047622712 -0.10000307956777708 -0.10000360306442682 0.10000475943021092 -0.10000430030698815 -0.10000590188081762 -0.10010570704838649 0.1001505402804852 0.10000487650851708 0.10000365270231928 0.10000416950636769 -0.10000380207785386 0.10002347888406789 0.10020591135070978 0.10028302085674819 -0.10059589852461742 0.1001334598192295 0.1000041319049156 0.10000383053122869 -0.10001251353326164
leaf_weight=0.010363332839915529 0.0091879593674093485 0.0017308938549832611 0.01471437119107577 0.81841521989554167 0.41241352690849453 0.0087084921506176416 0.0086130532436072826 0.013629960754769854 0.023215441131469561 0.0069118263454583939 0.0016167214889719617 0.0037404379545478142 0.0283302912102954 0.0094568962049379479 0.0045585695988847874 0.005335152480256399 0.0025783186865740992 0.0060034779125999194 0.0071573275126866065 1.0919022130583464 0.019841896104480838 0.019984744074463379 0.0021099420555401585 0.012985956756892847 0.0085568622234859504 0.012492240872234106 0.010188971318711992 0.006789582588680787 0.12625473786829389 0.0073258264274045359
leaf_count=122 254 32 10 22497 11316 13 179 38 650 4 4 103 768 210 109 120 5 4 161 30144 509 532 36 7 29 3 17 175 3413 146
internal_value=2.13402e-05 0.0453734 -0.0459734 -0.0852517 -0.0913821 0.0810272 0.0224106 -0.00541444 0.0439765 0.0121454 -0.0391559 0.0813393 -0.0951053 -0.0499481 -0.0985717 0.0987405 -0.0413073 0.0137639 0.0631436 0.0990484 0.057621 -0.0990324 -0.0809021 0.100076 0.10014 -0.10053 0.100202 0.100092 0.100008 -0.100037
internal_weight=2.71511 1.77245 0.653636 0.942668 0.481483 0.172153 0.103786 0.0764274 0.0503052 0.0371898 0.0234884 0.0399418 0.472295 0.0377872 0.838881 1.11881 0.0204662 0.010562 0.00877405 1.11708 0.025177 0.434508 0.0220947 0.0362014 0.0273589 0.0261222 0.0187458 0.0137014 0.134963 0.00990415
internal_count=71610 47701 16896 23909 13116 3780 1148 923 882 354 175 760 12862 978 22761 30805 264 113 165 30773 629 11884 568 657 225 41 46 179 3426 151
is_linear=0
shrinkage=0.1


Tree=96
num_leaves=31
num_cat=0
split_feature=6 2 9 6 0 9 7 1 0 5 6 6 2 5 6 1 2 3 5 2 5 2 5 0 9 4 5 1 6 0
split_gain=0.95008 0.781825 0.341074 0.122331 0.0310438 0.0203674 0.0203082 0.0324745 0.0244887 0.0151809 0.0132609 0.0122791 0.00757851 0.0256638 0.00622436 0.00619516 0.00599015 0.00939179 0.00477553 0.00399998 0.0152198 0.000692373 0.0069092 2.52962e-08 1.67147e-08 7.75981e-09 7.71127e-09 7.62736e-09 2.44468e-09 2.30626e-09
threshold=1.0000000180025095e-35 -0.2493404664302051 -0.13846733374056872 -1.3667817907455606 -1.628669355079096 -0.13778286579157933 1.0000000180025095e-35 -1.0407371973407937 0.41222815622387959 0.35300850440299691 0.86116403261871755 -5.5042769661380531 -0.25298473182998321 0.29237903068564236 -0.66839709116297985 -0.065475030416747251 -0.26447445642054973 -0.13426585142506708 0.24926473826441242 -0.24732377247602697 0.20076115929052876 -0.25573480483701444 0.34088260965952605 0.4501927802334818 7.6961223926276086 1.6669591648251514 -0.091607636190936634 0.98075232520147471 0.83410194845743291 0.33383419070014791
decision_type=2 2 2 2 2 2 2 2 2 2 2 2 2 2 2 2 2 2 2 2 2 2 2 2 2 2 2 2 2 2
left_child=3 2 4 6 -2 9 7 8 -1 10 -4 23 21 -14 -5 -3 17 -16 -12 20 -17 -6 -23 -10 -8 -9 -26 -11 -7 -18
right_child=1 15 5 14 12 28 24 25 11 27 18 -13 13 -15 16 19 29 -19 -20 -21 -22 22 -24 -25 26 -27 -28 -29 -30 -31
leaf_value=-0.10002272568396575 0.10000326968210907 -0.10000633200315766 -0.10014132743765032 -0.10000330889913067 -0.10000339685702633 0.1000610559830339 0.10000556798107406 -0.10042431993246669 0.10018641294888259 0.10000373498085997 -0.10003944779329249 -0.10000322435586123 -0.10000333825187416 0.10000431477470872 -0.1000038953582896 -0.10000868142102269 -0.10012692017231316 0.10013619022327169 0.1000044211330907 0.10000334394552524 0.10000373575625073 -0.10000343786166657 0.10002124636957428 0.10000320127854899 0.10025604850066179 -0.10053899603762539 0.10012069620467179 0.10016060823574563 0.10000346868175654 -0.10001131947466334
leaf_weight=0.0093773465378035326 0.00831364537589252 0.0015659617783968507 0.013315990345290629 0.74053519405424595 0.37316845051827841 0.0078801981944708333 0.0077934552100487045 0.012338110376731493 0.011752355265343795 0.0061434916242433246 0.0014629274010076188 0.0033845038815343278 0.025634372665081173 0.0085569897637469694 0.0041247802910220344 0.0048274110959026775 0.0023332498813036784 0.0054329100166796707 0.0064762466354295611 0.98799757831147816 0.017953759313968476 0.018083006001688773 0.0019091950489382717 0.021006277875130763 0.0077445463593903687 0.011309518478810787 0.0092204759512242163 0.0062550818547606468 0.11424039306439226 0.0066287564241065411
leaf_count=122 254 32 10 22497 11316 13 179 38 7 175 4 103 768 210 109 120 5 4 161 30144 509 532 36 650 29 3 17 4 3413 146
internal_value=2.13487e-05 0.0453732 -0.045973 -0.0852497 -0.0913818 0.0810252 0.0224069 -0.00541263 0.0439739 0.0121445 -0.0391518 0.0813338 -0.095105 -0.0499479 -0.0985713 0.0987402 -0.0413093 0.0137624 0.0631429 0.0990481 0.0576204 -0.0990321 -0.0809017 0.100069 0.100127 -0.100479 0.100182 0.100083 0.100007 -0.100041
internal_weight=2.45677 1.60378 0.59144 0.852981 0.435666 0.155774 0.0939266 0.0691681 0.0455205 0.0336537 0.0212552 0.0361431 0.427352 0.0341914 0.759055 1.01234 0.0185197 0.00955769 0.00793917 1.01078 0.0227812 0.393161 0.0199922 0.0327586 0.0247585 0.0236476 0.016965 0.0123986 0.122121 0.00896201
internal_count=71610 47701 16896 23909 13116 3780 1148 923 882 354 175 760 12862 978 22761 30805 264 113 165 30773 629 11884 568 657 225 41 46 179 3426 151
is_linear=0
shrinkage=0.1


Tree=97
num_leaves=31
num_cat=0
split_feature=6 2 9 6 0 9 7 1 0 5 6 6 2 5 6 1 2 3 5 2 5 2 5 4 9 4 5 6 6 0
split_gain=0.859653 0.707421 0.308614 0.110699 0.0280895 0.0184305 0.0183733 0.0293734 0.0221572 0.013735 0.0119975 0.0111099 0.0068573 0.0232214 0.0056331 0.00560605 0.00541949 0.00849738 0.00432102 0.00361927 0.0137714 0.000626492 0.00625166 1.87365e-08 1.23534e-08 5.72311e-09 5.71355e-09 5.64835e-09 1.87522e-09 1.3052e-09
threshold=-1.0000000180025095e-35 -0.2493404664302051 -0.13846733374056872 -1.3667817907455606 -0.53765899171348541 -0.13778286579157933 -1.0000000180025095e-35 -1.0407371973407937 0.41222815622387959 0.35300850440299691 0.86116403261871755 -5.5042769661380531 -0.25298473182998321 0.29237903068564236 -0.66839709116297985 -0.065475030416747251 -0.26447445642054973 -0.13426585142506708 0.24926473826441242 -0.24732377247602697 0.20076115929052876 -0.25573480483701444 0.34088260965952605 1.9382630952443718 7.6961223926276086 1.6669591648251514 -0.091607636190936634 0.86646345221341614 0.85135922873184977 0.33383419070014791
decision_type=2 2 2 2 2 2 2 2 2 2 2 2 2 2 2 2 2 2 2 2 2 2 2 2 2 2 2 2 2 2
left_child=3 2 4 6 -2 9 7 8 -1 10 -4 23 21 -14 -5 -3 17 -16 -12 20 -17 -6 -23 -10 -8 -9 -26 -11 -7 -18
right_child=1 15 5 14 12 28 24 25 11 27 18 -13 13 -15 16 19 29 -19 -20 -21 -22 22 -24 -25 26 -27 -28 -29 -30 -31
leaf_value=-0.10002063851498018 0.10000305023774499 -0.10001188201644753 -0.10012785868231111 -0.10000300349773104 -0.10000307666835542 0.10005616677172552 0.10000520175230093 -0.10038404405784751 0.10000277074321502 0.10014530280512812 -0.10003561101579515 -0.10000343251520555 -0.10000297224801798 0.10000391114779042 -0.10000352854643901 -0.10001038853480873 -0.10010166315840661 0.10012321780198641 0.1000039796936914 0.10000295707871393 0.1000034190455563 -0.10000310393314171 0.10001923246508458 0.10016852367723335 0.10023164874436802 -0.10048755438030786 0.10010917798821116 0.10000339008860455 0.10000314574467158 -0.1000102393669151
leaf_weight=0.0084851473184244242 0.0075225152104394502 0.001416978833731374 0.012050344279487035 0.67006593570113182 0.33765779282839503 0.007130595686248963 0.0070518394550163057 0.011168240582264843 0.019007345112186158 0.0056606533416925231 0.0013237584644230074 0.0030624067585449657 0.023195014335215092 0.0077427141368389121 0.0037322686293919105 0.0043679587433872449 0.0021112020913282015 0.004916505167784635 0.0058599734184099361 0.89398018275642188 0.016245290131337242 0.016362232407118427 0.0017275441605306687 0.010635767681378638 0.0070091746347316084 0.010238248156383634 0.0083439387781254482 0.0055588794621144189 0.10336931110578007 0.005998008757160278
leaf_count=122 254 32 10 22497 11316 13 179 38 650 4 4 103 768 210 109 120 5 4 161 30144 509 532 36 7 29 3 17 175 3413 146
internal_value=2.13632e-05 0.0453729 -0.0459726 -0.0852478 -0.0913815 0.0810234 0.0224036 -0.00541102 0.0439715 0.0121436 -0.0391481 0.0813289 -0.0951047 -0.0499477 -0.0985708 0.0987398 -0.0413045 0.0137611 0.0631423 0.0990477 0.0576204 -0.0990318 -0.0809013 0.100062 0.100115 -0.100434 0.100165 0.100075 0.100007 -0.100034
internal_weight=2.223 1.45117 0.535161 0.771826 0.394208 0.140954 0.0850021 0.0625972 0.0411907 0.0304536 0.0192341 0.0327055 0.386685 0.0309377 0.686824 0.91601 0.016758 0.00864877 0.00718373 0.914593 0.0206132 0.355748 0.0180898 0.0296431 0.022405 0.0214065 0.0153531 0.0112195 0.1105 0.00810921
internal_count=71610 47701 16896 23909 13116 3780 1148 923 882 354 175 760 12862 978 22761 30805 264 113 165 30773 629 11884 568 657 225 41 46 179 3426 151
is_linear=0
shrinkage=0.1


Tree=98
num_leaves=31
num_cat=0
split_feature=6 2 9 6 0 9 7 1 0 5 6 6 2 5 6 1 2 3 5 2 5 2 5 4 9 4 5 6 6 0
split_gain=0.777834 0.640099 0.279244 0.100172 0.0254164 0.0166776 0.0166229 0.0265694 0.0200478 0.012427 0.0108547 0.0100521 0.00620472 0.0210116 0.00509776 0.00507245 0.0049034 0.0076882 0.00390978 0.00327484 0.0124604 0.000566878 0.00565671 1.38608e-08 9.14781e-09 4.23174e-09 4.23136e-09 4.18468e-09 1.34958e-09 7.21458e-10
threshold=-1.0000000180025095e-35 -0.2493404664302051 -0.13846733374056872 -1.3667817907455606 -1.628669355079096 -0.13778286579157933 -1.0000000180025095e-35 -1.0407371973407937 0.41222815622387959 0.35300850440299691 0.86116403261871755 -5.5042769661380531 -0.25298473182998321 0.29237903068564236 -0.66839709116297985 -0.065475030416747251 -0.26447445642054973 -0.13426585142506708 0.24926473826441242 -0.24732377247602697 0.20076115929052876 -0.25573480483701444 0.34088260965952605 1.9382630952443718 7.6961223926276086 1.6669591648251514 -0.091607636190936634 0.87405034590428377 0.85135922873184977 0.33383419070014791
decision_type=2 2 2 2 2 2 2 2 2 2 2 2 2 2 2 2 2 2 2 2 2 2 2 2 2 2 2 2 2 2
left_child=3 2 4 6 -2 9 7 8 -1 10 -4 23 21 -14 -5 -3 17 -16 -12 20 -17 -6 -23 -10 -8 -9 -26 -11 -7 -18
right_child=1 15 5 14 12 28 24 25 11 27 18 -13 13 -15 16 19 29 -19 -20 -21 -22 22 -24 -25 26 -27 -28 -29 -30 -31
leaf_value=-0.10001870544471164 0.10000269887140555 -0.099995576497566296 -0.100115675131665 -0.10000272199197846 -0.10000276459555704 0.10005012946750634 0.10000472707416766 -0.10034747547234545 0.10000260217435304 0.10013146560011117 -0.10003227007030446 -0.10000144631872364 -0.10000273421986759 0.10000352525904355 -0.10000319015947859 -0.10000374577730647 -0.10008072251158416 0.10011147221452983 0.1000036109855067 0.10000271796152826 0.10000307516023305 -0.10000281426591971 0.10001739751947764 0.10015246878023504 0.10020957374188716 -0.10044102807384846 0.10009878400048469 0.10000305766402445 0.10000284461086231 -0.10000927051433686
leaf_weight=0.0076778198636020525 0.0068066739477217189 0.0012823179713451474 0.010904861690505641 0.6063023628666997 0.30552629672456533 0.0064524590143265606 0.006380793091011582 0.010108935521202511 0.017198573776113335 0.005122643173308461 0.0011978247384831766 0.002771020790532929 0.020987746627724846 0.0070059226909506825 0.0033771071357477922 0.0039524337225885766 0.0019106050367557756 0.0044491332555480767 0.0053023426225990988 0.80890829094550953 0.014699389477755176 0.014805200491537107 0.0015631738024239885 0.0096251042778021656 0.0063434892472287174 0.0092680230736732483 0.0075506547327677254 0.0050298976875637891 0.093532696924739867 0.0054272728320938768
leaf_count=122 254 32 10 22497 11316 13 179 38 650 4 4 103 768 210 109 120 5 4 161 30144 509 532 36 7 29 3 17 175 3413 146
internal_value=2.13774e-05 0.0453727 -0.0459722 -0.085246 -0.0913812 0.0810217 0.0224006 -0.00540954 0.0439693 0.0121429 -0.0391447 0.0813245 -0.0951044 -0.0499475 -0.0985704 0.0987395 -0.0413017 0.0137598 0.0631418 0.0990475 0.0576204 -0.0990314 -0.080901 0.100056 0.100104 -0.100392 0.100149 0.100068 0.100006 -0.100028
internal_weight=2.01147 1.31308 0.484238 0.698391 0.356695 0.127543 0.0769244 0.0566495 0.0372725 0.0275576 0.017405 0.0295947 0.349888 0.0279937 0.621466 0.828842 0.0151641 0.00782624 0.00650017 0.82756 0.0186518 0.321895 0.0163684 0.0268237 0.0202749 0.019377 0.0138941 0.0101525 0.0999852 0.00733788
internal_count=71610 47701 16896 23909 13116 3780 1148 923 882 354 175 760 12862 978 22761 30805 264 113 165 30773 629 11884 568 657 225 41 46 179 3426 151
is_linear=0
shrinkage=0.1


Tree=99
num_leaves=31
num_cat=0
split_feature=6 2 9 6 0 7 7 1 0 5 6 6 2 5 6 1 2 3 5 2 5 2 5 4 9 5 4 6 6 0
split_gain=0.703804 0.579184 0.252669 0.0906455 0.0229976 0.0150913 0.0150394 0.0240338 0.0181392 0.0112436 0.00982075 0.0090951 0.00561421 0.019012 0.00461271 0.00459027 0.00443703 0.00695613 0.00353768 0.0029633 0.0112748 0.000512937 0.00511838 1.0269e-08 6.78823e-09 3.1344e-09 3.13345e-09 3.09946e-09 9.29226e-10 9.18514e-10
threshold=-1.0000000180025095e-35 -0.2493404664302051 -0.13846733374056872 -1.3667817907455606 -1.628669355079096 -0.13147795573554272 1.0000000180025095e-35 -1.0407371973407937 0.41222815622387959 0.35300850440299691 0.86116403261871755 -5.5042769661380531 -0.25298473182998321 0.29237903068564236 -0.66839709116297985 -0.065475030416747251 -0.26447445642054973 -0.13426585142506708 0.24926473826441242 -0.24732377247602697 0.20076115929052876 -0.25573480483701444 0.34088260965952605 2.0598463665821578 7.6961223926276086 -0.091607636190936634 1.6669591648251514 0.87405034590428377 0.85135922873184977 0.33383419070014791
decision_type=2 2 2 2 2 2 2 2 2 2 2 2 2 2 2 2 2 2 2 2 2 2 2 2 2 2 2 2 2 2
left_child=3 2 4 6 -2 9 7 8 -1 10 -4 23 21 -14 -5 -3 17 -16 -12 20 -17 -6 -23 -10 -8 -26 -9 -11 -7 -18
right_child=1 15 5 14 12 28 24 26 11 27 18 -13 13 -15 16 19 29 -19 -20 -21 -22 22 -24 -25 25 -27 -28 -29 -30 -31
leaf_value=-0.10001690660788042 0.10000244778462622 -0.10001849095069647 -0.10010465574276671 -0.10000245950473521 -0.10000250183723512 0.10004381837559989 0.10000415465731878 -0.10031434298926223 0.10000233474478011 0.10011894284876098 -0.10002920454588851 -0.10000235089470746 -0.10000267384749534 0.10000319411454586 -0.10000288527056374 -0.10000363290741408 -0.10009313983997803 0.10010087242618525 0.10000325446863001 0.10000249647598325 0.10000278662192948 -0.10000254904746685 0.1000157467210484 0.10013793786257297 0.10018960556612533 0.10008937029036449 -0.10039895756436118 0.10000276977839853 0.10000257187980305 -0.10000838425356121
leaf_weight=0.0069472976956603807 0.0061589503893628708 0.0011601584847084059 0.0098681582185236039 0.54860644368454814 0.27645231939095538 0.0058387656226840381 0.0057736114249564699 0.0091498092951951548 0.015561967265966814 0.0046357090213859919 0.001083867960915085 0.0025073156375583485 0.018990543321706355 0.0063392411429958875 0.0030557416866940912 0.0035763855066760488 0.0017287635455432993 0.0040261470312543679 0.0047977739886846393 0.73193242006482262 0.013300594384418218 0.013396332715274184 0.0014144403448881357 0.0087103539917734452 0.0057409121945966035 0.0068327244080137461 0.0083893893752247095 0.004551252284727525 0.084632083448013873 0.0049108408093161415
leaf_count=122 254 32 10 22497 11316 13 179 38 650 4 4 103 768 210 109 120 5 4 161 30144 509 532 36 7 29 17 3 175 3413 146
internal_value=2.13826e-05 0.0453726 -0.0459719 -0.0852445 -0.091381 0.0810202 0.0223979 -0.00540821 0.0439674 0.0121422 -0.0391417 0.0813205 -0.0951041 -0.0499476 -0.0985701 0.0987393 -0.041302 0.0137587 0.0631413 0.0990473 0.0576196 -0.0990312 -0.0809006 0.100051 0.100094 0.100135 -0.100355 0.100061 0.100005 -0.10003
internal_weight=1.82007 1.18813 0.438159 0.631941 0.322752 0.115408 0.0696134 0.0512661 0.0337269 0.0249368 0.0157498 0.0267796 0.316593 0.0253298 0.562328 0.74997 0.0137215 0.00708189 0.00588164 0.748809 0.016877 0.291263 0.0148108 0.0242723 0.0183472 0.0125736 0.0175392 0.00918696 0.0904708 0.0066396
internal_count=71610 47701 16896 23909 13116 3780 1148 923 882 354 175 760 12862 978 22761 30805 264 113 165 30773 629 11884 568 657 225 46 41 179 3426 151
is_linear=0
shrinkage=0.1


Tree=100
num_leaves=31
num_cat=0
split_feature=6 2 9 6 0 9 7 1 0 5 6 6 2 5 6 1 2 3 2 2 5 2 5 4 9 4 5 1 8 4
split_gain=0.636821 0.524067 0.228623 0.0820244 0.020809 0.0136558 0.0136069 0.0217408 0.0164124 0.0101729 0.0088854 0.00822928 0.00507998 0.0172027 0.0041744 0.00415329 0.00401438 0.0062938 0.00300246 0.00268143 0.0102019 0.000464128 0.00463128 7.60177e-09 5.03406e-09 2.32528e-09 2.32047e-09 2.29576e-09 1.63201e-09 6.68124e-10
threshold=-1.0000000180025095e-35 -0.2493404664302051 -0.13846733374056872 -1.3667817907455606 -0.53765899171348541 -0.13778286579157933 1.0000000180025095e-35 -1.0407371973407937 0.41222815622387959 0.35300850440299691 0.86116403261871755 -5.5042769661380531 -0.25298473182998321 0.29237903068564236 -0.66839709116297985 -0.065475030416747251 -0.26447445642054973 -0.13426585142506708 -0.24989485034295875 -0.24732377247602697 0.20076115929052876 -0.25573480483701444 0.34088260965952605 1.851998136698169 7.6961223926276086 1.6669591648251514 -0.091607636190936634 0.98075232520147471 -0.11318950146148128 1.354841760115276
decision_type=2 2 2 2 2 2 2 2 2 2 2 2 2 2 2 2 2 2 2 2 2 2 2 2 2 2 2 2 2 2
left_child=3 2 4 6 -2 9 7 8 -1 10 -4 23 21 -14 -5 -3 17 -16 -12 20 -17 -6 -23 -10 -8 -9 -26 -11 -21 -7
right_child=1 15 5 14 12 29 24 25 11 27 18 -13 13 -15 16 19 -18 -19 -20 28 -22 22 -24 -25 26 -27 -28 -29 -30 -31
leaf_value=-0.10001518737975928 0.10000228585654464 -0.099997696497953495 -0.10009469525345056 -0.10000223550396214 -0.10000227354844377 0.10000202504554577 0.10000371137527149 -0.10028429257515935 0.10000215915979814 0.10000249768210863 0.10000292143948675 -0.10000330002005185 -0.1000021518141706 0.10000289402016622 -0.10000260925458354 -0.10000098785466137 -0.10002204278287473 0.10009123731425529 -0.089906495557108487 0.10000217040888866 0.10000252739467828 -0.10000230358215829 0.10001424115443512 0.10012480707686174 0.10017155151052384 -0.10036090786769861 0.10008089111402262 0.10010760403212332 0.10011873545621197 0.10003721351336647
leaf_weight=0.0062862735339876954 0.005572854744968935 0.0010499354248166828 0.0089299222690897295 0.49640071811154485 0.25014495693903882 0.076054053963161894 0.0052242013625800601 0.008281444817839656 0.014081086732403492 0.0041181538854289101 0.0042889563737844591 0.0022687069376843274 0.017183410865982296 0.0057359991442353922 0.0027649565963656642 0.00323617826870748 0.0060081952869951438 0.0036433412642509211 0.0010330119985155761 0.66107724446919736 0.012034906565531855 0.012121530953663751 0.0012798567422578353 0.0078824351057846798 0.0051954810405732132 0.0075937649235129348 0.0061830014092265628 0.0041950138984248042 0.0012033066168444231 0.0058078597285202696
leaf_count=122 254 32 10 22497 11316 3389 179 38 650 175 160 103 768 210 109 120 151 4 5 30089 509 532 36 7 29 3 17 4 55 37
internal_value=2.13928e-05 0.0453724 -0.0459716 -0.0852431 -0.0913807 0.0810187 0.0223954 -0.005407 0.0439656 0.0121415 -0.039139 0.0813168 -0.0951039 -0.0499473 -0.0985697 0.0987391 -0.041299 0.0137577 0.0631409 0.0990471 0.0576187 -0.0990309 -0.0809004 0.100046 0.100085 -0.100321 0.100122 0.100056 0.100002 0.100005
internal_weight=1.64688 1.07507 0.396466 0.571814 0.292039 0.104427 0.0629964 0.0463937 0.0305185 0.0225651 0.0142519 0.0242322 0.286466 0.0229194 0.508817 0.678602 0.0124165 0.0064083 0.00532197 0.677552 0.0152711 0.263546 0.0134014 0.0219635 0.0166027 0.0158752 0.0113785 0.00831317 0.662281 0.0818619
internal_count=71610 47701 16896 23909 13116 3780 1148 923 882 354 175 760 12862 978 22761 30805 264 113 165 30773 629 11884 568 657 225 41 46 179 30144 3426
is_linear=0
shrinkage=0.1


Tree=101
num_leaves=31
num_cat=0
split_feature=6 2 9 6 0 7 7 1 0 5 6 6 2 5 6 2 3 2 5 2 2 5 6 4 9 5 4 6 6 2
split_gain=0.576209 0.474192 0.20686 0.0742228 0.0188288 0.0123679 0.012311 0.0196671 0.0148501 0.00920082 0.00803635 0.0074458 0.00459653 0.0155656 0.00377762 0.00363209 0.00569457 0.00329693 0.0109109 0.00254913 0.000419964 0.00419054 0.000326104 5.64995e-09 3.72943e-09 1.71787e-09 1.71402e-09 1.70029e-09 5.925e-10 2.6163e-10
threshold=1.0000000180025095e-35 -0.2493404664302051 -0.13846733374056872 -1.3667817907455606 -1.328513842033918 -0.13147795573554272 1.0000000180025095e-35 -1.0407371973407937 0.41222815622387959 0.35300850440299691 0.86116403261871755 -5.5042769661380531 -0.25298473182998321 0.29237903068564236 -0.66839709116297985 -0.26447445642054973 -0.13426585142506708 -0.24687188557739606 0.19671919437603844 -0.25038354210803671 -0.25573480483701444 0.34088260965952605 0.89905273334240343 2.0598463665821578 7.6961223926276086 -0.091607636190936634 1.6669591648251514 0.87405034590428377 0.85135922873184977 -0.26408533982957005
decision_type=2 2 2 2 2 2 2 2 2 2 2 2 2 2 2 2 2 2 2 2 2 2 2 2 2 2 2 2 2 2
left_child=3 2 4 6 -2 9 7 8 -1 10 -4 23 20 -14 -5 16 -16 18 22 -12 -6 -22 -3 -10 -8 -26 -9 -11 -7 -17
right_child=1 17 5 14 12 28 24 26 11 27 19 -13 13 -15 15 29 -18 -19 -20 -21 21 -23 -24 -25 25 -27 -28 -29 -30 -31
leaf_value=-0.10001371849949924 0.10000203465531904 -0.10000148389057317 -0.10008565673069397 -0.10000201633925238 -0.10000206202710425 0.10003850411862064 0.1000033554813775 -0.10025735328311661 0.10000177759811574 0.1000973532503461 0.1000026295051111 -0.10000288859712057 -0.10000209427664181 0.10000261814247996 -0.10000236243616432 -0.10003798372009409 0.10008256061048204 0.10000201240688039 0.10000234464510516 -0.079246894060031325 -0.10000207718627663 0.10001288207847221 -0.034593892929630561 0.10011293132144275 0.10015520358234312 0.10007320347018984 -0.10032649460862733 0.10000226420061864 0.10000210544914262 -0.099994105479156201
leaf_weight=0.0056881326145230551 0.0050425384761183514 0.0032049180590547613 0.0080808195216377499 0.44916282640770078 0.22634096873662202 0.0047807140290387897 0.004727067658677698 0.0074952772811229806 0.012741125545289833 0.0037961742054903871 0.0038340859755408028 0.0020528039076452833 0.015548220450000372 0.0051901599872508078 0.0025018420637934469 0.0027554942571441643 0.0032969027270155493 0.59630587555875536 0.01351446039370785 0.0010003727584262379 0.01096803909058508 0.0011580772097659073 0.0010001231839851243 0.0071331254366668864 0.0047017938995850272 0.0055950207097339444 0.0068733596708625555 0.0037262680616549915 0.069291217572754249 0.0026811367883965431
leaf_count=122 254 122 10 22497 11316 13 179 38 650 4 159 103 768 210 109 45 4 30029 622 6 532 36 32 7 29 17 3 175 3413 106
internal_value=2.14536e-05 0.0453714 -0.0459687 -0.0852418 -0.0913806 0.0810025 0.0223932 -0.00540592 0.0439641 0.012134 -0.0390725 0.0813136 -0.0951037 -0.0499472 -0.0985694 -0.0412963 0.0137568 0.0987389 0.0562309 0.0629113 -0.0990307 -0.0809001 -0.084445 0.100042 0.100077 0.100111 -0.10029 0.10005 0.100004 -0.100016
internal_weight=1.49019 0.972783 0.358758 0.517406 0.264248 0.0945097 0.0570077 0.0419838 0.0276152 0.0204377 0.0129153 0.0219271 0.259205 0.0207384 0.460398 0.0112354 0.00579874 0.614025 0.0177195 0.00483446 0.238467 0.0121261 0.00420504 0.0198743 0.0150239 0.0102968 0.0143686 0.00752244 0.0740719 0.00543663
internal_count=71610 47701 16896 23909 13116 3780 1148 923 882 354 175 760 12862 978 22761 264 113 30805 776 165 11884 568 154 657 225 46 41 179 3426 151
is_linear=0
shrinkage=0.1


Tree=102
num_leaves=31
num_cat=0
split_feature=6 2 9 6 0 9 7 1 0 5 6 6 2 5 6 2 3 2 5 5 2 5 5 0 9 5 4 1 3 6
split_gain=0.521349 0.429 0.187161 0.0671632 0.0170369 0.0112122 0.0111386 0.0177916 0.0134365 0.00831846 0.00726543 0.00673704 0.0041591 0.0140843 0.00341758 0.00328719 0.00515241 0.00303728 0.00995289 0.00204473 0.000380001 0.00379174 0.000295035 4.18091e-09 2.76209e-09 1.27215e-09 1.26874e-09 1.25976e-09 9.5186e-10 4.28128e-10
threshold=1.0000000180025095e-35 -0.2493404664302051 -0.13846733374056872 -1.3667817907455606 -0.59048095075692253 -0.13778286579157933 1.0000000180025095e-35 -1.0407371973407937 0.41222815622387959 0.35300850440299691 0.86116403261871755 -5.5042769661380531 -0.25298473182998321 0.29237903068564236 -0.66839709116297985 -0.26447445642054973 -0.13426585142506708 -0.24687188557739606 0.18324597799440409 0.26004331136971992 -0.25573480483701444 0.34088260965952605 0.21153973239583623 0.4501927802334818 7.6961223926276086 -0.091607636190936634 1.6669591648251514 0.98075232520147471 -0.13345224228042471 0.85135922873184977
decision_type=2 2 2 2 2 2 2 2 2 2 2 2 2 2 2 2 2 2 2 2 2 2 2 2 2 2 2 2 2 2
left_child=3 2 4 6 -2 9 7 8 -1 10 -4 23 20 -14 -5 16 -16 18 -3 -12 -6 -22 -20 -10 -8 -26 -9 -11 -17 -7
right_child=1 17 5 14 12 29 24 26 11 27 19 -13 13 -15 15 28 -18 -19 22 -21 21 -23 -24 -25 25 -27 -28 -29 -30 -31
leaf_value=-0.10001249097577565 0.10000189063652186 -0.10000434002460795 -0.10007750935821397 -0.10000181133725901 -0.10000185365571426 0.10003442129979212 0.10000304834791117 -0.10023283760758198 0.10010230694964831 0.10000203668823465 -0.060993004197029313 -0.10000223403094005 -0.10000188514454167 0.10000236149424591 -0.10000213432006617 -0.10000786990232256 0.10007470123063543 0.10000176787991083 0.044043256285110952 0.10000234853449348 -0.10000188914961519 0.10001165983456535 0.10000212613376913 0.10000179037532525 0.10014042041423238 0.10006624177012778 -0.10029536543855233 0.10008808018937361 -0.10011237119771538 0.10000189471102745
leaf_weight=0.0051469009977154192 0.0045626830687979228 0.0032636424366501151 0.0073123932543239789 0.40642013261094689 0.20480217882141005 0.0043258658934064434 0.0042772401066031316 0.0067835767913493328 0.0064549770704616085 0.0033716739653755204 0.0010289654601365328 0.0018574767036625408 0.014068635329749668 0.0046962622982391613 0.0022637652291450649 0.0037864802870899439 0.0029833832431904739 0.53956145791744348 0.0010237199494440583 0.0033809392480179667 0.0099243095573910978 0.0010478837975824726 0.011829702601971803 0.011528654393259785 0.0042549549725663383 0.0050629190045583528 0.0062211051117628813 0.00343522266484797 0.0011322659374854993 0.062697407020095852
leaf_count=122 254 139 10 22497 11316 13 179 38 7 175 9 103 768 210 109 148 4 30029 34 156 532 36 603 650 29 17 3 4 3 3413
internal_value=2.16693e-05 0.0453655 -0.045963 -0.0852408 -0.0913804 0.0809694 0.0223911 -0.00540491 0.0439626 0.0121179 -0.0389398 0.0813106 -0.0951035 -0.0499471 -0.0985693 -0.0413 0.013756 0.098724 0.0559472 0.0624372 -0.0990305 -0.0808999 0.0955452 0.100038 0.10007 0.1001 -0.100263 0.100045 -0.100032 0.100004
internal_weight=1.34851 0.880333 0.324654 0.468174 0.239102 0.0855525 0.0515878 0.0379927 0.024988 0.0185292 0.0117223 0.0198411 0.234539 0.0187649 0.416586 0.0101659 0.00524715 0.555679 0.0161171 0.0044099 0.215774 0.0109722 0.0128534 0.0179836 0.0135951 0.00931787 0.0130047 0.0068069 0.00491875 0.0670233
internal_count=71610 47701 16896 23909 13116 3780 1148 923 882 354 175 760 12862 978 22761 264 113 30805 776 165 11884 568 637 657 225 46 41 179 151 3426
is_linear=0
shrinkage=0.1


Tree=103
num_leaves=31
num_cat=0
split_feature=6 2 9 6 0 9 7 1 0 5 6 6 2 5 6 2 3 2 5 4 2 5 5 4 9 5 4 6 4 0
split_gain=0.471703 0.388109 0.169327 0.0607745 0.0154156 0.0101823 0.0100779 0.0160953 0.0121575 0.00751617 0.00656308 0.0060957 0.0037633 0.012744 0.00309296 0.00297388 0.0046619 0.00280198 0.00895769 0.00180766 0.000343841 0.00306518 0.000326054 3.08837e-09 2.04383e-09 9.42912e-10 9.38143e-10 9.32605e-10 2.70595e-10 2.3316e-10
threshold=-1.0000000180025095e-35 -0.2493404664302051 -0.13846733374056872 -1.3667817907455606 -0.53765899171348541 -0.13778286579157933 -1.0000000180025095e-35 -1.0407371973407937 0.41222815622387959 0.35300850440299691 0.86116403261871755 -5.5042769661380531 -0.25298473182998321 0.29237903068564236 -0.66839709116297985 -0.26447445642054973 -0.13426585142506708 -0.24687188557739606 0.18324597799440409 0.74601537681500296 -0.25573480483701444 0.27890581430400802 0.21153973239583623 1.851998136698169 7.6961223926276086 -0.091607636190936634 1.6669591648251514 0.87405034590428377 1.354841760115276 0.33383419070014791
decision_type=2 2 2 2 2 2 2 2 2 2 2 2 2 2 2 2 2 2 2 2 2 2 2 2 2 2 2 2 2 2
left_child=3 2 4 6 -2 9 7 8 -1 10 -4 23 20 -14 -5 16 -16 18 -3 -12 -6 -22 -20 -10 -8 -26 -9 -11 -7 -17
right_child=1 17 5 14 12 28 24 26 11 27 19 -13 13 -15 15 29 -18 -19 22 -21 21 -23 -24 -25 25 -27 -28 -29 -30 -31
leaf_value=-0.10001135436621118 0.10000155511941765 -0.10000291995089722 -0.10007011627080283 -0.10000165076304524 -0.10000167298190965 0.10000154499057728 0.10000279624515609 -0.10021068856876687 0.10000161794047957 0.10007969030843362 -0.054444255995373309 -0.10000199311440756 -0.10000171491496973 0.10000213842484469 -0.10000193696998715 -0.10005776463022081 0.10006758210630598 0.10000171858239321 0.040425129234075818 0.10000219815321865 -0.10000168120761746 0.08072639142430002 0.10000190922809848 0.10009243524819987 0.10012704969550792 0.10005991608930703 -0.10026720620382722 0.10000186351463497 0.10002756204006609 -0.10000561546504892
leaf_weight=0.0046571611546823979 0.0041284963881480499 0.0029531664640671815 0.0066169907186122146 0.36774468561634421 0.18531298985908506 0.056342510162721737 0.0038702176498190974 0.0061393221731123049 0.010431579648866318 0.0031085653045010977 0.0010091499752888922 0.0016807117408461627 0.012729844693240011 0.0042493629771342958 0.0020483433472691104 0.0011592876417125808 0.0026996589604095789 0.48821565579646631 0.0010048558324342602 0.0030426641696976731 0.0088787313288776204 0.0010493464578758003 0.010703983387429616 0.0058412436774233347 0.0038505306110891979 0.0045813913347956259 0.0056305890902876854 0.0030508219115290558 0.004302951041609048 0.0032918390024860855
leaf_count=122 254 139 10 22497 11316 3389 179 38 650 4 10 103 768 210 109 5 4 30029 34 155 528 40 603 7 29 17 3 175 37 146
internal_value=2.16913e-05 0.0453574 -0.0459525 -0.0852396 -0.0913802 0.0809064 0.0223893 -0.00540402 0.0439613 0.0120845 -0.0386953 0.0813079 -0.0951033 -0.049947 -0.098569 -0.0412961 0.0137553 0.0987081 0.0556346 0.0615356 -0.0990303 -0.0808997 0.094889 0.100034 0.100063 0.100091 -0.100238 0.100041 0.100003 -0.100019
internal_weight=1.22033 0.7967 0.293822 0.423627 0.216349 0.0774737 0.0466827 0.0343806 0.0226107 0.0168282 0.0106688 0.0179535 0.21222 0.0169792 0.376944 0.00919913 0.004748 0.502878 0.014662 0.00405181 0.195241 0.00992808 0.0117088 0.0162728 0.0123021 0.00843192 0.0117699 0.00615939 0.0606455 0.00445113
internal_count=71610 47701 16896 23909 13116 3780 1148 923 882 354 175 760 12862 978 22761 264 113 30805 776 165 11884 568 637 657 225 46 41 179 3426 151
is_linear=0
shrinkage=0.1


Tree=104
num_leaves=31
num_cat=0
split_feature=6 2 9 6 0 7 7 1 0 5 6 6 2 5 6 2 3 2 5 5 2 4 7 0 0 9 5 4 6 6
split_gain=0.426772 0.35111 0.153167 0.0549933 0.0139463 0.00925433 0.00911829 0.014561 0.0110003 0.00678966 0.00592678 0.00551546 0.00340264 0.0115312 0.00279878 0.00269084 0.00421809 0.00259004 0.00814016 0.00158408 0.000322042 0.00211403 0.000261528 3.70402e-06 2.2908e-09 1.5126e-09 7.00129e-10 6.94513e-10 6.90901e-10 2.01862e-10
threshold=-1.0000000180025095e-35 -0.2493404664302051 -0.13846733374056872 -1.3667817907455606 -0.53765899171348541 -0.13147795573554272 -1.0000000180025095e-35 -1.0407371973407937 0.41222815622387959 0.35300850440299691 0.86116403261871755 -5.5042769661380531 -0.25298473182998321 0.29237903068564236 -0.66839709116297985 -0.26447445642054973 -0.13426585142506708 -0.24687188557739606 0.19671919437603844 0.27890581430400802 -0.25573480483701444 0.76897956071484797 -0.13241511812548287 0.25878696195675727 0.4501927802334818 7.6961223926276086 -0.091607636190936634 1.6669591648251514 0.87405034590428377 0.83410194845743291
decision_type=2 2 2 2 2 2 2 2 2 2 2 2 2 2 2 2 2 2 2 2 2 2 2 2 2 2 2 2 2 2
left_child=3 2 4 6 -2 9 7 8 -1 10 -4 24 20 -14 -5 16 -16 18 22 -12 -6 23 -3 -22 -10 -8 -27 -9 -11 -7
right_child=1 17 5 14 12 29 25 27 11 28 19 -13 13 -15 15 -17 -18 -19 -20 -21 21 -23 -24 -25 -26 26 -28 -29 -30 -31
leaf_value=-0.10001029789696268 0.10000146507682417 -0.1000028890016772 -0.10006345193596788 -0.10000148490474003 -0.1000015187726858 0.10002626561091438 0.10000252076952312 -0.10019062637875359 0.10008367924109834 0.10007210436112489 -0.046848923311489508 -0.10000172823431888 -0.10000144675535311 0.10000193532464148 -0.10000174918957577 -0.10001763954933432 0.10006116436669595 0.10000152565322207 0.10000175427865723 0.10000199181151143 -0.10000151240806665 0.045648992945928113 -0.039092272707304594 -0.093501295902918613 0.10000145484169576 0.1001149447848341 0.10005413282359635 -0.10024174244441242 0.10000168453223142 0.10000158281890069
leaf_weight=0.0042140107207160318 0.0037356233660830176 0.0022732002180418931 0.0059876795749005396 0.33274966198951006 0.16767837609222624 0.0035419674950389881 0.0035019288334297016 0.005556146321396227 0.0052858185508739544 0.0028129486827310765 0.0010051215604107711 0.0015207762398858913 0.011518463323227479 0.0038449898747785491 0.0018534210121288197 0.0040275970368384151 0.0024429014447377995 0.44175649785984206 0.010051793597995129 0.0027287422562949359 0.0068567740527214482 0.0011562386353034535 0.0010217430999546204 0.0010051391491288086 0.0094388940351564088 0.0034845038944695261 0.0041456396529611084 0.0050959961954504251 0.0027605024552030955 0.051332456225281931
leaf_count=122 254 116 10 22497 11316 13 179 38 7 4 13 103 768 210 109 151 4 30029 622 152 454 50 38 64 650 29 17 3 175 3413
internal_value=2.1583e-05 0.0453456 -0.0459345 -0.0852387 -0.0913645 0.0808303 0.0223877 -0.00540321 0.0439601 0.0120429 -0.0384051 0.0813055 -0.0950866 -0.0499469 -0.0985688 -0.041295 0.0137546 0.0986902 0.055289 0.0604711 -0.0990115 -0.0806028 -0.0811149 -0.0991705 0.100031 0.100057 0.100082 -0.100215 0.100037 0.100003
internal_weight=1.10439 0.721068 0.265965 0.383317 0.195796 0.0701694 0.0422437 0.0311116 0.0204595 0.015295 0.00972154 0.0162455 0.19206 0.0153635 0.341074 0.00832392 0.00429632 0.455103 0.0133467 0.00373386 0.176697 0.00901815 0.00329494 0.00786191 0.0147247 0.0111321 0.00763014 0.0106521 0.00557345 0.0548744
internal_count=71610 47701 16896 23909 13116 3780 1148 923 882 354 175 760 12862 978 22761 264 113 30805 776 165 11884 568 154 518 657 225 46 41 179 3426
is_linear=0
shrinkage=0.1


Tree=105
num_leaves=31
num_cat=0
split_feature=6 2 9 6 0 9 7 1 0 6 6 2 2 5 6 2 3 2 5 2 2 4 5 2 0 4 9 5 4 0
split_gain=0.386106 0.317634 0.138512 0.0497619 0.0119425 0.00910558 0.0082501 0.0131732 0.00995325 0.00499042 0.00493967 0.00362009 0.00270504 0.0098784 0.00253229 0.00243503 0.00381656 0.0023974 0.00738994 0.000517664 0.000304853 0.00192987 0.000248239 3.51001e-05 1.07226e-06 1.69695e-09 1.12134e-09 5.17803e-10 5.13105e-10 3.84538e-10
threshold=1.0000000180025095e-35 -0.2493404664302051 -0.138521458831036 -1.3667817907455606 -1.060368251536681 -0.13778286579157933 -1.0000000180025095e-35 -1.0407371973407937 0.41222815622387959 -5.5042769661380531 0.87252744854860176 -0.26129800285460753 -0.25298473182998321 0.29237903068564236 -0.66839709116297985 -0.26447445642054973 -0.13426585142506708 -0.24687188557739606 0.18324597799440409 -0.25205053533303584 -0.25573480483701444 0.76897956071484797 0.21558169731032653 -0.25825101200512762 0.25330567893430084 1.9382630952443718 7.6961223926276086 -0.091607636190936634 1.6669591648251514 0.34547058271396597
decision_type=2 2 2 2 2 2 2 2 2 2 2 2 2 2 2 2 2 2 2 2 2 2 2 2 2 2 2 2 2 2
left_child=3 2 4 6 -2 10 7 8 -1 25 11 -4 20 -14 -5 16 -16 18 -3 23 -6 24 -20 -12 -22 -10 -8 -28 -9 -17
right_child=1 17 5 14 12 -7 26 28 9 -11 19 -13 13 -15 15 29 -18 -19 22 -21 21 -23 -24 -25 -26 -27 27 -29 -30 -31
leaf_value=-0.10000907756242361 0.10000132146840822 -0.10000245265345944 0.04136472507874054 -0.10000134640318291 -0.10000133905131002 0.1000027229599976 0.10000227990596376 -0.1001725211716063 0.1000012557065644 -0.10000114693606454 0.07908298875611286 -0.088350494690807913 -0.10000147962049721 0.10000176123377572 -0.10000158161920683 -0.1000750843013487 0.10005532249887342 0.10000132444226106 0.050386114215950288 0.019870361330122793 -0.10000136161396588 0.041496386908517188 0.10000154572352436 0.10000149943793313 -0.096501752054917747 0.10007565092796762 0.10010400247188443 0.10004902562457907 -0.1002187052743458 -0.10000442993055506
leaf_weight=0.0038130384455143931 0.003187953137967269 0.0024566871752540473 0.0036020538900629617 0.30108472611755133 0.15120703936554492 0.049652627014438622 0.0031686825377619243 0.0050282706315556425 0.008540673297829926 0.0013760540841758493 0.0010151713704544827 0.0053425472669914598 0.010422347651910968 0.0032363591781177101 0.0016770473175711231 0.0011059657188070551 0.0022105509797256673 0.39971861317462754 0.0011430820395617056 0.0011092848308180692 0.0060851891503261868 0.0011243572116654832 0.0085593110079571488 0.0038223407154873712 0.0010226479607808869 0.0047831669216975578 0.0031532367565887398 0.0037513131401283317 0.0046120540937408805 0.0025380432407473563
leaf_count=122 240 139 22 22497 11290 3426 179 38 650 103 68 28 768 194 109 9 4 30029 47 30 446 49 590 264 71 7 29 17 3 142
internal_value=2.17777e-05 0.045328 -0.045901 -0.0852379 -0.0917899 0.0794333 0.0223862 -0.00540248 0.0439591 0.0813033 0.0108483 -0.0361133 -0.0953222 -0.0526118 -0.0985687 -0.041296 0.013754 0.0986707 0.0549273 0.0814833 -0.0989811 -0.0802408 0.0941561 0.0956117 -0.0994979 0.100028 0.100052 0.100074 -0.100195 -0.100026
internal_weight=0.99955 0.652708 0.24083 0.346843 0.176286 0.064544 0.0382265 0.0281533 0.0185129 0.0146999 0.0148914 0.0089446 0.173098 0.0136587 0.308616 0.00753161 0.0038876 0.411878 0.0121591 0.0059468 0.159439 0.00823219 0.00970239 0.00483751 0.00710784 0.0133238 0.0100732 0.00690455 0.00964032 0.00364401
internal_count=71610 47701 16896 23909 13058 3838 1148 923 882 760 412 50 12818 962 22761 264 113 30805 776 362 11856 566 637 332 517 657 225 46 41 151
is_linear=0
shrinkage=0.1


Tree=106
num_leaves=31
num_cat=0
split_feature=6 2 9 6 0 7 1 0 7 6 2 5 5 6 6 2 5 2 3 5 9 11 0 9 5 4 1 6 0 2
split_gain=0.349208 0.287348 0.125266 0.0450279 0.015143 0.00746461 0.0119178 0.0090059 0.00458078 0.00451542 0.00377468 0.0148836 0.00376058 0.00362167 0.00229165 0.0022257 0.00669395 0.00220303 0.00345325 0.000238326 6.32483e-05 7.82743e-06 1.25777e-09 8.2816e-10 3.83514e-10 3.79715e-10 2.73123e-10 1.40148e-10 1.14672e-10 7.05933e-11
threshold=-1.0000000180025095e-35 -0.2493404664302051 -0.13803224555434054 -1.3667817907455606 -0.53765899171348541 -1.0000000180025095e-35 -1.0407371973407937 0.41222815622387959 -0.13147795573554272 -5.5042769661380531 -0.25573480483701444 0.28564242249482519 0.34761921785034317 0.86116403261871755 -0.66839709116297985 -0.24687188557739606 0.19671919437603844 -0.26447445642054973 -0.13426585142506708 0.1711200832509332 -0.13846733374056872 -0.089944038581413699 0.4501927802334818 7.6961223926276086 -0.091607636190936634 1.6669591648251514 0.98075232520147471 0.85135922873184977 0.34547058271396597 -0.12852779976598835
decision_type=2 2 2 2 2 2 2 2 2 2 2 2 2 2 2 2 2 2 2 2 2 2 2 2 2 2 2 2 2 2
left_child=3 2 4 5 -2 6 7 -1 12 22 20 21 13 -4 -5 16 19 18 -16 -3 -6 -12 -9 -7 -25 -8 -14 -10 -19 -17
right_child=1 15 8 14 10 23 25 9 27 -11 11 -13 26 -15 17 29 -18 28 -20 -21 -22 -23 -24 24 -26 -27 -28 -29 -30 -31
leaf_value=-0.10000833656159525 0.10000127280799903 -0.10000800316469741 -0.10004864989525669 -0.10000122097323894 -0.10000126910677443 0.10000216269346321 -0.10015610733956185 0.10006854268482013 0.10002401996180239 -0.10000064958958804 -0.10000125901892064 0.10000280711147878 0.10000155217324103 0.074813164788348027 -0.10000143287648333 0.10000107008421351 0.10000141785612893 -0.10004456086515581 0.10005005576535736 -0.039525880182889182 -0.082293521532375347 -0.091007956088648478 0.10000121129330793 0.10009410013892095 0.10004436220437188 -0.10019787060601509 0.10006259244142124 0.10000129096587636 -0.10000400276152294 0.1000208425296775
leaf_weight=0.0034502067146604523 0.0041387178716831832 0.0018111561248588268 0.0031772447900948464 0.27243307908065617 0.13735876590726548 0.0028671436721197097 0.0045504745376092615 0.0043282781580273877 0.0029000431923122951 0.001245114689481853 0.015660049718462687 0.0048224956299236501 0.0010473841684870422 0.0018884608844018658 0.0015174573027252336 0.3598660403795293 0.0082544056358528906 0.0010009472462115801 0.0020002890387331718 0.0010175233910558745 0.0020471368707148932 0.0010315383915440171 0.0077279319202716579 0.0028534344119179877 0.0033944792858164874 0.0041739827720448375 0.0024424131261184812 0.042027515387417225 0.0022965257103351178 0.0018147933426462251
leaf_count=122 333 111 7 22497 11316 179 38 7 13 103 1261 308 76 104 109 29878 622 9 4 43 16 45 650 29 17 3 4 3413 142 151
internal_value=2.09919e-05 0.0452723 -0.0457709 -0.0852371 -0.088867 0.0223848 -0.00540182 0.0439581 0.0872317 0.0813013 -0.0937246 -0.0547381 0.0201668 -0.0348613 -0.0985684 0.0986485 0.0545068 -0.0412929 0.0137534 -0.0782516 -0.0997412 -0.0994455 0.100025 0.100047 0.100067 -0.100176 0.100044 0.100003 -0.100016 0.100001
internal_weight=0.905145 0.591306 0.218542 0.313839 0.165059 0.034591 0.025476 0.0167515 0.0534831 0.0133013 0.16092 0.0215141 0.0085555 0.00506571 0.279248 0.372764 0.0110831 0.00681522 0.00351775 0.00282868 0.139406 0.0166916 0.0120562 0.00911506 0.00624791 0.00872446 0.0034898 0.0449276 0.00329747 0.361681
internal_count=71610 47701 16896 23909 13279 1148 923 882 3617 760 12946 1614 191 111 22761 30805 776 264 113 154 11332 1306 657 225 46 41 80 3426 151 30029
is_linear=0
shrinkage=0.1


Tree=107
num_leaves=31
num_cat=0
split_feature=6 2 9 6 0 7 7 1 0 5 6 6 2 5 2 5 6 2 3 2 2 5 1 4 9 6 5 4 0 6
split_gain=0.315928 0.25994 0.113255 0.0407443 0.0103371 0.0071656 0.00675395 0.0107822 0.00814872 0.00522013 0.00447725 0.00408566 0.00253423 0.00887095 0.00208069 0.0061861 0.00207337 0.00199366 0.00312454 0.00120194 0.000253898 0.00101796 0.000196181 9.30222e-10 6.14502e-10 3.29396e-10 2.84254e-10 2.82491e-10 2.78393e-10 8.52117e-11
threshold=1.0000000180025095e-35 -0.2493404664302051 -0.13846733374056872 -1.3667817907455606 -0.53765899171348541 -0.13147795573554272 1.0000000180025095e-35 -1.0407371973407937 0.41222815622387959 0.35300850440299691 0.86116403261871755 -5.5042769661380531 -0.25329000933969864 0.29237903068564236 -0.24732377247602697 0.20076115929052876 -0.66839709116297985 -0.26447445642054973 -0.13426585142506708 -0.25173590228459281 -0.25573480483701444 0.27216920611319084 -0.017668384490781727 2.0598463665821578 7.6961223926276086 0.87114107028127596 -0.091607636190936634 1.6669591648251514 0.41222815622387959 0.85135922873184977
decision_type=2 2 2 2 2 2 2 2 2 2 2 2 2 2 2 2 2 2 2 2 2 2 2 2 2 2 2 2 2 2
left_child=3 2 4 6 -2 9 7 8 -1 10 -4 23 20 -14 15 -3 -5 18 -18 -12 -6 -22 -16 -10 -8 -11 -26 -9 -19 -7
right_child=1 14 5 16 12 29 24 27 11 25 19 -13 13 -15 22 -17 17 28 -20 -21 21 -23 -24 -25 26 -27 -28 -29 -30 -31
leaf_value=-0.1000075608800237 0.10000118240967799 -0.10000203091833976 -0.10004908006828764 -0.10000111672476963 -0.10000113467907464 0.10001978182372878 0.10000190599708099 -0.10014115570378604 0.10000106238305997 0.100056631206847 0.10000150805104627 -0.10000241651626243 -0.10000111776932558 0.1000014403825146 0.058780177173236005 0.10000125384889941 -0.10000129821452453 -0.1000680789824528 0.10004528086992022 -0.033520945671929585 -0.1000011667220827 -0.00055393706820955834 0.10000112308830614 0.10006193407127909 0.10008514573996355 0.10000128048876744 0.10004013137962187 -0.10017902153260663 -0.10000341425987876 0.10000115054976909
leaf_weight=0.0031218982076097754 0.0027721515361918128 0.0020824279981752625 0.004593145690705569 0.24650791147723794 0.1242875042007654 0.0026241836321787551 0.0025943065411411226 0.0041180243133567274 0.0069925367824907898 0.0022101117492638878 0.0020525056006590603 0.001126614119129953 0.0090439353443798609 0.0029381505282799489 0.0011586476512093205 0.0060087560104875593 0.0013730539385505836 0.0010028544650140239 0.0018100183597198338 0.0010039358048743452 0.0049583165182411895 0.0012989613969693892 0.32812304517119628 0.003916634992492618 0.0025821136105150799 0.0020936672781317611 0.0030715750735907932 0.0037774504162371159 0.0019807041480817134 0.038028118898182584
leaf_count=122 254 144 10 22497 11316 13 179 38 650 4 150 103 814 216 78 509 109 11 4 15 435 81 30074 7 29 175 17 3 140 3413
internal_value=2.1244e-05 0.0452522 -0.0457337 -0.0852365 -0.0912519 0.0799893 0.0223836 -0.00540123 0.0439572 0.0119269 -0.0376411 0.0812995 -0.0949718 -0.0509581 0.098625 0.0485264 -0.0985684 -0.0412955 0.0137529 0.056144 -0.0990116 -0.0793567 0.0998561 0.100023 0.100042 0.10003 0.100061 -0.100159 -0.100025 0.100002
internal_weight=0.819253 0.535278 0.197905 0.283976 0.145299 0.0526057 0.0313012 0.0230532 0.0151577 0.0119534 0.00764959 0.0120358 0.142527 0.0119821 0.337373 0.00809118 0.252675 0.00616663 0.00318307 0.00305644 0.130545 0.00625728 0.329282 0.0109092 0.008248 0.00430378 0.00565369 0.00789547 0.00298356 0.0406523
internal_count=71610 47701 16896 23909 13116 3780 1148 923 882 354 175 760 12862 1030 30805 653 22761 264 113 165 11832 516 30152 657 225 179 46 41 151 3426
is_linear=0
shrinkage=0.1


Tree=108
num_leaves=31
num_cat=0
split_feature=6 2 7 6 0 7 1 0 9 6 2 5 5 6 2 5 6 2 3 5 9 9 4 9 5 4 6 8 2 11
split_gain=0.285803 0.235142 0.10239 0.0368679 0.0124156 0.00611096 0.00975497 0.00737316 0.00382104 0.00369678 0.00316573 0.0123514 0.00305916 0.00293837 0.00192983 0.00555987 0.0018765 0.00180353 0.00282713 0.000193215 7.21957e-05 7.62872e-06 6.89454e-10 4.5663e-10 2.10146e-10 2.08878e-10 8.71833e-11 4.06585e-11 2.93128e-11 9.9127e-11
threshold=1.0000000180025095e-35 -0.2493404664302051 -0.13165976395291398 -1.3667817907455606 -0.53765899171348541 1.0000000180025095e-35 -1.0407371973407937 0.41222815622387959 -0.13778286579157933 -5.5042769661380531 -0.25573480483701444 0.28564242249482519 0.34761921785034317 0.86116403261871755 -0.24687188557739606 0.18324597799440409 -0.66839709116297985 -0.26447445642054973 -0.13426585142506708 0.21962366222481686 -0.13846733374056872 -0.13878569574073393 1.9382630952443718 7.6961223926276086 -0.091607636190936634 1.6669591648251514 0.85135922873184977 -0.11378220089590599 -0.12852779976598835 -0.089908051284718349
decision_type=2 2 2 2 2 2 2 2 2 2 2 2 2 2 2 2 2 2 2 2 2 2 2 2 2 2 2 2 2 2
left_child=3 2 4 5 -2 6 7 -1 12 22 20 21 13 -4 15 -3 -5 18 -18 -17 -6 -12 -9 -7 -25 -8 -10 -14 29 -16
right_child=1 14 8 16 10 23 25 9 26 -11 11 -13 27 -15 28 19 17 -19 -20 -21 -22 -23 -24 24 -26 -27 -28 -29 -30 -31
leaf_value=-0.10000692706484698 0.10000106648162717 -0.1000061777317388 -0.10003982263285414 -0.1000010030358516 -0.10000102597318383 0.10000166507383156 -0.10012773772684568 0.1000009720363304 0.10002085707902815 -0.10000181880099286 -0.10000102989040179 0.10000253026550605 0.100048612986255 0.070176438705130295 0.10000097921333051 0.055657488505233957 -0.10000117801688001 -0.10000866082311173 0.1000409812542708 0.10000114120101813 -0.079435782042962796 -0.091037114347697845 0.10005606313270088 0.10007704054480891 0.10003635312808874 -0.10016196516137039 0.1000010451340464 0.10002474002496307 0.099987032539829157 0.10002637976726075
leaf_weight=0.0028248296848687451 0.0033985753652814301 0.0018780452928695013 0.0026015127268692586 0.22304981923662126 0.11246009756450803 0.0023474300396628669 0.0037266165491018919 0.0063271143062593183 0.0023744275713397647 0.0010194055348620177 0.012742935097776353 0.0040148719162971238 0.0013767081654805224 0.001662096445215866 0.29312405266682617 0.0011699122023856035 0.0012423920225046459 0.0026999554172562048 0.0016378393020204385 0.0061372506579573383 0.0017333499781670971 0.0010258463271384253 0.0035441154559521237 0.0023365726410702337 0.0027793767912953626 0.0034185309195891023 0.034409299005346838 0.0014807139605181874 0.0014860982246318591 0.0015444997352460623
leaf_count=122 333 139 7 22497 11316 179 38 650 13 103 1250 308 23 104 29721 65 109 151 4 572 16 56 7 29 17 3 3413 57 151 157
internal_value=2.11532e-05 0.0452258 -0.0456796 -0.0852357 -0.0887172 0.0223825 -0.00540068 0.0439564 0.0870222 0.0812979 -0.0935769 -0.0543308 0.0199734 -0.0336839 0.098601 0.0534588 -0.0985681 -0.0412905 0.0137525 0.0929015 -0.0996889 -0.0993332 0.100021 0.100038 0.100055 -0.100144 0.100002 0.100036 0.100001 0.100001
internal_weight=0.741574 0.48462 0.17928 0.256954 0.135376 0.028324 0.0208606 0.0137155 0.0439048 0.0108906 0.131977 0.0177837 0.00712103 0.00426361 0.30534 0.00918521 0.22863 0.00558019 0.00288023 0.00730716 0.114193 0.0137688 0.00987123 0.00746338 0.00511595 0.00714515 0.0367837 0.00285742 0.296155 0.294669
internal_count=71610 47701 16896 23909 13279 1148 923 882 3617 760 12946 1614 191 111 30805 776 22761 264 113 637 11332 1306 657 225 46 41 3426 80 30029 29878
is_linear=0
shrinkage=0.1


Tree=109
num_leaves=31
num_cat=0
split_feature=6 2 9 6 0 7 7 1 0 5 6 2 5 10 2 5 6 2 3 4 9 2 4 9 6 5 4 6 3 3
split_gain=0.258554 0.212703 0.0925739 0.0333603 0.00845559 0.00600157 0.00552921 0.0088257 0.00667141 0.00429847 0.00365755 0.00207048 0.00958487 0.00181233 0.0018011 0.00507487 0.00169793 0.00163194 0.00255803 0.000991769 0.000160813 5.18481e-05 4.59624e-10 3.3798e-10 1.82269e-10 1.55857e-10 1.53582e-10 6.98312e-11 2.3627e-11 7.18936e-12
threshold=1.0000000180025095e-35 -0.2493404664302051 -0.13846733374056872 -1.3667817907455606 -1.628669355079096 -0.13147795573554272 1.0000000180025095e-35 -1.0407371973407937 0.41222815622387959 0.35300850440299691 0.86116403261871755 -0.25573480483701444 0.29237903068564236 -0.11250695221991121 -0.24687188557739606 0.19671919437603844 -0.66839709116297985 -0.26447445642054973 -0.13426585142506708 0.82215483738834405 -0.13919094807188689 -0.21608746824796105 2.0598463665821578 7.6961223926276086 0.87405034590428377 -0.091607636190936634 1.6669591648251514 0.85135922873184977 -0.13394731936503759 -0.14351214104091869
decision_type=2 2 2 2 2 2 2 2 2 2 2 2 2 2 2 2 2 2 2 2 2 2 2 2 2 2 2 2 2 2
left_child=3 2 4 6 -2 9 7 8 -1 10 -4 29 -13 -10 15 20 -5 18 -18 -12 -3 22 -15 -8 -11 -25 -9 -7 -19 -6
right_child=1 14 5 16 11 27 23 26 13 24 19 12 -14 21 -16 -17 17 28 -20 -21 -22 -23 -24 25 -26 -27 -28 -29 -30 -31
leaf_value=-0.10000627167384649 0.10000096429320289 -0.10000200448029516 -0.10004060353147204 -0.10000090113084006 -0.1000010311823917 0.1000195806277086 0.10000151133828582 -0.10011568370495982 -0.034854191413294114 0.1000463653446807 -0.025807651998839488 -0.10000089070478609 0.10000252492873524 0.10000093758514482 0.1000009333160221 0.10000103722674321 -0.10000106105709006 -0.10000128230835087 0.10003707323316023 0.1000015255325685 -0.046273186862502515 0.076455157795042111 0.10005071231060735 0.10006970265528232 0.1000010754643369 0.10003286715587754 -0.1001465357802527 0.10000094066476187 -0.10002105960934007 -0.099992618703550154
leaf_weight=0.0025560276262694961 0.0022696498781442634 0.0012277958376216702 0.003790144061895262 0.20182400639168918 0.10073196248049499 0.0021485217712324802 0.0021240462374407789 0.0033723672167980121 0.0011822065234809989 0.0018096858220815193 0.0010036468784164754 0.012059444772603456 0.0029902868191129537 0.0044010937269831629 0.26797202519810526 0.0061405091882988927 0.0011241640177104273 0.0013494449431163957 0.0014820330598013243 0.0016678780448273756 0.0010197311848969548 0.0010641107767241937 0.0032070109018604853 0.0021143654494153452 0.0017458986294514034 0.002514966307899158 0.0030936669791117311 0.031134851144088316 0.0010935645798326723 0.0010262301038892465
leaf_count=122 254 93 10 22497 11201 13 179 38 133 4 27 1300 246 497 30029 622 109 142 4 138 61 123 7 29 175 17 3 3413 9 115
internal_value=2.08783e-05 0.0452011 -0.0456348 -0.0852351 -0.0911663 0.0795779 0.0223815 -0.00540019 0.0439557 0.0117162 -0.0368759 -0.0948808 -0.0602615 0.0812964 0.0985726 0.0529431 -0.0985679 -0.0412907 0.0137521 0.0527371 -0.0756246 0.0971302 0.100022 0.100035 0.100024 0.10005 -0.10013 0.100002 -0.10001 -0.100001
internal_weight=0.671241 0.438738 0.162378 0.232503 0.119078 0.0433006 0.0256299 0.0188765 0.0124104 0.0100173 0.00646167 0.116808 0.0150497 0.00985442 0.27636 0.00838804 0.206873 0.00504921 0.0026062 0.00267152 0.00224753 0.00867222 0.0076081 0.00675338 0.00355558 0.00462933 0.00646603 0.0332834 0.00244301 0.101758
internal_count=71610 47701 16896 23909 13116 3780 1148 923 882 354 175 12862 1546 760 30805 776 22761 264 113 165 154 627 504 225 179 46 41 3426 151 11316
is_linear=0
shrinkage=0.1


Tree=110
num_leaves=31
num_cat=0
split_feature=6 2 9 6 0 9 7 1 0 5 6 2 5 2 5 10 6 2 3 2 5 2 0 9 6 5 4 6 11 6
split_gain=0.233815 0.192402 0.0837293 0.0302819 0.00765092 0.00548408 0.00500941 0.00795865 0.00597172 0.00387747 0.00329944 0.00187344 0.00867274 0.00168097 0.0046014 0.00167657 0.00153637 0.00147666 0.00231455 0.000863226 0.0001922 6.3607e-05 3.43118e-10 2.49586e-10 1.35067e-10 1.15771e-10 1.14162e-10 5.31687e-11 3.78776e-11 3.68584e-11
threshold=-1.0000000180025095e-35 -0.2493404664302051 -0.13846733374056872 -1.3667817907455606 -1.628669355079096 -0.13778286579157933 1.0000000180025095e-35 -1.0407371973407937 0.41222815622387959 0.35300850440299691 0.86116403261871755 -0.25573480483701444 0.29237903068564236 -0.24687188557739606 0.18324597799440409 -0.11250695221991121 -0.66839709116297985 -0.26447445642054973 -0.13426585142506708 -0.25205053533303584 0.21962366222481686 -0.21608746824796105 0.4501927802334818 7.6961223926276086 0.86646345221341614 -0.091607636190936634 1.6669591648251514 0.83410194845743291 -0.089908051284718349 0.15695602285176749
decision_type=2 2 2 2 2 2 2 2 2 2 2 2 2 2 2 2 2 2 2 2 2 2 2 2 2 2 2 2 2 2
left_child=3 2 4 6 -2 9 7 8 -1 10 -4 -6 -13 14 -3 -10 -5 18 -18 -12 -16 22 -17 -8 -11 -25 -9 -7 29 -15
right_child=1 13 5 16 11 27 23 26 15 24 19 12 -14 28 20 21 17 -19 -20 -21 -22 -23 -24 25 -26 -27 -28 -29 -30 -31
leaf_value=-0.10000562078882798 0.10000080069763823 -0.10000377588664898 -0.1000367486969741 -0.10000082043648978 -0.10000084545105406 0.10001797634107557 0.1000014098238127 -0.10010461926946745 -0.031755785614372929 0.10004196248018903 0.10000111060067436 -0.1000007916596824 0.10000228398085956 0.10001342903696074 0.053282805089212598 0.10004599773850256 -0.10000096306482487 -0.10001275886949056 0.10003355749285531 -0.019244231394938083 0.10000092595391363 0.073087969975100725 0.10000078733484541 0.10006306571552998 0.10000097710935407 0.10002969179065435 -0.10013258103172028 0.10000087770822215 0.099983469429463276 0.10000069808176706
leaf_weight=0.0023128019693103843 0.00205366700538434 0.0015735982933620099 0.0034295897739866632 0.18261805875226855 0.092074699648946989 0.001944078865562914 0.0019219185342080882 0.0030517628856614474 0.0011685605086313436 0.0016375398854506784 0.001474549851991469 0.010911849774856819 0.0027057295483245989 0.002295978473739523 0.0010677288064471213 0.0029019517473898304 0.0010171866088057868 0.0022103677392806267 0.0013410438850769424 0.0010319146149413427 0.0050247662193214637 0.0010049598636214813 0.0039822852413635701 0.0019132773841192829 0.0015797559417478624 0.0022757039887437713 0.0027996358694508672 0.028172000137601572 0.001264922898826625 0.23891060388996266
leaf_count=122 254 139 10 22497 11316 13 179 38 133 4 144 1300 246 285 65 7 109 151 4 21 572 123 497 29 175 17 3 3413 157 29587
internal_value=2.13762e-05 0.0451829 -0.0456062 -0.0851775 -0.0911663 0.0793997 0.0222459 -0.00535487 0.0434111 0.0116147 -0.0363014 -0.0948807 -0.0602614 0.0985431 0.0524396 0.0800311 -0.0985679 -0.0412895 0.0137517 0.0509077 0.0918134 0.0965891 0.10002 0.100031 0.100022 0.100045 -0.100118 0.100002 0.100001 0.100001
internal_weight=0.607672 0.397153 0.147015 0.21052 0.107746 0.0392694 0.0233329 0.017222 0.0113706 0.00915335 0.00593605 0.105692 0.0136176 0.250138 0.00766609 0.00905776 0.187187 0.0045686 0.00235823 0.00250646 0.0060925 0.0078892 0.00688424 0.0061109 0.0032173 0.00418898 0.0058514 0.0301161 0.242472 0.241207
internal_count=71610 47701 16896 23909 13116 3780 1148 923 882 354 175 12862 1546 30805 776 760 22761 264 113 165 637 627 504 225 179 46 41 3426 30029 29872
is_linear=0
shrinkage=0.1


Tree=111
num_leaves=31
num_cat=0
split_feature=6 2 9 6 0 9 3 5 0 4 6 5 2 5 8 2 5 6 2 5 1 10 0 1 0 1 6 11 6 10
split_gain=0.211424 0.174032 0.0757237 0.0274984 0.00692285 0.00501922 0.00454217 0.00349654 0.00313886 0.00444162 0.00297564 0.0028644 0.00169515 0.00784742 0.00162345 0.00157372 0.00418692 0.00139028 0.00133605 0.000832821 0.000283293 0.00111369 1.02778e-05 7.3562e-06 2.04644e-10 9.9963e-11 4.0827e-11 1.54754e-11 2.69556e-11 4.90372e-11
threshold=-1.0000000180025095e-35 -0.2493404664302051 -0.13846733374056872 -1.3667817907455606 -1.628669355079096 -0.13778286579157933 -0.13575096189826916 0.35300850440299691 0.41222815622387959 -0.1404526263748431 0.86116403261871755 0.69118623558201919 -0.25573480483701444 0.29237903068564236 -0.11406198408231878 -0.24687188557739606 0.19671919437603844 -0.66839709116297985 -0.26447445642054973 0.29237903068564236 -1.0407371973407937 -0.11186807190298989 0.69162976240605845 0.32760093461924639 0.54208088629655637 0.98075232520147471 0.85135922873184977 -0.089908051284718349 0.15695602285176749 -0.11167764664429723
decision_type=2 2 2 2 2 2 2 2 2 2 2 2 2 2 2 2 2 2 2 2 2 2 2 2 2 2 2 2 2 2
left_child=3 2 4 6 -2 7 11 10 9 -8 -4 20 -6 -14 -13 16 -3 -5 22 -12 21 -1 -19 24 -10 -9 -7 28 -17 -30
right_child=1 15 5 17 12 26 8 25 23 -11 19 14 13 -15 -16 27 -18 18 -20 -21 -22 -23 -24 -25 -26 -27 -28 -29 29 -31
leaf_value=-0.10000484774429433 0.1000008676789322 -0.072230308949681507 -0.10003322878256891 -0.10000074126455974 -0.10000076988073295 0.10001649178021702 -0.10010139046462535 0.10000088816476625 0.10004956374250254 0.10002675350576876 -0.020086581830418032 -0.056226426254480558 -0.10000082840980649 0.10000206457954189 0.10003232045248339 0.1000120661585346 0.10000088582652206 0.0072062427965483072 -0.1000081013444783 0.10000125003421248 -0.094054191106663756 0.031026845082250926 0.021110334416339874 0.092159207947575039 0.10000073030835054 0.10003795493671407 0.10000074033549783 0.099989071166496551 0.10000072528668452 0.09997890977639283
leaf_weight=0.0016988448387564858 0.0018582358607091001 0.001958944128091388 0.0031033243940328248 0.16523976379539818 0.083312697286601178 0.0017590894262866632 0.0023641788857275969 0.0014294234611043066 0.0010167496729991399 0.0020887845771540023 0.0010051531762655941 0.001004550450034003 0.0098734558523574378 0.0024482503831677613 0.0019664409946926753 0.0020775153270733418 0.0050504294313213904 0.0011293725310679292 0.0020000735312351017 0.0013573654214269482 0.0031057062537911406 0.0010492909004824469 0.0010044804093922721 0.0014617806759815721 0.0055015517300489591 0.0014817635528743267 0.02549110442851088 0.0011445148759321446 0.21514007469204444 0.0010353338188906483
leaf_count=116 254 154 10 22497 11316 13 35 175 31 22 31 128 1300 246 8 285 622 64 151 134 8 10 49 46 744 4 3413 157 29445 142
internal_value=2.11751e-05 0.0451615 -0.045573 -0.0851124 -0.0911662 0.079191 0.0220935 0.0114944 0.0610372 -0.0062258 -0.0356555 -0.032773 -0.0948807 -0.0602614 0.0471982 0.0985105 0.0518666 -0.0985677 -0.0412876 0.0489089 -0.0733606 -0.0499744 0.0137514 0.0985706 0.100008 0.10002 0.100002 0.100001 0.100001 0.100001
internal_weight=0.550158 0.359527 0.13312 0.190632 0.0974926 0.0356272 0.0212579 0.00837703 0.012433 0.00445296 0.00546584 0.00882483 0.0956344 0.0123217 0.00297099 0.226407 0.00700937 0.169374 0.00413393 0.00236252 0.00585384 0.00274814 0.00213385 0.00798008 0.0065183 0.00291119 0.0272502 0.219397 0.218253 0.216175
internal_count=71610 47701 16896 23909 13116 3780 1148 354 878 57 175 270 12862 1546 136 30805 776 22761 264 165 134 126 113 821 775 179 3426 30029 29872 29587
is_linear=0
shrinkage=0.1


Tree=112
num_leaves=31
num_cat=0
split_feature=6 2 9 6 0 9 7 1 0 5 6 2 5 2 5 10 6 9 2 5 9 0 0 9 6 4 5 6 3 8
split_gain=0.190975 0.157404 0.0684815 0.0249783 0.00626404 0.00459658 0.00414804 0.00648813 0.00495099 0.00315261 0.00268433 0.00153383 0.00710063 0.00148376 0.00381386 0.0014685 0.00141654 0.00132636 0.000771445 0.000181184 2.96515e-05 1.48434e-06 1.99937e-10 1.38776e-10 7.41087e-11 6.87883e-11 6.44915e-11 2.23707e-11 1.7029e-11 1.86444e-11
threshold=1.0000000180025095e-35 -0.2493404664302051 -0.13846733374056872 -1.3667817907455606 -1.628669355079096 -0.13778286579157933 1.0000000180025095e-35 -1.0407371973407937 0.41222815622387959 0.35300850440299691 0.86116403261871755 -0.25573480483701444 0.29237903068564236 -0.24687188557739606 0.18324597799440409 -0.1124987279213162 -0.66839709116297985 -0.13726673027680064 -0.25205053533303584 0.22501294877747061 -0.13888240588556736 0.54913090243334295 0.4501927802334818 7.6961223926276086 0.87252744854860176 1.6669591648251514 -0.091607636190936634 0.83410194845743291 -0.14905512853302313 -0.11402662242928908
decision_type=2 2 2 2 2 2 2 2 2 2 2 2 2 2 2 2 2 2 2 2 2 2 2 2 2 2 2 2 2 2
left_child=3 2 4 6 -2 9 7 8 -1 10 -4 28 -13 14 -3 -10 -5 -18 -12 -16 -17 -19 -22 -8 -11 -9 -25 -7 29 -6
right_child=1 13 5 16 11 27 23 25 15 24 18 12 -14 -15 19 20 17 21 -20 -21 22 -23 -24 26 -26 -27 -28 -29 -30 -31
leaf_value=-0.10000459607880847 0.10000065775146615 -0.10000117405460916 -0.10003007991235408 -0.10000065941198133 -0.10000066303021515 0.1000129558412942 0.10000121664095624 -0.10008527462506296 -0.024391895153071774 0.10003435035547198 0.10000092654354409 -0.10000082690522981 0.10000187443693911 0.10000064487096644 0.053399365299189594 0.081352871573400071 -0.10000281958656021 0.0189132065232505 -0.018270535243455854 0.1000007814108117 0.10003918515760153 0.013543387478370701 0.10000066160661979 0.10005181214727379 0.10000079895641012 -0.10010919097054545 0.10002431606496086 0.10000069858216445 -0.099987748508938767 -0.10001406754753089
leaf_weight=0.001952451360921259 0.0016814032569527617 0.0013246707844700714 0.002808088188430701 0.14951523288618773 0.073326897579590877 0.001591747536622278 0.0015955614362610495 0.0025126662731054248 0.0011755877249015612 0.0013408010736384313 0.001229207895903528 0.0089338672660232987 0.0022152726633066786 0.19851909528370015 0.001050306782417465 0.0010083351062348811 0.0018790109111250786 0.001010739564890172 0.0010002943154177046 0.0040566462753304222 0.0024196384260903869 0.0010490511781426903 0.0030396832867154444 0.0015732816323179577 0.0012933969451296434 0.0023065893328748643 0.0018632846981745388 0.023065314474479237 0.001005073489068308 0.0010525341117499911
leaf_count=122 254 139 10 22497 11024 13 179 38 147 4 144 1300 246 30029 74 150 186 19 21 563 7 59 456 29 175 3 17 3413 152 140
internal_value=2.19479e-05 0.0451376 -0.0455374 -0.0849105 -0.0911661 0.0789686 0.0218583 -0.00542913 0.0421159 0.0113689 -0.0349864 -0.0948806 -0.0602614 0.0984691 0.0511978 0.0784202 -0.0984412 -0.039246 0.0469369 0.0904166 0.0971078 0.0161784 0.100018 0.100026 0.100018 -0.100097 0.100037 0.100001 -0.100001 -0.100001
internal_weight=0.498396 0.325495 0.120544 0.172901 0.088215 0.0323289 0.0194471 0.014415 0.0095957 0.00767179 0.00503759 0.0865336 0.0111491 0.204951 0.00643162 0.00764324 0.153454 0.0039388 0.0022295 0.00510695 0.00646766 0.00205979 0.00545932 0.00503213 0.0026342 0.00481926 0.00343657 0.0246571 0.0753845 0.0743794
internal_count=71610 47701 16896 23909 13116 3780 1148 923 882 354 175 12862 1546 30805 776 760 22761 264 165 637 613 78 463 225 179 41 46 3426 11316 11164
is_linear=0
shrinkage=0.1


Tree=113
num_leaves=31
num_cat=0
split_feature=6 2 9 6 0 7 3 5 0 11 6 5 6 2 5 2 5 3 11 5 1 10 2 1 0 1 6 11 10 11
split_gain=0.172533 0.142366 0.0619285 0.0226473 0.00566793 0.00421408 0.00379129 0.0028419 0.00256733 0.00363605 0.00242182 0.00226576 0.00143641 0.0014023 0.0037349 0.00138788 0.00642491 0.00130659 0.000867679 0.000641686 0.000235953 0.000804599 8.24012e-05 8.71536e-06 9.0344e-11 5.49003e-11 1.39275e-11 1.0277e-11 1.91533e-11 1.30321e-11
threshold=1.0000000180025095e-35 -0.2493404664302051 -0.13846733374056872 -1.3667817907455606 -0.53765899171348541 -0.13147795573554272 -0.13575096189826916 0.35300850440299691 0.41222815622387959 0.26123816176764719 0.86116403261871755 0.69118623558201919 -0.66839709116297985 -0.24732377247602697 0.20076115929052876 -0.25573480483701444 0.29237903068564236 -0.13426585142506708 -0.089783722894533305 0.29911563887645953 -1.0407371973407937 -0.11187249544285253 -0.24687188557739606 0.32760093461924639 0.69335885414311471 0.98075232520147471 0.85135922873184977 -0.089909728926467078 -0.11173161792682165 -0.089915471004544181
decision_type=2 2 2 2 2 2 2 2 2 2 2 2 2 2 2 2 2 2 2 2 2 2 2 2 2 2 2 2 2 2
left_child=3 2 4 6 -2 7 11 10 9 -8 -4 20 -5 14 -3 -6 -17 -14 -13 -12 21 -1 -15 24 -10 -9 -7 28 29 -24
right_child=1 13 5 12 15 26 8 25 23 -11 19 18 17 22 -16 16 -18 -19 -20 -21 -22 -23 27 -25 -26 -27 -28 -29 -30 -31
leaf_value=-0.10000388527626305 0.10000053467434587 -0.10000008350204677 -0.10002721510869171 -0.10000060799052109 -0.10000062058084831 0.10001082693903809 -0.10008315959934802 0.10000071648115037 0.10003391324023435 0.10002171426270656 -0.010309214744183785 -0.017273769795516977 -0.10000074190931568 0.07426239886467205 0.1000007105086127 -0.10000065538524212 0.10000169306446632 0.018202003135756113 0.10002664829729276 0.1000011131433451 -0.092830238820120994 0.017607158579452324 0.10000059043987414 0.090635641670606337 0.10000064100442785 0.10003107460853196 0.1000006597161079 0.099992086561725063 0.10001235743095083 0.099992425169969201
leaf_weight=0.0013439666777230741 0.0015213970291370052 0.0012955885399605896 0.0025409322361156219 0.13528705248609185 0.068210763507522643 0.0014402975857592528 0.001935984618285147 0.0011703148643391614 0.0010020783606705663 0.0017102347919717431 0.0010530778631618887 0.0011976686769230582 0.0017628209452595911 0.0012525579732027827 0.0033429444006287667 0.0080837080568016972 0.0020044649791088895 0.0019917678342835634 0.0013318890696609742 0.0010562832321738824 0.002574600570369511 0.0010255413203594799 0.17484578782023164 0.0012159360903751804 0.0043968300906271907 0.0012132446281611919 0.0208703739417615 0.0014325213696793062 0.0013726509946536672 0.0019767755725297311
leaf_count=114 254 144 10 22497 11316 13 35 175 57 22 42 131 250 123 509 1300 246 14 5 123 8 12 29234 46 718 4 3413 240 230 325
internal_value=2.13312e-05 0.0451122 -0.0454982 -0.0847334 -0.091166 0.0787234 0.0216877 0.0112321 0.0611473 -0.00622531 -0.0342751 -0.0324887 -0.0983074 0.09843 0.0441385 -0.0948805 -0.0602613 -0.0372955 0.0444885 0.0449298 -0.0718726 -0.0491009 0.0998223 0.0982842 0.100007 0.100016 0.100001 0.100001 0.100001 0.1
internal_weight=0.45146 0.294684 0.109165 0.156776 0.0798203 0.0293445 0.0177347 0.00703385 0.0102611 0.00364622 0.00465029 0.00747367 0.139042 0.185519 0.00463853 0.0782989 0.0100882 0.00375459 0.00252956 0.00210936 0.00494411 0.00236951 0.18088 0.00661484 0.00539891 0.00238356 0.0223107 0.179628 0.178195 0.176823
internal_count=71610 47701 16896 23909 13116 3780 1148 354 878 57 175 270 22761 30805 653 12862 1546 264 136 165 134 126 30152 821 775 179 3426 30029 29789 29559
is_linear=0
shrinkage=0.1


Tree=114
num_leaves=31
num_cat=0
split_feature=6 2 9 6 0 7 7 1 0 5 6 6 0 2 5 2 2 5 0 9 4 1 2 6 3 11 3 6 3 11
split_gain=0.155765 0.128774 0.0559957 0.020623 0.00512856 0.00387239 0.00344386 0.00528023 0.00412979 0.0025608 0.00218444 0.00145045 0.00141634 0.0013027 0.00317372 0.0012565 0.0012558 0.00581349 1.39804e-10 7.70193e-11 4.176e-11 4.06727e-11 3.77153e-11 1.0789e-11 1.62191e-12 2.60514e-12 2.60972e-12 2.21308e-12 1.85128e-12 2.36876e-12
threshold=-1.0000000180025095e-35 -0.2493404664302051 -0.13846733374056872 -1.3667817907455606 -1.628669355079096 -0.13147795573554272 -1.0000000180025095e-35 -1.0407371973407937 0.41222815622387959 0.35300850440299691 0.86116403261871755 -0.66839709116297985 1.6189079126172616 -0.24687188557739606 0.19671919437603844 -0.26447445642054973 -0.25573480483701444 0.29237903068564236 0.4501927802334818 7.6961223926276086 1.6669591648251514 0.98075232520147471 -0.24589762738454499 0.85135922873184977 -0.14979704737797286 -0.089783722894533305 -0.1549025877209258 0.84458377785572714 -0.15830446344992941 -0.089906309481296881
decision_type=2 2 2 2 2 2 2 2 2 2 2 2 2 2 2 2 2 2 2 2 2 2 2 2 2 2 2 2 2 2
left_child=3 2 4 6 -2 9 7 8 -1 10 -4 -5 18 14 -3 -13 24 -18 -10 -8 -9 -11 -21 -7 25 26 27 -6 29 -29
right_child=1 13 5 11 16 23 19 20 12 21 -12 15 -14 -15 -16 -17 17 -19 -20 22 -22 -23 -24 -25 -26 -27 -28 28 -30 -31
leaf_value=-0.10000395927803746 0.10000054545146309 -0.067898005288581989 -0.10002462483083613 -0.10000055548245675 -0.10000456017041917 0.1000099846889293 0.10000111582086113 -0.10006952256567624 0.1000341413283348 0.10000064762959965 0.042736791175467095 0.018905295373535667 -0.015462569354001955 0.10000056023226092 0.10000067614767305 -0.100010499184853 -0.10000066781147038 0.10000153093682961 0.1000005703851778 0.10001977230272746 -0.1000900442431459 0.10002811710928659 0.10004299777901562 0.10000057723373833 -0.099996589921293899 -0.10000568300929749 -0.099995561618595671 -0.10000051844649423 -0.09999627187773015 -0.10000527597850672
leaf_weight=0.0016677224602972274 0.0013766187767032525 0.0016032598532547118 0.0022991870027908581 0.12241284770425409 0.001397727411131199 0.001303223076320136 0.0013281079595799375 0.0020709327513941398 0.002057072299066931 0.0010589453913780744 0.0020077827912245994 0.0019445873967924854 0.0013359671211219393 0.16253389881569547 0.003780707617806911 0.0016361780526494831 0.0073144424532074481 0.0018137176994059701 0.0031249543044395978 0.0015392612508549064 0.0019025845685973763 0.001097819913411513 0.0012810883968086273 0.018884304528910434 0.0010123562860826487 0.001001802836526621 0.0010343435169488649 0.05520483321970459 0.0010018507232416657 0.0010667730034583647
leaf_count=122 254 154 10 22497 238 13 179 38 7 175 165 113 201 30029 622 151 1300 246 552 19 3 4 27 3413 187 185 191 10133 185 197
internal_value=2.07186e-05 0.0450858 -0.045452 -0.0844695 -0.091166 0.0784321 0.021346 -0.00549613 0.0404165 0.0110677 -0.0334734 -0.0981655 0.0763451 0.0983975 0.0500031 -0.0354315 -0.0948805 -0.0602613 0.100014 0.100021 -0.100079 0.100015 0.10003 0.100001 -0.100001 -0.100001 -0.100001 -0.100001 -0.100001 -0.100001
internal_weight=0.409095 0.266794 0.0988757 0.142301 0.0722245 0.0266513 0.0163077 0.0121592 0.00818572 0.00646374 0.00430697 0.125994 0.00651799 0.167918 0.00538397 0.00358077 0.0708478 0.00912816 0.00518203 0.00414846 0.00397352 0.00215677 0.00282035 0.0201875 0.0617197 0.0607073 0.0597055 0.0586712 0.0572735 0.0562716
internal_count=71610 47701 16896 23909 13116 3780 1148 923 882 354 175 22761 760 30805 776 264 12862 1546 559 225 41 179 46 3426 11316 11129 10944 10753 10515 10330
is_linear=0
shrinkage=0.1


Tree=115
num_leaves=31
num_cat=0
split_feature=6 2 9 6 0 3 9 0 8 5 5 6 2 5 6 2 5 3 11 8 5 7 1 0 0 6 3 11 3 11
split_gain=0.140679 0.116465 0.0506659 0.0187013 0.00598473 0.00317445 0.00240619 0.00209972 0.00297665 0.00175944 0.00165831 0.00174341 0.00150219 0.00605837 0.00146061 0.00123534 0.002929 0.0012248 0.000769364 0.000214498 0.000140299 1.26431e-05 1.02575e-05 2.83244e-06 3.85376e-11 8.58622e-12 5.82149e-12 5.59736e-12 6.20721e-12 5.64216e-12
threshold=1.0000000180025095e-35 -0.2493404664302051 -0.13813198625806219 -1.3667817907455606 -0.53765899171348541 -0.13575096189826916 -0.13778286579157933 0.41222815622387959 2.0874645925415063 0.69118623558201919 0.34761921785034317 0.86116403261871755 -0.25573480483701444 0.28564242249482519 -0.66839709116297985 -0.24687188557739606 0.18324597799440409 -0.13426585142506708 -0.089783722894533305 -0.10786082331315812 0.24387545171175867 -0.13203307173371551 0.32760093461924639 0.26343207213662923 0.88036830407277977 0.85135922873184977 -0.1502508324347907 -0.089812188421562522 -0.15620110270203041 -0.089904011402657108
decision_type=2 2 2 2 2 2 2 2 2 2 2 2 2 2 2 2 2 2 2 2 2 2 2 2 2 2 2 2 2 2
left_child=3 2 4 5 -2 9 10 8 -7 19 11 -4 21 23 -5 16 -3 -16 -11 -1 -18 26 24 -14 -9 -8 27 28 29 -6
right_child=1 15 6 14 12 7 25 22 -10 18 -12 -13 13 -15 17 -17 20 -19 -20 -21 -22 -23 -24 -25 -26 -27 -28 -29 -30 -31
leaf_value=-0.10000343257424012 0.10000064501728301 -0.099999424587378816 -0.10002064083843186 -0.10000048935645828 -0.1000004986391556 -0.10006797545659657 0.10000932061791763 0.10002279101569643 0.10001778101895785 -0.018132978591260191 0.10001653563787988 0.05923881710985749 -0.10000110070632107 0.10000132182009661 -0.10000065817156806 0.10000045407589622 0.056708587428514673 0.02035382798387441 0.10002185036072855 -0.052965839494311884 0.10000057917921264 -0.088965290229754815 0.088869620129445923 -0.094253284224492653 0.10000052415075321 0.10000049810464694 -0.10000801925652542 -0.099993219661158497 -0.10000826526677215 -0.099993188378515507
leaf_weight=0.0015217974482766294 0.0016339443736796957 0.0010393208613095331 0.0015428065153173512 0.11076378542929888 0.051209869320700811 0.0015852917999836791 0.0011792348955168555 0.001000601106625254 0.0014002755924593657 0.0011141482223138155 0.0015494722219955293 0.0012396898259794398 0.0059939792881777976 0.0019536154832167085 0.0015333702408497629 0.14706685051714885 0.0010082827493533841 0.0018850250951345507 0.0010904973578362842 0.0026711144359978798 0.0029063416941426112 0.0010580603307062111 0.0010143343943127547 0.001000441805445007 0.003482241189431079 0.017087239139073063 0.0010090599621435095 0.0010780327193060648 0.0010093469672938287 0.0010780220891319905
leaf_count=124 312 139 8 22497 10389 35 13 95 22 131 102 124 1115 294 250 30029 97 14 5 10 540 84 46 190 680 3413 206 220 206 220
internal_value=2.03426e-05 0.045041 -0.0453765 -0.0842718 -0.0890352 0.021174 0.0841104 0.0612853 -0.00622477 -0.032011 0.017105 -0.0290655 -0.0937588 -0.0556921 -0.0980136 0.098346 0.04923 -0.0336329 0.0403107 -0.0700379 0.0888499 -0.0997936 0.0979507 -0.099179 0.100005 0.100001 -0.1 -0.1 -0.1 -0.1
internal_weight=0.370706 0.241644 0.0896228 0.129062 0.0670244 0.0148803 0.0225984 0.00848274 0.00298557 0.00639756 0.00433197 0.0027825 0.0653904 0.00894804 0.114182 0.152021 0.00495395 0.0034184 0.00220465 0.00419291 0.00391462 0.0564424 0.00549718 0.00699442 0.00448284 0.0182665 0.0553843 0.0543753 0.0532972 0.0522879
internal_count=71610 47701 16896 23909 13236 1148 3660 878 57 270 234 132 12924 1599 22761 30805 776 264 136 134 637 11325 821 1305 775 3426 11241 11035 10815 10609
is_linear=0
shrinkage=0.1


Tree=116
num_leaves=31
num_cat=0
split_feature=6 2 9 6 0 7 1 0 9 5 6 6 2 5 0 2 2 5 10 7 4 9 4 2 6 2 8 2 7 2
split_gain=0.12691 0.105331 0.0457803 0.0170923 0.00541233 0.00286076 0.00443947 0.00337676 0.00223213 0.00149847 0.00155474 0.00146596 0.0013631 0.00547424 0.00130244 0.00117453 0.00116706 0.00262691 1.5363e-05 3.32715e-06 1.02348e-10 4.31051e-11 3.57183e-11 2.1275e-11 7.39756e-12 5.09315e-13 9.30367e-13 9.68586e-13 1.05702e-12 7.59948e-13
threshold=-1.0000000180025095e-35 -0.2493404664302051 -0.13813198625806219 -1.3667817907455606 -1.060368251536681 1.0000000180025095e-35 -1.0407371973407937 0.41222815622387959 -0.13778286579157933 0.34761921785034317 0.86116403261871755 -0.66839709116297985 -0.25573480483701444 0.28564242249482519 1.6189079126172616 -0.26447445642054973 -0.24687188557739606 0.19671919437603844 -0.11230547867755855 -0.1322604583722273 1.9382630952443718 7.6961223926276086 1.6669591648251514 -0.24589762738454499 0.83410194845743291 -0.12958610815601118 -0.11329775799360438 -0.13082461182343078 -0.13072981975747025 -0.13200427484108518
decision_type=2 2 2 2 2 2 2 2 2 2 2 2 2 2 2 2 2 2 2 2 2 2 2 2 2 2 2 2 2 2
left_child=3 2 4 5 -2 6 7 -1 9 10 -4 -5 18 19 20 -13 17 -3 -6 -14 -9 -7 -8 -23 -10 26 27 28 29 -18
right_child=1 16 8 11 12 21 22 14 24 -11 -12 15 13 -15 -16 -17 25 -19 -20 -21 -22 23 -24 -25 -26 -27 -28 -29 -30 -31
leaf_value=-0.1000031949943424 0.100000704611082 -0.063642999771913095 -0.10001867489643478 -0.1000004455743505 -0.10000044294937022 0.10000094528909896 -0.10005661906082904 0.10000045369207132 0.10000903654000214 0.10001496288707803 0.055259229828413747 0.020914900603423669 -0.10000045222492647 0.1000011928551533 -0.016168672804503639 -0.10000444573387246 0.10000046784107593 0.10000054781560906 -0.087716719177841074 -0.093735346330358515 0.1000315627595344 0.10001617670841279 -0.10007726731000655 0.10003542243758452 0.10000042757687191 0.099998388602158941 0.10000335633419354 0.099997471261814519 0.10000368612333613 0.099998115579075286
leaf_weight=0.0013842989019394744 0.0014784540835535145 0.001431656773092981 0.0013960151395622225 0.10022326756734401 0.050052975881953898 0.0011052993359044203 0.0017203581628564271 0.0025831943003140623 0.0010670122555893604 0.0014020413627804373 0.0011983266704191919 0.001838680187574937 0.0053315733239287511 0.0017677065698080696 0.0012380109847072163 0.0014265048612287492 0.12728804348262202 0.0031159846539594582 0.0010393004022262167 0.0010078898267238401 0.0017906632765516406 0.0012602831561707717 0.0016329900245182216 0.0010553726019679743 0.015461182475064561 0.0011894450802856218 0.0011052945342271405 0.0010878021462303869 0.0010125006729140287 0.0013884795580452183
leaf_count=122 312 154 8 22497 11227 179 38 552 13 102 124 113 1169 294 201 151 28721 622 98 136 7 19 3 27 3413 269 250 246 229 314
internal_value=2.04409e-05 0.045004 -0.0453169 -0.0839252 -0.0889863 0.0207392 -0.00546559 0.0398779 0.083785 0.0167192 -0.0282958 -0.0978522 -0.093706 -0.0556127 0.0743828 -0.0319127 0.0982981 0.0484834 -0.0997506 -0.0990044 0.100013 0.100017 -0.100067 0.100025 0.100001 0.1 0.1 0.1 0.1 0.1
internal_weight=0.336081 0.218822 0.0812025 0.117259 0.0606779 0.0137705 0.0103495 0.00699617 0.0205246 0.00399638 0.00259434 0.103488 0.0591994 0.00810717 0.00561187 0.00326519 0.137619 0.00454764 0.0510923 0.00633946 0.00437386 0.00342096 0.00335335 0.00231566 0.0165282 0.133072 0.131882 0.130777 0.129689 0.128677
internal_count=71610 47701 16896 23909 13236 1148 923 882 3660 234 132 22761 12924 1599 760 264 30805 776 11325 1305 559 225 41 46 3426 30029 29760 29510 29264 29035
is_linear=0
shrinkage=0.1


Tree=117
num_leaves=31
num_cat=0
split_feature=6 2 9 6 0 7 3 5 6 0 4 6 5 9 2 5 2 5 7 0 6 3 7 3 8 2 11 2 11 2
split_gain=0.114598 0.0952495 0.0413929 0.0155018 0.00379941 0.0030415 0.00265608 0.001894 0.00172398 0.00171648 0.00243688 0.00146777 0.00133574 0.00115081 0.00111295 0.00235905 0.000929054 0.00430805 0.000214282 8.67022e-06 7.2841e-12 4.18417e-12 4.41441e-12 4.4586e-12 4.156e-12 3.62151e-12 5.63337e-12 4.73399e-12 5.61311e-12 5.76744e-12
threshold=1.0000000180025095e-35 -0.2493404664302051 -0.13846733374056872 -1.3667817907455606 -1.4865460193438917 -0.13147795573554272 -0.13575096189826916 0.35300850440299691 0.87252744854860176 0.41222815622387959 -0.1404526263748431 -0.66839709116297985 0.69118623558201919 -0.13726673027680064 -0.24687188557739606 0.19671919437603844 -0.25573480483701444 0.29237903068564236 -0.12114845665587513 0.4501927802334818 0.85964523798389569 -0.15084821188581746 -0.13210202502008542 -0.15620110270203041 -0.11408821631177717 -0.12958610815601118 -0.089911291653199915 -0.13143745924640662 -0.089914601065557057 -0.13229600701521918
decision_type=2 2 2 2 2 2 2 2 2 2 2 2 2 2 2 2 2 2 2 2 2 2 2 2 2 2 2 2 2 2
left_child=3 2 4 6 -2 7 12 8 -4 10 -8 -5 18 -13 15 -3 21 -18 -1 -11 -7 22 23 24 -6 26 27 28 29 -16
right_child=1 14 5 11 16 20 9 -9 -10 19 -12 13 -14 -15 25 -17 17 -19 -20 -21 -22 -23 -24 -25 -26 -27 -28 -29 -30 -31
leaf_value=-0.10000278542912407 0.1000004444807373 -0.059701794383611589 -0.086662414368783178 -0.10000041079093876 -0.10000039680825529 0.10000920978552313 -0.10005567460177585 0.10001071672384226 0.057629783347065713 0.089791711968971483 0.100014613098221 -0.10000226725976831 0.036079533710721361 0.022596303736896466 0.10000046889017644 0.10000048430166063 -0.10000040782059386 0.10000113378816965 -0.049041365980472089 0.10000047255593114 0.10000042177136984 -0.099994120913035348 -0.10000656170385494 -0.099993929830681491 -0.10000660516526926 0.099994639408560834 0.10000708508682941 0.099994843556249227 0.10000716902422301 0.099993601947836019
leaf_weight=0.0012707127962130471 0.0010198238560406017 0.0013765167532255864 0.0021399525944616462 0.090685795061290264 0.041360519529462174 0.0010116068069692128 0.0012980885569504608 0.0016197222034861625 0.0013506455825336161 0.001092875303584151 0.0011464843294106686 0.0013459540523399482 0.0019299554624012671 0.0017758552505711114 0.11407055948802736 0.0028194612605147995 0.0054270316168185664 0.001343640343293373 0.0023527852022198203 0.0034841551023419015 0.013943728547928913 0.0010308434084436149 0.0011947462967327729 0.0010395069825790476 0.001107118565869313 0.0010762835090645231 0.0012721730035991632 0.0015164113538048687 0.0012364468143459808 0.0012363440687295215
leaf_count=124 254 154 29 22497 10254 24 35 179 146 30 22 186 136 78 28449 622 1300 246 10 791 3402 257 275 259 271 269 318 379 305 309
internal_value=2.07812e-05 0.0449608 -0.0452477 -0.0837033 -0.0911688 0.0772425 0.020557 0.0106399 -0.0308303 0.0614293 -0.00622438 -0.0976796 -0.0311206 -0.0302615 0.0982362 0.0476092 -0.0948821 -0.0603101 -0.0669129 0.0975629 0.100001 -0.1 -0.100001 -0.1 -0.100001 0.1 0.1 0.1 0.1 0.1
internal_weight=0.304576 0.198193 0.0735889 0.106383 0.0535232 0.0200657 0.0125751 0.00511032 0.0034906 0.0070216 0.00244457 0.0938076 0.00555345 0.00312181 0.124604 0.00419598 0.0525034 0.00677067 0.0036235 0.00457703 0.0149553 0.0457327 0.0447019 0.0435071 0.0424676 0.120408 0.119332 0.11806 0.116543 0.115307
internal_count=71610 47701 16896 23909 13116 3780 1148 354 175 878 57 22761 270 264 30805 776 12862 1546 134 821 3426 11316 11059 10784 10525 30029 29760 29442 29063 28758
is_linear=0
shrinkage=0.1


Tree=118
num_leaves=31
num_cat=0
split_feature=6 2 9 6 0 0 9 6 2 5 5 6 3 6 5 2 5 10 3 4 6 11 6 11 6 11 6 10 6 9
split_gain=0.103297 0.0861645 0.0370473 0.0142302 0.00519492 0.00227758 0.00188015 0.00141004 0.00138825 0.00513218 0.00119161 0.00133275 0.00111505 0.000712035 0.000660254 0.00065166 0.00133737 1.5036e-05 3.68521e-06 2.79176e-12 9.85115e-13 2.97758e-12 2.95255e-12 3.05929e-12 2.7853e-12 2.58998e-12 2.64261e-12 1.96906e-12 2.85234e-12 2.5189e-12
threshold=-1.0000000180025095e-35 -0.2488153786842853 -0.13813198625806219 -5.5042769661380531 -0.53765899171348541 0.4501927802334818 -0.13778286579157933 -0.66839709116297985 -0.25573480483701444 0.27890581430400802 0.34761921785034317 0.86116403261871755 -0.13426585142506708 -1.3667817907455606 0.15091025867848165 -0.24687188557739606 0.19671919437603844 -0.11232300828693591 0.34969702574877987 1.2473234749980537 0.15695602285176749 -0.089911291653199915 0.16150171762293161 -0.089914601065557057 0.16453218080370771 -0.089916293745977136 0.16680502818922519 -0.11181805019811078 0.16832025977965628 -0.13699729131814228
decision_type=2 2 2 2 2 2 2 2 2 2 2 2 2 2 2 2 2 2 2 2 2 2 2 2 2 2 2 2 2 2
left_child=3 2 4 5 -2 14 10 13 17 -10 11 -4 -9 -5 18 16 -3 -6 -1 -8 -17 22 -22 24 -24 26 -26 28 -28 -30
right_child=1 15 6 7 8 -7 19 12 9 -11 -12 -13 -14 -15 -16 20 -18 -19 -20 -21 21 -23 23 -25 25 -27 27 -29 29 -31
leaf_value=-0.039223017358898625 0.1000004194741754 -0.041367558294998052 -0.10001548843708533 -0.036328927814565162 -0.10000036039012215 0.10000039116138285 0.10000036170476193 -0.10000056354057062 -0.10000094420690592 0.095795093656030256 0.10001223308794245 0.053262206029593799 0.02368963783594721 -0.100000366529234 0.021360849977116778 0.099997326664157338 0.10000048554514268 -0.087778878208855105 -0.046893435688848087 0.10000579696288128 0.099995339925724958 0.10000549006742923 0.099995682558135207 0.10000563311410984 0.099995831267358393 0.10000484182459846 0.099995082927090764 0.10000409111811692 0.10000038228850934 0.10000541965678422
leaf_weight=0.0011797963609296858 0.001440103626009658 0.0010042771582448031 0.0011583589598558311 0.0017947693122550836 0.040824913855885825 0.0031734893461816682 0.012584278637859825 0.0012642839737964096 0.0055020799109115606 0.0017692061910565826 0.0011494397267597378 0.0011116778678115224 0.0017208336339535881 0.082055933075025678 0.0042454496142454445 0.0010317879210788297 0.002005619105148071 0.0010321172198928244 0.0013352524274523603 0.0010217407489108163 0.0011512585138007117 0.0011511137392972151 0.0012493107747104651 0.0011187865829924695 0.0012636384071811326 0.0013153353106645218 0.0010064500233965953 0.0014501697501145957 0.097209122879348783 0.0010029114459939722
leaf_count=20 374 119 8 285 11184 803 3391 250 1334 364 102 124 14 22497 18 285 477 141 22 54 318 318 345 305 349 361 278 400 26793 277
internal_value=2.10291e-05 0.0449066 -0.044248 -0.083263 -0.0872051 0.0301135 0.0833413 -0.0962332 -0.0926927 -0.052361 0.0170537 -0.0249526 -0.0286968 -0.0986375 -0.0026926 0.0987323 0.0528319 -0.099699 -0.0432953 0.100001 0.1 0.1 0.1 0.1 0.1 0.1 0.1 0.1 0.1 0.1
internal_weight=0.276324 0.179554 0.0675939 0.0967698 0.0505684 0.00993399 0.0170255 0.0868358 0.0491283 0.00727129 0.00341948 0.00227004 0.00298512 0.0838507 0.0067605 0.11196 0.0030099 0.041857 0.00251505 0.013606 0.10895 0.107918 0.106767 0.105616 0.104497 0.103248 0.101932 0.100669 0.0992185 0.098212
internal_count=71610 47701 17076 23909 13397 863 3679 23046 13023 1698 234 132 264 22782 60 30625 596 11325 42 3445 30029 29744 29426 29108 28803 28458 28097 27748 27348 27070
is_linear=0
shrinkage=0.1


Tree=119
num_leaves=31
num_cat=0
split_feature=2 6 4 6 6 3 4 0 1 9 4 2 7 1 0 2 0 2 5 2 6 6 1 4 6 1 7 1 2 5
split_gain=0.0932786 0.0716778 0.0191236 0.0133413 0.00681787 0.00560467 0.00363033 0.00515955 0.00349356 0.00285099 0.00242756 0.00218451 0.00204791 0.00282762 0.00157431 0.000850689 0.000647931 0.00129865 0.00196529 0.000519137 0.000265422 0.00023721 4.72539e-05 1.44995e-05 7.07304e-06 4.03344e-06 1.45483e-06 6.20001e-08 1.25781e-10 2.41576e-11
threshold=-0.24732377247602697 -0.75780136146848742 0.83136005455492656 0.87591669161514452 -5.5042769661380531 -0.13426585142506708 0.66219611224868558 -0.59048095075692253 0.98075232520147471 -0.13841347049729408 -0.21840919978428744 -0.24969261551170355 -0.13115034973467837 -1.0407371973407937 0.69932581330412658 -0.25950191584992183 0.14114346666898211 -0.25496875677996705 0.29911563887645953 -0.26458754646582083 -1.3667817907455606 -1.2681614498932443 0.0053160639603275885 0.64798121815059084 0.86494949770871299 -0.26270985416012832 -0.13223790543639838 0.61487312414166506 -0.26458754646582083 0.35300850440299691
decision_type=2 2 2 2 2 2 2 2 2 2 2 2 2 2 2 2 2 2 2 2 2 2 2 2 2 2 2 2 2 2
left_child=2 4 5 8 -2 6 23 -8 12 -5 14 16 15 -14 28 21 27 26 -19 25 -6 -4 -3 -1 29 -12 -18 -9 -7 -23
right_child=1 22 3 9 20 10 7 11 -10 -11 19 -13 13 -15 -16 -17 17 18 -20 -21 -22 24 -24 -25 -26 -27 -28 -29 -30 -31
leaf_value=-0.10000030778249397 0.10001499122701003 0.080770354684451678 -0.047939059533222812 -0.075709806886204517 -0.055164546498712642 -0.10005265473583708 0.10000044306493072 -0.10000168684726229 0.095589387476998439 0.10000038204799484 0.10001269996515386 0.053068594641540325 0.10002778710250629 -0.077325254919576772 0.04940251679147567 -0.01677874557705988 -0.10000035122620959 -0.096708367211991678 0.085666414555397752 0.014234228062280361 -0.10000031623437554 -0.10001652919430581 0.10000034011030168 -0.088211006922713178 -0.091290751765678427 0.091217141094716112 -0.095335926668736984 -0.099165179034070586 -0.1000059068580591 -0.10000031495446421
leaf_weight=0.070522131436746349 0.0018777131917886427 0.0012947006118793061 0.0010080203301185984 0.0010025933097495008 0.0013979439390823236 0.0010078667770585525 0.0020662823965267299 0.0067098560462000023 0.0015185416232270646 0.011694346609147033 0.0010790020439799264 0.0013318360531684456 0.0016337475130967505 0.0019988108610959907 0.0010073105486299028 0.0016556619859784414 0.0019908598646907194 0.0011077329552335868 0.0012663763222917623 0.0012478002279294733 0.023785791374393739 0.0010538368728703063 0.098179532748872589 0.0010588898189780585 0.0010510048264222869 0.0010088480726153648 0.0010068542753742804 0.0010208408189100737 0.0013418525483075427 0.0071755787073470856
leaf_count=21306 341 347 110 272 234 22 576 1873 26 3405 166 307 26 53 272 313 588 316 307 68 7202 10 29805 282 317 14 267 298 305 2182
internal_value=2.12936e-05 0.0604941 -0.0614074 0.00847671 -0.0838057 -0.0833754 -0.0900787 -0.0477944 -0.0491947 0.0861257 0.00484565 -0.0689513 -0.0633095 0.00243949 -0.0551884 -0.0833057 -0.0813543 -0.0546774 0.000572372 0.0652645 -0.0975115 -0.0940115 0.0997501 -0.0998259 -0.0990158 0.0957627 -0.0984337 -0.0998912 -0.100026 -0.100002
internal_weight=0.251102 0.126536 0.124566 0.0297921 0.0270614 0.0947743 0.0880817 0.0165006 0.0170952 0.0126969 0.00669268 0.0144344 0.0155767 0.00363256 0.00335703 0.0119441 0.0131025 0.00537182 0.00237411 0.00333565 0.0251837 0.0102884 0.0994742 0.071581 0.00928042 0.00208785 0.00299771 0.0077307 0.00234972 0.00822942
internal_count=71610 37929 33681 6714 7777 26967 26120 4532 3037 3677 847 3956 3011 79 599 2932 3649 1478 623 248 7436 2619 30152 21588 2509 180 855 2171 327 2192
is_linear=0
shrinkage=0.1


Tree=120
num_leaves=31
num_cat=0
split_feature=2 6 4 6 6 3 4 0 1 10 4 2 7 1 1 2 0 2 5 2 6 0 1 4 9 1 1 5 2 7
split_gain=0.0840725 0.0647901 0.0173376 0.0119606 0.00614544 0.00518794 0.00335984 0.00463554 0.00309941 0.00243499 0.00212163 0.00198808 0.00181555 0.00250988 0.00139031 0.000853064 0.000700078 0.00131737 0.00176832 0.000507318 0.000303971 0.000247291 5.91805e-05 1.26684e-05 8.46565e-06 7.33081e-08 3.20364e-08 7.73049e-11 1.86509e-11 5.54113e-12
threshold=-0.24732377247602697 1.0000000180025095e-35 0.83136005455492656 0.87591669161514452 -5.5042769661380531 -0.13426585142506708 0.66219611224868558 -0.59048095075692253 0.98075232520147471 -0.11225187382786399 -0.21840919978428744 -0.2493404664302051 -0.13115034973467837 -1.0407371973407937 -0.54082539892743098 -0.25950191584992183 0.14114346666898211 -0.25552778783808577 0.29237903068564236 -0.26458754646582083 -1.3667817907455606 0.73474405772030182 0.0053160639603275885 0.64189383609765194 -0.13760238624328747 0.59909632308849281 0.30010592221917548 0.88250590820122687 -0.26145977843309026 -0.13210202502008542
decision_type=2 2 2 2 2 2 2 2 2 2 2 2 2 2 2 2 2 2 2 2 2 2 2 2 2 2 2 2 2 2
left_child=2 4 5 8 -2 6 23 -8 12 -5 14 16 15 -14 -7 21 25 26 -19 -12 -6 24 -3 -1 28 29 -18 -16 -4 -9
right_child=1 22 3 9 20 10 7 11 -10 -11 19 -13 13 -15 27 -17 17 18 -20 -21 -22 -23 -24 -25 -26 -27 -28 -29 -30 -31
leaf_value=-0.10000027102678299 0.10001355285411112 0.07777436011119826 -0.10000051454109715 -0.063257958259627614 -0.051210619600887075 0.043085492344924037 0.10000039322321259 -0.100000305157613 0.094681837872574046 0.1000003252147601 0.094909564649679812 0.063326261317564664 0.10002514500355174 -0.074015961210130252 -0.10004360834018669 -0.015143735773711876 -0.10000035659773548 -0.090660231326675542 0.082157048846316333 0.012835945311337128 -0.10000012586432144 -0.04712230280736892 0.10000038665059754 -0.09049866488405045 -0.090363723892965542 -0.099091650539267717 -0.099282833954936686 -0.10000528289353319 -0.10001495272931103 -0.10000839073571358
leaf_weight=0.063356572702332414 0.0016990480653475961 0.0012143709277552253 0.0062744817378188617 0.0010003818979384968 0.0013575084740295998 0.0010010832399984793 0.001869650413709679 0.0050622255025700742 0.0013865613109373945 0.010529048486205284 0.0019053566657021292 0.0010566004220891037 0.0014783129838633613 0.0018853846147521844 0.0010095796271798463 0.0016512386725935366 0.0016421887826254533 0.0010950712046451372 0.001289065774926712 0.0012454127215733015 0.021522348291057369 0.0010412302272015958 0.088836489285768039 0.0014350073170135138 0.0010407843640223274 0.0010360878479787061 0.001001903212227262 0.0010994468093485921 0.0010434850801175344 0.0010180190338360262
leaf_count=21165 341 347 1905 282 234 272 576 1671 26 3395 180 272 26 53 43 313 533 331 336 68 7202 313 29805 423 361 335 304 284 40 174
internal_value=2.26455e-05 0.0604232 -0.0610038 0.00838949 -0.0834793 -0.0830255 -0.0898975 -0.0473691 -0.0481179 0.0858348 0.00463231 -0.0682407 -0.0618537 0.00247344 -0.0539596 -0.0814332 -0.0796873 -0.0511243 0.00277938 0.0624681 -0.0971053 -0.0930778 0.0997007 -0.0997898 -0.0988024 -0.0998692 -0.0997285 -0.100024 -0.100003 -0.100002
internal_weight=0.228084 0.11463 0.113454 0.0273309 0.0245789 0.0861233 0.0798624 0.0150708 0.0158015 0.0115294 0.00626088 0.0132012 0.0144149 0.0033637 0.00311011 0.0110512 0.0121446 0.00502823 0.00238414 0.00315077 0.0228799 0.00939998 0.0900509 0.0647916 0.00835875 0.00711633 0.00264409 0.00210903 0.00731797 0.00608024
internal_count=71610 37929 33681 6714 7777 26967 26120 4532 3037 3677 847 3956 3011 79 599 2932 3684 1504 667 248 7436 2619 30152 21588 2306 2180 837 327 1945 1845
is_linear=0
shrinkage=0.1


Tree=121
num_leaves=31
num_cat=0
split_feature=2 6 4 6 6 3 4 0 1 8 4 2 7 1 0 2 0 2 5 2 6 0 1 4 9 2 1 2 6 2
split_gain=0.0757365 0.0585558 0.0157327 0.0107015 0.00553663 0.00481622 0.00310421 0.00416639 0.00274313 0.00212435 0.00184813 0.00180498 0.0016073 0.00222403 0.00121026 0.000848936 0.000560118 0.00108478 0.00149916 0.00049149 0.000343788 0.000273551 7.3332e-05 1.64569e-05 1.03431e-05 8.98844e-08 3.66745e-08 1.00283e-11 3.78975e-12 2.50519e-12
threshold=-0.24732377247602697 1.0000000180025095e-35 0.83136005455492656 0.87591669161514452 -5.5042769661380531 -0.13426585142506708 0.66219611224868558 -0.59048095075692253 0.98075232520147471 -0.11390947213703211 -0.21840919978428744 -0.24969261551170355 -0.13115034973467837 -1.0407371973407937 0.68179042909281706 -0.25950191584992183 0.14114346666898211 -0.25552778783808577 0.30719956870544013 -0.26458754646582083 -1.3667817907455606 0.73474405772030182 0.0053160639603275885 0.64189383609765194 -0.13761021044305552 -0.25124977908764401 0.25112442928990214 -0.26184922991892001 -0.82301160079979063 -0.24647855410191979
decision_type=2 2 2 2 2 2 2 2 2 2 2 2 2 2 2 2 2 2 2 2 2 2 2 2 2 2 2 2 2 2
left_child=2 4 5 8 -2 6 23 -8 12 -5 14 16 15 -14 -7 21 25 26 -19 -12 -6 24 -3 -1 27 -9 -18 -4 -22 -24
right_child=1 22 3 9 20 10 7 11 -10 -11 19 -13 13 -15 -16 -17 17 18 -20 -21 28 -23 29 -25 -26 -27 -28 -29 -30 -31
leaf_value=-0.10000025218397467 0.10001229743793152 0.0745086099434248 -0.10000067842836767 -0.053181498274047723 -0.047334101638040846 -0.10002175405675401 0.10000036808954614 -0.10000028465056479 0.093605852046364194 0.10000031403610084 0.09387479688096631 0.046550573648809504 0.10002274111687806 -0.070474581438601275 0.035627382235507647 -0.013660565885845424 -0.10000027537630236 -0.088945482058044645 0.080268051775638075 0.011571561186741491 -0.10000026188224449 -0.043376008603764116 0.10000514969784458 -0.088720052417022605 -0.089133438512801907 -0.098967318829923615 -0.099206691761934238 -0.10001149804214292 -0.10000654339082748 0.10000020926401938
leaf_weight=0.05732741285873999 0.0015373810601886353 0.0011445562604421857 0.0055586582877822392 0.0010008316253333769 0.0013236737868282935 0.0018801939909280918 0.0016917301547891847 0.0053321873224376776 0.0012683293462032461 0.0094885735948082583 0.0017421130357888615 0.0012431081688646364 0.0013376634183259739 0.0017873515726023461 0.0010115959519225726 0.0016476512453209571 0.0013933405816715094 0.0010092367911056499 0.0010880226782319369 0.0012434604902864512 0.018460972395814675 0.0010192573790845927 0.0010398430144959994 0.0013231991397333323 0.0010101287784891619 0.0010004391633628984 0.0010005001629451726 0.0010127247205673484 0.0010131779675930401 0.079342826350966789
leaf_count=21165 341 347 1861 290 234 302 576 1941 26 3387 180 307 26 53 297 313 500 337 304 68 6833 313 220 423 380 230 337 65 369 29585
internal_value=2.44662e-05 0.0603418 -0.0605522 0.00828781 -0.083112 -0.0826509 -0.0897174 -0.0469681 -0.0469446 0.0853847 0.00440835 -0.0675726 -0.0602744 0.00250684 -0.0525694 -0.079418 -0.0806797 -0.0536671 -0.00116037 0.0595964 -0.0966486 -0.0920152 0.0996424 -0.0997458 -0.0985542 -0.0998371 -0.0996686 -0.100002 -0.100001 0.1
internal_weight=0.20728 0.103862 0.103418 0.0251312 0.0223352 0.0782865 0.0724092 0.0137586 0.0146418 0.0104894 0.00587736 0.0120668 0.0133734 0.00312501 0.00289179 0.0102484 0.0108237 0.0044911 0.00209726 0.00298557 0.0207978 0.00860077 0.0815272 0.0586506 0.00758151 0.00633263 0.00239384 0.00657138 0.0194742 0.0803827
internal_count=71610 37929 33681 6714 7777 26967 26120 4532 3037 3677 847 3956 3011 79 599 2932 3649 1478 641 248 7436 2619 30152 21588 2306 2171 837 1926 7202 29805
is_linear=0
shrinkage=0.1


Tree=122
num_leaves=31
num_cat=0
split_feature=6 2 9 6 0 7 6 7 6 2 5 1 9 2 2 5 6 7 2 3 11 3 4 2 3 2 3 2 3 2
split_gain=0.0682492 0.0573093 0.0250117 0.0107115 0.00270895 0.00204328 0.00275872 0.00141879 0.00128707 0.00116425 0.00370216 0.00115762 0.00266396 0.000989975 0.000579978 0.000752315 0.000515351 1.50926e-05 2.47403e-12 1.06535e-12 1.19624e-12 9.27688e-13 6.10685e-13 5.79564e-13 6.7446e-13 6.66467e-13 6.30301e-13 5.67713e-13 5.54654e-13 4.69846e-13
threshold=1.0000000180025095e-35 -0.2488153786842853 -0.13813198625806219 -1.3667817907455606 -0.49239870680037073 -1.0000000180025095e-35 -5.7047173845364023 -0.13147795573554272 -0.66839709116297985 -0.25573480483701444 0.27890581430400802 -1.0407371973407937 -0.13776558798506242 -0.26447445642054973 -0.24687188557739606 0.21962366222481686 0.86116403261871755 -0.13210202502008542 -0.24589762738454499 -0.1549025877209258 -0.089908051284718349 -1.0000000180025095e-35 1.04844152512342 -0.13082461182343078 -0.01613615735567565 -0.13229600701521918 -0.027322164213859124 -0.13347624176981313 -0.035503407980843442 -0.13453262035024649
decision_type=2 2 2 2 2 2 2 2 2 2 2 2 2 2 2 2 2 2 2 2 2 2 2 2 2 2 2 2 2 2
left_child=3 2 4 5 -2 6 -1 16 -5 17 -11 12 -8 -10 15 -3 -4 19 -7 20 -6 23 -9 24 25 26 27 28 29 -16
right_child=1 14 7 8 9 18 11 22 13 10 -12 -13 -14 -15 21 -17 -18 -19 -20 -21 -22 -23 -24 -25 -26 -27 -28 -29 -30 -31
leaf_value=0.1000003990537862 0.05952940687412106 -0.016141734923119443 -0.026306797576202606 -0.10000025879441617 -0.10000023756672685 0.10000695462460218 -0.093478656464784676 0.10000019924249166 0.031086940697645477 -0.10000060912215664 0.095401673058465794 -0.10004394630668245 0.10001876425684589 -0.10000241146818994 0.10000028642991272 0.10000039178885166 0.06463890931993832 -0.087987884896868651 0.10001345302025953 -0.099997127942370798 -0.1000037159249442 0.10000297785442619 0.10000280302976035 0.09999811058507288 0.10000284931784265 0.099997775279832543 0.10000270084634065 0.099998080815816487 0.1000024980699908 0.099998392348556661
leaf_weight=0.0017503701383247972 0.0012280168339202637 0.0010009880245434024 0.0013607680716631885 0.05547615623800084 0.025024656375080664 0.0011722325825758162 0.0015324959391591619 0.0083503199753067747 0.0013569440752689843 0.0035519543744157991 0.0013336722458916483 0.0022064177944685071 0.0013281220561793816 0.001001107918057186 0.063789515999133059 0.0012594698607699684 0.0011493347897157946 0.0010879202757223564 0.0011712050506957894 0.0010512180122077544 0.0010293883856320454 0.001264230387960196 0.0010096646415149743 0.0012497631728365368 0.0010094775409470449 0.0010750557989922518 0.0010628661038936107 0.0011891011947682264 0.0011138266947909861 0.001337128338718698
leaf_count=578 429 168 12 22497 10188 84 238 3265 113 1279 364 41 66 151 26196 428 222 284 141 432 421 521 180 515 416 443 438 490 459 551
internal_value=2.63965e-05 0.0446998 -0.0430219 -0.0810106 -0.0863128 0.0194576 -0.00823181 0.0820969 -0.0969246 -0.091727 -0.0466599 -0.0456198 -0.00364206 -0.0245669 0.0984574 0.0485697 0.0153357 -0.0995367 0.10001 -0.1 -0.1 0.1 0.1 0.1 0.1 0.1 0.1 0.1 0.1 0.1
internal_weight=0.188523 0.121528 0.0461769 0.0669951 0.0343068 0.00916084 0.00681741 0.0118701 0.0578342 0.0330788 0.00488563 0.00506704 0.00286062 0.00235805 0.0753514 0.00226046 0.0025101 0.0281932 0.00234344 0.0271053 0.026054 0.073091 0.00935998 0.0718267 0.070577 0.0695675 0.0684924 0.0674296 0.0662405 0.0651266
internal_count=71610 47701 17076 23909 13397 1148 923 3679 22761 12968 1643 345 304 264 30625 596 234 11325 225 11041 10609 30029 3445 29508 28993 28577 28134 27696 27206 26747
is_linear=0
shrinkage=0.1


Tree=123
num_leaves=31
num_cat=0
split_feature=6 2 9 6 2 5 9 7 6 6 5 1 9 6 2 5 0 2 10 2 3 9 3 9 3 9 3 9 3 1
split_gain=0.0615891 0.0517935 0.0225093 0.00967303 0.00200751 0.00448685 0.0019845 0.00184891 0.00249182 0.00126448 0.00120294 0.00105192 0.00239301 0.00100014 0.000592881 0.000669599 1.59946e-05 8.53603e-07 2.40213e-12 1.82485e-12 5.2848e-13 5.3034e-13 6.17326e-13 5.14894e-13 5.72077e-13 4.99906e-13 5.20396e-13 5.04895e-13 5.05096e-13 4.72676e-13
threshold=1.0000000180025095e-35 -0.2488153786842853 -0.13846733374056872 -1.3667817907455606 -0.25573480483701444 0.28564242249482519 -0.13778286579157933 1.0000000180025095e-35 -5.7047173845364023 -0.66839709116297985 0.35300850440299691 -1.0407371973407937 -0.13776558798506242 0.86116403261871755 -0.24687188557739606 0.22501294877747061 0.53787438069563709 -0.25085963106229064 -0.11173161792682165 -0.24589762738454499 -0.0044296063784480645 -0.13691863769061344 -0.023341838934006934 -0.13703954520838993 -0.035503407980843442 -0.13711905181344966 -0.045983569818108035 -0.13718816660316549 -0.058755980267150433 0.8508538258067263
decision_type=2 2 2 2 2 2 2 2 2 2 2 2 2 2 2 2 2 2 2 2 2 2 2 2 2 2 2 2 2 2
left_child=3 2 4 7 -2 17 10 8 -1 -5 13 12 -10 -4 15 -3 -11 -6 20 -9 21 22 23 24 25 26 27 28 -16 -8
right_child=1 14 6 9 5 -7 29 19 11 16 -12 -13 -14 -15 18 -17 -18 -19 -20 -21 -22 -23 -24 -25 -26 -27 -28 -29 -30 -31
leaf_value=0.10000028666453145 -0.10000023342754116 -0.01203574302648576 -0.10001119050748186 -0.10000023226513383 -0.10000024555793914 0.10000064410136492 0.1000000317612233 0.1000062849134129 -0.092190014952911264 -0.01398502542958479 0.10000685649380761 -0.10003974784985131 0.10001699222437928 0.030811060847477451 0.10000023794473208 0.10000033362904313 -0.030944986441413261 -0.096505707306511423 0.10000506748170501 0.10001215210193758 0.099997927485560731 0.10000231382270047 0.099997745417489792 0.10000228637994608 0.099997867912872629 0.10000226060473022 0.099997999042988756 0.10000235040668332 0.099997981394600255 0.10000234494267329
leaf_weight=0.0015838012914173305 0.025205498549439653 0.0010210648199517882 0.0010938494031051968 0.050196920172311366 0.0023092192056992644 0.0017237435249626287 0.0074673880994851061 0.0010606865644149366 0.0014050931005158418 0.0010041278486028196 0.0010184950285747618 0.0019965283729561634 0.0012017547602454215 0.0012547037047170306 0.055264922839342027 0.0011170732857408439 0.0012461609455840517 0.0010024339901519843 0.0010319145098947038 0.0010597634873192874 0.0010034652209469632 0.0012102040757326895 0.0010078603868350971 0.0012060039296102323 0.0010342093910367103 0.0011999100670436738 0.0010561683493506271 0.0011107651857855663 0.0010100564095409928 0.0010018939494784718
leaf_count=578 11316 177 10 22497 984 619 3226 84 238 70 179 41 66 165 25096 419 194 358 470 141 457 542 459 547 471 545 481 501 460 219
internal_value=2.48672e-05 0.0445415 -0.0427261 -0.080832 -0.0884843 -0.0308392 0.0741825 0.0194247 -0.00819296 -0.0967127 0.00924194 -0.0454171 -0.00358274 -0.03012 0.0983247 0.0464977 -0.0233771 -0.0989425 0.1 0.100009 0.1 0.1 0.1 0.1 0.1 0.1 0.1 0.1 0.1 0.1
internal_weight=0.171106 0.110351 0.0420772 0.0607548 0.0302409 0.0050354 0.0118363 0.00830763 0.00618718 0.0524472 0.00336705 0.00460338 0.00260685 0.00234855 0.0682736 0.00213814 0.00225029 0.00331165 0.0661355 0.00212045 0.0651036 0.0641001 0.0628899 0.061882 0.060676 0.0596418 0.0584419 0.0573857 0.056275 0.00846928
internal_count=71610 47701 17076 23909 13277 1961 3799 1148 923 22761 354 345 304 175 30625 596 264 1342 30029 225 29559 29102 28560 28101 27554 27083 26538 26057 25556 3445
is_linear=0
shrinkage=0.1


Tree=124
num_leaves=31
num_cat=0
split_feature=2 6 4 6 6 3 4 0 1 4 2 10 6 1 6 1 0 2 2 6 2 4 5 1 2 11 1 11 1 11
split_gain=0.0555447 0.0433243 0.0117047 0.0078298 0.00408205 0.00402155 0.00245456 0.00318291 0.0020987 0.00138222 0.00133657 0.00123501 0.00117859 0.00113976 0.00100397 0.000682708 0.000441223 0.000824619 0.000383327 0.000311051 7.19078e-05 1.70657e-05 5.65002e-06 6.96551e-08 2.44855e-12 9.78467e-13 7.49192e-13 5.74353e-13 6.47572e-13 6.83655e-13
threshold=-0.24732377247602697 -0.67590592679931183 0.83136005455492656 0.87591669161514452 -5.5042769661380531 -0.13426585142506708 0.66219611224868558 -0.59048095075692253 0.98075232520147471 -0.21840919978428744 -0.24969261551170355 -0.11214166813010049 -1.2836452124088249 -1.0407371973407937 0.86116403261871755 -0.34724517028409901 0.14114346666898211 -0.25552778783808577 -0.26458754646582083 -1.3667817907455606 -0.24589762738454499 0.64189383609765194 0.35300850440299691 0.55281840036032748 -0.25192567021443107 -0.089913784861981358 0.010858081700766036 -0.089917112431610643 0.030423731713922514 -0.089917946138312901
decision_type=2 2 2 2 2 2 2 2 2 2 2 2 2 2 2 2 2 2 2 2 2 2 2 2 2 2 2 2 2 2
left_child=2 4 5 8 -2 6 21 -8 12 15 16 -5 13 -4 22 -7 23 -18 -11 -6 -3 -1 -14 24 -9 26 -22 28 -28 -30
right_child=1 20 3 11 19 9 7 10 -10 18 -12 -13 14 -15 -16 -17 17 -19 -20 -21 25 -23 -24 -25 -26 -27 27 -29 29 -31
leaf_value=-0.10000017822414627 0.10000908026941804 0.075966522329905015 0.050031535981966316 -0.018653861035879942 -0.044159598243721461 0.011034395279224877 0.10000029055156556 -0.10000021171849408 0.092757909307558298 0.093041923583897151 0.03954373719316058 0.1000002470787264 -0.091872362347806019 -0.075439200622941127 -0.0062939612488280509 -0.10001844253938785 -0.099596461671379991 -0.00081632628772503654 0.014513833005108868 -0.10000017854725207 0.099997495436786057 -0.086915179530737699 -0.10000020774763821 -0.099067593251032912 -0.10000597277278911 0.10000332202525597 0.099997910705899307 0.10000225600360833 0.10000018296588353 0.10000257149211467
leaf_weight=0.042625256686051216 0.0011389580613467834 0.0012716178316622964 0.0016501079280715203 0.0010053292653537937 0.0010716418182710177 0.0010007480507283617 0.0013091422199522649 0.0027706660566764203 0.0010071555407193964 0.0013796851012557454 0.0010508397824651175 0.0068835458014291362 0.0010401021672805646 0.001289950922000572 0.0014771044907320174 0.0012388664135869476 0.0017782167924451642 0.0016105267388866196 0.0011313283939671228 0.014426829673539034 0.0010157523388443215 0.0010205942780885371 0.0048126054971362464 0.0010121656109731703 0.0010054691686036676 0.0010131859968964809 0.0012239013778980725 0.0013728469543821111 0.053394435008613066 0.0012258232607109737
leaf_count=21165 341 374 103 349 234 368 576 1363 26 180 307 3328 28 16 566 231 837 641 68 7202 469 423 2298 491 317 510 616 691 26875 617
internal_value=2.64141e-05 0.0602049 -0.0594243 0.00846056 -0.0827113 -0.0815013 -0.0892363 -0.0459184 -0.0449985 0.00671945 -0.0666196 0.0848794 -0.0585081 -0.00501875 -0.0799632 -0.0503957 -0.0802627 -0.0526504 0.0576614 -0.0961391 0.0994952 -0.0996942 -0.0985558 -0.0998043 -0.100002 0.1 0.1 0.1 0.1 0.1
internal_weight=0.155254 0.077155 0.0780994 0.0191659 0.0166374 0.0589335 0.0541829 0.010537 0.011277 0.00475063 0.00922788 0.00788888 0.0102699 0.00294006 0.00732981 0.00223961 0.00817704 0.00338874 0.00251101 0.0154985 0.0605176 0.0436459 0.00585271 0.0047883 0.00377614 0.0592459 0.0582328 0.057217 0.0558442 0.0546203
internal_count=71610 37929 33681 6714 7777 26967 26120 4532 3037 847 3956 3677 3011 119 2892 599 3649 1478 248 7436 30152 21588 2326 2171 1680 29778 29268 28799 28108 27492
is_linear=0
shrinkage=0.1


Tree=125
num_leaves=31
num_cat=0
split_feature=2 6 4 6 3 6 4 0 1 2 4 7 11 5 1 9 2 0 2 2 6 0 2 4 11 2 1 6 7 9
split_gain=0.0498944 0.0391364 0.010591 0.00697325 0.00374188 0.00367353 0.00235643 0.00290354 0.00180235 0.0012212 0.00118899 0.00112292 0.000790508 0.00132113 0.000634289 0.000522949 0.000503433 0.000449907 0.000792059 0.000368566 0.000344175 0.000175068 8.84872e-05 3.68174e-06 3.94867e-07 8.30864e-08 2.55858e-12 1.1309e-12 9.33933e-13 8.9332e-13
threshold=-0.24732377247602697 1.0000000180025095e-35 0.83136005455492656 0.88058016554245599 -0.13426585142506708 -5.5042769661380531 0.65657100270614566 -0.59048095075692253 0.811838452873064 -0.24969261551170355 -0.21840919978428744 -0.13137791750088015 -0.089390673213483096 0.78549875025345961 -0.32745568289113791 -0.1378049312445945 -0.25950191584992183 0.14114346666898211 -0.25552778783808577 -0.26458754646582083 -1.3667817907455606 0.65546177615912837 -0.24589762738454499 0.63621097853936948 -0.089930056347843429 -0.25192567021443107 0.56756522361196693 -1.0574873571082009 -0.13107754940668701 -0.13677300293640376
decision_type=2 2 2 2 2 2 2 2 2 2 2 2 2 2 2 2 2 2 2 2 2 2 2 2 2 2 2 2 2 2
left_child=2 5 4 8 6 -2 23 -8 11 17 14 16 13 -13 -6 -5 21 25 -19 -12 -7 24 -3 28 26 -9 -4 -22 -1 -24
right_child=1 22 3 15 10 20 7 9 -10 -11 19 12 -14 -15 -16 -17 -18 18 -20 -21 27 -23 29 -25 -26 -27 -28 -29 -30 -31
leaf_value=-0.10000019342600515 0.10000821932127527 0.072563491769474769 -0.10000019239093053 0.021819986814756054 0.0095229815226347235 -0.040536541115915647 0.10000028168071336 -0.10000018543961382 0.081761290391215311 0.034085895802126724 0.09167565365256243 0.099392245436443483 -0.072299979692338492 -0.05619864127078901 -0.10001674623629464 0.1000001896944764 -0.016985182793469014 -0.099524062658112589 -0.0013240473369983269 0.013091920507697474 -0.10000018564736568 -0.053218278869491625 0.10000013937820787 -0.093862869799982943 -0.097744763783979782 -0.098969033309029286 -0.10000619996036336 -0.10000348326891789 -0.10000324952310231 0.10000290278713808
leaf_weight=0.037181705891043748 0.0010305801988579342 0.0012018363195238626 0.0024115267979141217 0.0010054606568701266 0.0010034248489318998 0.0010517828195588672 0.0012053160048708387 0.0034983415281431016 0.0010832724501597122 0.0010829853514451307 0.001266082818005998 0.0011923816061880643 0.0012159579605395257 0.0010062866676889826 0.0011171570045007684 0.0057400634236728365 0.0011092039516142904 0.0016659489552921514 0.0016201354973190973 0.0011290724145283084 0.01191447563178372 0.0010033660148565104 0.052411463615726461 0.0010030843744743825 0.001002489085635716 0.0010061653321145059 0.0010041087241461355 0.0011394324145612674 0.0010275964268657836 0.0011965290775606255
leaf_count=20462 341 374 1277 344 370 234 578 1893 63 315 180 193 32 443 229 3143 228 866 646 68 6581 451 29117 466 328 366 212 621 528 661
internal_value=2.46298e-05 0.0600899 -0.0586686 0.00825742 -0.0807764 -0.0822505 -0.0887583 -0.0456315 -0.0407285 -0.0654129 0.00634933 -0.0540704 -0.0076003 0.0281814 -0.0481843 0.088347 -0.0783677 -0.0792445 -0.0511086 0.0546314 -0.0955666 -0.0909262 0.0993986 -0.0998433 -0.0994898 -0.0997699 -0.100002 -0.1 -0.1 0.1
internal_weight=0.141527 0.0699461 0.0715811 0.0177741 0.053807 0.0151363 0.0492913 0.0100789 0.0110286 0.00887358 0.00451574 0.00994532 0.00341463 0.00219867 0.00212058 0.00674552 0.00653069 0.00779059 0.00328608 0.00239516 0.0141057 0.00542149 0.0548098 0.0392124 0.00441812 0.00450451 0.00341564 0.0130539 0.0382093 0.053608
internal_count=71610 37929 33681 6714 26967 7777 26120 4664 3227 4086 847 3164 668 636 599 3487 2496 3771 1512 248 7436 2268 30152 21456 1817 2259 1489 7202 20990 29778
is_linear=0
shrinkage=0.1


Tree=126
num_leaves=31
num_cat=0
split_feature=6 2 9 6 7 2 5 3 6 0 6 5 2 4 0 1 10 3 9 3 9 3 10 3 10 3 9 3 5 3
split_gain=0.0448394 0.0382135 0.0168588 0.00780026 0.00159431 0.00157352 0.00354804 0.00150814 0.00122978 0.000758794 0.000725833 0.000627815 0.000582875 4.32315e-05 4.50828e-06 7.20633e-07 5.05165e-13 9.05179e-13 8.96068e-13 8.42437e-13 8.15875e-13 8.95929e-13 8.42208e-13 8.16153e-13 7.61176e-13 7.62015e-13 6.413e-13 6.53096e-13 1.33958e-13 2.7877e-14
threshold=1.0000000180025095e-35 -0.2488153786842853 -0.138521458831036 -1.3667817907455606 -0.13147795573554272 -0.25573480483701444 0.28564242249482519 -0.13575096189826916 -0.66839709116297985 0.41222815622387959 0.87252744854860176 0.69118623558201919 -0.24687188557739606 2.0598463665821578 0.75328221609475154 0.30010592221917548 -0.11175821247183369 -0.013717770179606454 -0.13697235236307218 -0.032958907271293601 -0.13708774911278368 -0.045983569818108035 -0.11189060027999577 -0.062834559620893418 -0.11192069195427501 -0.075508127624441701 -0.13735177974290289 -0.088612808240120036 0.50929781442995548 -0.15772508230227453
decision_type=2 2 2 2 2 2 2 2 2 2 2 2 2 2 2 2 2 2 2 2 2 2 2 2 2 2 2 2 2 2
left_child=3 2 5 7 10 29 15 11 -5 -9 -4 13 -3 -1 -11 -7 17 18 19 20 21 22 23 24 25 26 27 -14 -6 -2
right_child=1 12 4 8 28 6 -8 9 -10 14 -12 -13 16 -15 -16 -17 -18 -19 -20 -21 -22 -23 -24 -25 -26 -27 -28 -29 -30 -31
leaf_value=-0.077361806907319489 -0.10000018689973787 0.042328686533797545 -0.03390409045713326 -0.10000016459540116 0.10000011464352693 -0.10000042659463376 0.10000064399320399 -0.003236285976957467 -0.019368135175369856 0.091268448537692115 0.065861142888812035 0.029747340669377054 0.10000019659684592 -0.048313286032209982 0.1000002384515853 -0.096594208754753622 0.10000234235047765 0.099997189907923542 0.10000314305949748 0.099997305889440488 0.1000029053340277 0.099997169704802949 0.10000299246455457 0.099997408936434204 0.10000283801644748 0.099997446617306793 0.10000252131865489 0.099997732039157794 0.10000137426508278 -0.099999648996505916
leaf_weight=0.0010078256630094984 0.017735900957632111 0.0018174558608734506 0.0016190650749194901 0.03745056755724363 0.0053661423496578209 0.0016299047024403981 0.0013641150667353941 0.0011124226900847125 0.0019921456833458242 0.0010047660161944805 0.0013269189257698599 0.001148913217775771 0.036335034546823394 0.0010420764556329232 0.0014368924873906508 0.0010035263403551653 0.0010501402572344878 0.0010280675745661929 0.001005196124651774 0.0010362041762164214 0.0010798851008075863 0.001003673792411063 0.0010477890242555068 0.00108012574287386 0.001060454065736848 0.0010358155230960611 0.0011497827856601422 0.0011080147038455826 0.0010019139065207128 0.0010188638898398486
leaf_count=44 10666 596 50 22497 3075 797 587 57 264 124 362 136 22263 90 697 545 641 632 612 637 662 617 639 664 642 636 705 679 370 624
internal_value=2.54142e-05 0.044018 -0.0414667 -0.078925 0.07186 -0.0878589 -0.0308974 0.0203848 -0.0959277 0.0652188 0.0110318 -0.0294285 0.0979384 -0.0625949 0.096407 -0.0987024 0.1 0.1 0.1 0.1 0.1 0.1 0.1 0.1 0.1 0.1 0.1 0.1 0.1 -0.1
internal_weight=0.1291 0.082904 0.0320664 0.0461956 0.00931404 0.0227523 0.00399755 0.0067529 0.0394427 0.00355408 0.00294598 0.00319882 0.0508376 0.0020499 0.00244166 0.00263343 0.0490202 0.04797 0.046942 0.0459368 0.0449006 0.0438207 0.042817 0.0417692 0.0406891 0.0396286 0.0385928 0.037443 0.00636806 0.0187548
internal_count=71610 47701 17076 23909 3857 13219 1929 1148 22761 878 412 270 30625 134 821 1342 30029 29388 28756 28144 27507 26845 26228 25589 24925 24283 23647 22942 3445 11290
is_linear=0
shrinkage=0.1


Tree=127
num_leaves=31
num_cat=0
split_feature=6 2 9 6 6 2 2 5 7 6 1 9 2 4 2 2 9 10 3 9 3 10 3 10 3 9 3 9 3 3
split_gain=0.0402115 0.0350971 0.0139237 0.00771387 0.00237827 0.00223382 0.0015959 0.00339391 0.00144589 0.00185584 0.000785689 0.00171885 0.00055218 0.000544596 5.44227e-06 1.63025e-06 6.73784e-07 2.044e-12 1.31836e-12 1.18604e-12 1.24849e-12 1.32688e-12 1.29821e-12 1.33505e-12 1.31246e-12 1.31551e-12 1.20546e-12 1.26429e-12 1.19987e-12 2.35378e-13
threshold=-0.66839709116297985 -0.24852432110832487 -0.138521458831036 -1.3667817907455606 0.85135922873184977 -0.26447445642054973 -0.25573480483701444 0.28564242249482519 1.0000000180025095e-35 -5.7047173845364023 -1.0407371973407937 -0.13791715455461595 -0.24687188557739606 0.84359734891604177 -0.26516013009763167 -0.25124977908764401 -0.13769844301151893 -0.11177581180309165 -0.016962208840339204 -0.1370211374285154 -0.0365705664796388 -0.11187249544285253 -0.053116009738197863 -0.11190596765269085 -0.068513022899026679 -0.13731667393054123 -0.084420142801729312 -0.13738490429205311 -0.096691026382057968 -0.15819313840326441
decision_type=2 2 2 2 2 2 2 2 2 2 2 2 2 2 2 2 2 2 2 2 2 2 2 2 2 2 2 2 2 2
left_child=3 2 6 8 5 14 29 15 9 -1 11 -11 -3 -6 -4 -8 -15 18 19 20 21 22 23 24 25 26 27 28 -14 -2
right_child=1 12 4 -5 13 -7 7 -9 -10 10 -12 -13 17 16 -16 -17 -18 -19 -20 -21 -22 -23 -24 -25 -26 -27 -28 -29 -30 -31
leaf_value=0.10000024520481142 -0.10000024382130185 0.040073959840109086 0.052914538174053463 -0.10000009219834244 0.021558401638619107 -0.10000682783545918 -0.10000018265114381 0.10000053765629238 0.10000609433290042 -0.090849151701479322 -0.10002921866364144 0.089258879030009286 0.10000009129546808 0.097161208831561291 0.063304633596597645 -0.09476380372309455 0.10000017514740489 0.099996012287675906 0.10000376953246726 0.099996821951917669 0.10000366638243599 0.099996548565194382 0.10000364880023371 0.099996599765635116 0.10000365833194391 0.099996525058805297 0.10000347355361811 0.099996616730962412 0.10000343805522854 -0.099998668106905039
leaf_weight=0.0011869188165292144 0.015962139478688187 0.0015928345565043847 0.0010136760608929762 0.033886684046592563 0.0010545554664531664 0.0016053640863447072 0.0014657506576440937 0.0013365683828396868 0.001652521579671884 0.0011138576135181211 0.0014824013677525718 0.0010106536659577614 0.031644862776943214 0.0010057401103722441 0.0010028962278738618 0.0010003188901919194 0.0049530282968817119 0.0012018845956447413 0.0010067297953355583 0.0010706147817245429 0.0010096762695184286 0.0010217812241535276 0.0010611933773816409 0.001057746361993849 0.0010674871543869804 0.0010005494646065918 0.0010915011376937392 0.0010125019269935425 0.001108766118136372 0.0010078738141601198
leaf_count=578 10608 505 91 22497 260 164 874 642 225 235 41 69 21429 345 47 497 3221 809 684 724 686 692 721 706 725 677 740 686 750 682
internal_value=2.54971e-05 0.0422331 -0.0392379 -0.0809258 0.0538149 -0.0119884 -0.0868794 -0.0283255 0.0193424 -0.00846389 -0.044156 -0.00516976 0.0979227 0.0877982 0.0580818 -0.0978761 0.099521 0.1 0.1 0.1 0.1 0.1 0.1 0.1 0.1 0.1 0.1 0.1 0.1 -0.1
internal_weight=0.117689 0.077356 0.0314079 0.040333 0.0106353 0.00362194 0.0207727 0.00380264 0.00644635 0.00479383 0.00360691 0.00212451 0.0459481 0.00701332 0.00201657 0.00246607 0.00595877 0.0443553 0.0431534 0.0421467 0.0410761 0.0400664 0.0390446 0.0379834 0.0369257 0.0358582 0.0348576 0.0337661 0.0327536 0.01697
internal_count=71610 47965 17431 23645 4128 302 13303 2013 1148 923 345 304 30534 3826 138 1371 3566 30029 29220 28536 27812 27126 26434 25713 25007 24282 23605 22865 22179 11290
is_linear=0
shrinkage=0.1


Tree=128
num_leaves=31
num_cat=0
split_feature=6 2 9 6 2 5 7 6 6 7 1 2 7 5 2 3 2 3 6 3 2 3 2 3 6 3 2 9 3 11
split_gain=0.0362928 0.031088 0.0135122 0.0065199 0.00225679 0.00398546 0.00130945 0.00167217 0.00118322 0.000923222 0.000718117 0.000381646 1.20105e-05 5.4589e-06 9.86981e-13 9.21638e-13 8.51652e-13 8.53158e-13 7.90916e-13 8.69867e-13 8.36858e-13 8.37927e-13 6.67237e-13 8.56763e-13 7.49706e-13 8.97126e-13 7.35636e-14 8.29892e-15 6.66481e-15 2.59619e-14
threshold=-1.0000000180025095e-35 -0.24794321373743616 -0.13813198625806219 -1.3667817907455606 -0.2559856993127872 0.27890581430400802 -1.0000000180025095e-35 -5.7047173845364023 -0.66839709116297985 -0.13147795573554272 -1.0407371973407937 -0.24687188557739606 -0.13215118602657586 0.22501294877747061 -0.13200427484108518 -0.011138101489703279 -0.13384853905854485 -0.030685289321104887 0.16453218080370771 -0.041794676531706078 -0.13523763977107031 -0.054146126894082262 -0.13674492267076263 -0.06576144108661254 0.17135072296038931 -0.078475796120739447 -0.26566393984079417 -0.13710342287708385 -1.0000000180025095e-35 -0.089919570425867387
decision_type=2 2 2 2 2 2 2 2 2 2 2 2 2 2 2 2 2 2 2 2 2 2 2 2 2 2 2 2 2 2
left_child=3 2 4 6 12 13 7 -1 28 -4 -9 -3 -2 -6 15 16 17 18 -13 20 21 22 23 24 -20 -26 -11 -28 29 -5
right_child=1 11 9 8 5 -7 -8 10 -10 26 -12 14 -14 -15 -16 -17 -18 -19 19 -21 -22 -23 -24 -25 25 -27 27 -29 -30 -31
leaf_value=0.10000018969513116 -0.10000013625083476 0.040871266114638344 0.017685711503181902 -0.10000013406502679 -0.10000131631134596 0.095668490278785809 0.10000558020714533 -0.0050708626626488409 -0.018308648712240635 0.10000103699239826 -0.1000265131650131 0.10000281344692251 -0.088703764747833258 -0.09068790124662604 0.10000313901310792 0.099997120844732709 0.10000298621948994 0.099997303068136423 0.10000267463153673 0.099997243061821756 0.10000299000384075 0.099997337889320692 0.1000024585618311 0.099997244633853566 0.1000002077322294 0.099997193453524133 0.10000016765962966 0.09999983957549724 -0.099999994892890715 -0.10000064047468843
leaf_weight=0.0010739691206254065 0.014592209995839767 0.0011221132890568688 0.0018332349627598887 0.026671308503750876 0.0016541926352147138 0.0018127424409613013 0.0014952707098245801 0.0019604885621902213 0.0018818289972841731 0.0010157997930946294 0.0013413668363000397 0.0011123457385337964 0.001006096039077419 0.0010158116147067631 0.0011040769072963022 0.0010068186044236418 0.0010561172226744011 0.0010547808761884941 0.0011766104298658207 0.001030812677981891 0.0010361381932852956 0.0010601092116075952 0.0012518878389755619 0.0010137744534404218 0.027206287302874433 0.0010245743009136372 0.0032834718498406801 0.00100764790715857 0.0029384064421265092 0.0010522259780145751
leaf_count=578 10766 316 236 19585 796 910 225 304 264 505 41 835 517 659 829 756 793 792 883 774 778 796 940 761 20324 768 2213 754 2192 720
internal_value=1.86832e-05 0.0436614 -0.0392882 -0.077778 -0.0812999 -0.0187655 0.019216 -0.00839076 -0.0952764 0.078866 -0.0436463 0.098392 -0.0992715 -0.096458 0.1 0.1 0.1 0.1 0.1 0.1 0.1 0.1 0.1 0.1 0.1 0.1 0.1 0.1 -0.1 -0.1
internal_weight=0.106893 0.0684777 0.0272212 0.0384149 0.0200811 0.00448275 0.0058711 0.00437582 0.0325438 0.00714015 0.00330186 0.0412564 0.0155983 0.00267 0.0401343 0.0390303 0.0380234 0.0369673 0.0359125 0.0348002 0.0337694 0.0327332 0.0316731 0.0304212 0.0294075 0.0282309 0.00530692 0.00429112 0.0306619 0.0277235
internal_count=71610 47701 17356 23909 13648 2365 1148 923 22761 3708 345 30345 11283 1455 30029 29200 28444 27651 26859 26024 25250 24472 23676 22736 21975 21092 3472 2967 22497 20305
is_linear=0
shrinkage=0.1


Tree=129
num_leaves=31
num_cat=0
split_feature=6 2 9 6 6 2 5 2 7 1 9 2 9 2 0 2 5 5 2 5 5 2 5 2 11 2 11 11 3 11
split_gain=0.0326289 0.0286348 0.0111075 0.00645212 0.00209329 0.0016593 0.00252834 0.00129153 0.00118997 0.0014533 0.000817633 0.000419819 0.000163955 0.000144085 9.19682e-06 1.45937e-12 1.66374e-13 1.73653e-13 6.66266e-13 1.41838e-13 1.84075e-13 6.27956e-13 1.48711e-13 1.49134e-13 1.06255e-13 1.19744e-13 1.34684e-13 5.63369e-14 4.27887e-14 3.55688e-14
threshold=-0.66839709116297985 -0.24794321373743616 -0.138521458831036 -1.3667817907455606 0.87252744854860176 -0.25298473182998321 0.26677991956053709 -0.26447445642054973 -1.0000000180025095e-35 -1.0407371973407937 -0.13789111423085162 -0.24687188557739606 -0.13781161854593052 -0.2559856993127872 0.15595522841849221 -0.13229600701521918 0.21962366222481686 0.1711200832509332 -0.13416795513257898 0.12665846919153984 0.090280784961127084 -0.13562661600324899 0.048513814178060596 -0.13713389890294131 -0.089916293745977136 -0.13892288650986193 -0.089917946138312901 -1.0000000180025095e-35 -1.0000000180025095e-35 -0.089919586598589868
decision_type=2 2 2 2 2 2 2 2 2 2 2 2 2 2 2 2 2 2 2 2 2 2 2 2 2 2 2 2 2 2
left_child=3 2 5 8 7 13 -7 -4 9 10 -1 -3 -6 -2 -9 16 17 18 19 20 21 22 23 24 25 26 -13 28 29 -5
right_child=1 11 4 27 12 6 -8 14 -10 -11 -12 15 -14 -15 -16 -17 -18 -19 -20 -21 -22 -23 -24 -25 -26 -27 -28 -29 -30 -31
leaf_value=-0.0097942616573240548 -0.10000012241229486 0.037411678725328419 0.054104348546130214 -0.10000012642774424 0.055956781477412711 -0.10000021899677486 0.10000021346318318 -0.067021151455674804 0.10000498071611259 -0.10002396573362791 0.10001077990871554 0.10000010032067064 0.10000015408158805 -0.06089947125518768 -0.053539116649890507 0.099996522700452145 0.10000140603401297 0.10000138414089187 0.099997560637336932 0.10000122797861466 0.10000142129792954 0.09999768639635484 0.10000125853356785 0.099999015279082629 0.10000107083372507 0.099999083786517257 0.10000128440893248 -0.099999479372959513 -0.10000069935461101 -0.099999535204719325
leaf_weight=0.0018667589857841449 0.013842767638379883 0.0011042945866392975 0.0019254115688909224 0.024022763266316357 0.0010508327892466696 0.0014059474751775261 0.0011483547459647525 0.0010154590652291517 0.0013529846970641293 0.0012137483207652622 0.0010650163370655719 0.023193794713620253 0.0043193610939624705 0.0010112843774550137 0.0010084546725011023 0.0011544677349490931 0.0010021340549428706 0.0010196769158028465 0.0010339443867906145 0.0011544413516730847 0.0010182716939652883 0.0010797333832215364 0.0011469371800103536 0.0012195186618555445 0.001187410274610559 0.0011026295686633594 0.0010021082612183809 0.0014021669362591629 0.0012566184291245034 0.0010625231010408234
leaf_count=684 11243 316 145 19508 329 878 696 81 225 41 198 19216 3373 653 222 958 769 844 858 958 845 896 952 1012 977 915 829 1156 1036 797
internal_value=1.82746e-05 0.0416863 -0.0373678 -0.0803872 0.0507389 -0.0845355 -0.0100847 -0.00452631 0.0185743 -0.00800245 0.0300943 0.098153 0.0913818 -0.0973381 -0.0603035 0.1 0.1 0.1 0.1 0.1 0.1 0.1 0.1 0.1 0.1 0.1 0.1 -0.1 -0.1 -0.1
internal_weight=0.0973898 0.0641472 0.0267279 0.0332426 0.00931952 0.0174084 0.0025543 0.00394933 0.00549851 0.00414552 0.00293178 0.0374194 0.00537019 0.0148541 0.00202391 0.0363151 0.0351606 0.0341585 0.0331388 0.0321048 0.0309504 0.0299321 0.0288524 0.0277055 0.0264859 0.0252985 0.0241959 0.0277441 0.0263419 0.0250853
internal_count=71610 47965 17620 23645 4150 13470 1574 448 1148 923 882 30345 3702 11896 303 30029 29071 28302 27458 26600 25642 24797 23901 22949 21937 20960 20045 22497 21341 20305
is_linear=0
shrinkage=0.1


Tree=130
num_leaves=31
num_cat=0
split_feature=6 2 9 6 2 5 6 3 9 8 2 0 10 9 3 11 3 11 3 7 3 8 3 11 3 8 6 3 11 3
split_gain=0.0293519 0.025243 0.0110689 0.00546742 0.00190265 0.00333124 0.00112718 0.00108192 0.000856352 0.000457371 0.000457323 0.000396141 1.27151e-05 4.79145e-06 1.21189e-12 8.71414e-13 1.04185e-12 9.96671e-13 1.03628e-12 7.94708e-13 8.56305e-13 7.55694e-13 8.07122e-13 8.28754e-13 8.89417e-13 7.53207e-13 1.11616e-13 2.65933e-14 1.04715e-13 9.52224e-14
threshold=-1.0000000180025095e-35 -0.24794321373743616 -0.13813198625806219 -1.3667817907455606 -0.2559856993127872 0.27890581430400802 -0.66839709116297985 -0.13575096189826916 -0.13778286579157933 -0.11110110383322795 -0.24687188557739606 0.43335251585842988 -0.11238992722964734 -0.13909301327641488 -0.01613615735567565 -0.089917934808850977 -0.039530409890407715 -0.089919586598589868 -0.061297308963986531 -0.13114125300433507 -0.080374040001305089 -0.11362031323768154 -0.096691026382057968 -0.089924472955525567 -0.11579425294597019 -0.11367720068750729 0.88693448864505853 -1.0000000180025095e-35 -0.08992038622292578 -0.1307786176317437
decision_type=2 2 2 2 2 2 2 2 2 2 2 2 2 2 2 2 2 2 2 2 2 2 2 2 2 2 2 2 2 2
left_child=3 2 4 7 12 13 27 9 -4 -1 -3 -9 -2 -6 15 16 17 18 19 20 21 22 23 24 25 -12 -10 28 29 -5
right_child=1 10 8 6 5 -7 -8 11 26 -11 14 -13 -14 -15 -16 -17 -18 -19 -20 -21 -22 -23 -24 -25 -26 -27 -28 -29 -30 -31
leaf_value=-0.076678833181122355 -0.10000010939933186 0.034149458245930846 0.017002551677945139 -0.10000015096915614 -0.090743445804843892 0.094731520787952994 -0.018497356261718934 0.015237865039746459 0.1000012878311964 0.008529957964490343 0.10000010391227053 0.095431369436777033 -0.088256404287221993 -0.10000150983032619 0.099996698586886423 0.10000292017999422 0.099996943272543382 0.10000326756351052 0.099996958789371634 0.10000291403749871 0.099997263950601836 0.10000289007495194 0.09999740714592803 0.10000299614546085 0.099997274413639231 0.10000280609018271 0.1000000987793444 -0.099999801686112055 -0.10000113556138808 -0.099999158996541118
leaf_weight=0.0011005512521933269 0.01180812238726503 0.0010896099706769738 0.0017325511831813856 0.020650951945071935 0.0010124303075826901 0.0015431189658556832 0.0018198905454482875 0.0010182267806158043 0.0010309957403933359 0.0014731528556239937 0.020325002219692568 0.0015593081316183088 0.0010000324159591392 0.0012482409783842749 0.001021720870767239 0.0011336175691667475 0.0010129965581882052 0.0010255970995558519 0.0010162697847135886 0.0010459171176080409 0.0010209691860154626 0.0010157910857060406 0.0010597411377375457 0.0010342760913317787 0.0010606514852042883 0.0010866912813298759 0.0033697691980023592 0.0024057734351572461 0.0010318461635279155 0.0010153099748322339
leaf_count=253 10643 316 236 18559 657 910 264 67 483 17 18577 811 640 798 937 1029 929 938 932 945 935 929 968 946 968 996 2989 2192 854 892
internal_value=1.72312e-05 0.0432688 -0.038252 -0.0764319 -0.0806401 -0.0185382 -0.094491 0.0179567 0.076555 -0.0279065 0.0978866 0.0637518 -0.0990832 -0.0958553 0.1 0.1 0.1 0.1 0.1 0.1 0.1 0.1 0.1 0.1 0.1 0.1 0.1 -0.1 -0.1 -0.1
internal_weight=0.0887691 0.0566941 0.0227453 0.032075 0.0166119 0.00380379 0.0269238 0.00515124 0.00613332 0.0025737 0.0339489 0.00257753 0.0128082 0.00226067 0.0328592 0.0318375 0.0307039 0.0296909 0.0286653 0.027649 0.0266031 0.0255822 0.0245664 0.0235066 0.0224723 0.0214117 0.00440076 0.0251039 0.0226981 0.0216663
internal_count=71610 47701 17356 23909 13648 2365 22761 1148 3708 270 30345 878 11283 1455 30029 29092 28063 27134 26196 25264 24319 23384 22455 21487 20541 19573 3472 22497 20305 19451
is_linear=0
shrinkage=0.1


Tree=131
num_leaves=31
num_cat=0
split_feature=6 2 9 6 2 5 4 6 7 1 9 4 1 9 6 9 6 10 6 10 6 10 6 9 6 9 5 3 9 3
split_gain=0.0262726 0.0233565 0.00888523 0.00555517 0.00210333 0.00314712 0.00188003 0.00112175 0.00105187 0.00131659 0.000937566 0.000532019 2.03161e-06 2.14443e-13 6.05554e-13 7.52731e-13 6.00825e-13 7.00998e-13 6.4046e-13 6.22735e-13 5.6256e-13 5.71695e-13 5.79287e-13 5.15851e-13 4.1463e-13 4.84415e-13 1.85515e-13 3.48957e-14 1.9458e-13 1.97578e-13
threshold=-0.66839709116297985 -0.24687188557739606 -0.13846733374056872 -1.3667817907455606 -0.25573480483701444 0.26677991956053709 0.74601537681500296 0.85135922873184977 -1.0000000180025095e-35 -1.0407371973407937 -0.13726673027680064 1.354841760115276 0.10134710738411444 -0.13688672335714483 0.16680502818922519 -0.13705575494538089 0.17286595455077733 -0.11188702460707924 0.17741164932189837 -0.11192069195427501 0.18195734409306252 -0.11194654890506704 0.18650303886422664 -0.13743553272979306 0.19332158102090824 -0.13749695419594835 0.30719956870544013 -1.0000000180025095e-35 -0.13717407248847194 -0.13212681376847932
decision_type=2 2 2 2 2 2 2 2 2 2 2 2 2 2 2 2 2 2 2 2 2 2 2 2 2 2 2 2 2 2
left_child=3 2 4 8 -2 12 10 -8 9 11 -4 -1 -6 14 -3 16 -16 18 -18 20 -20 22 -22 24 -24 -26 -9 28 29 -5
right_child=1 13 6 27 5 -7 7 26 -10 -11 -12 -13 -14 -15 15 -17 17 -19 19 -21 21 -23 23 -25 25 -27 -28 -29 -30 -31
leaf_value=0.086553144631366249 -0.10000010768146257 0.10000227641960187 -0.089384746160146453 -0.10000016999918018 -0.10000075054728219 0.086660215633867124 -0.0044257962346505248 0.10000167135540045 0.10000440347825652 -0.10002187244714358 0.038871857282321315 -0.0054264991316806017 -0.093722299615920338 0.099998706362445233 0.10000227842861747 0.099997392966382923 0.1000024791469017 0.099997544457046436 0.10000228617884768 0.099997726540103762 0.1000024860059809 0.09999778183406649 0.1000019170037348 0.099997888457577566 0.10000016966862782 0.099997916033643927 0.10000014460718194 -0.099999744376707264 -0.10000152596080809 -0.099998732359437334
leaf_weight=0.0010119365549599024 0.011470199064206099 0.0012777572934510309 0.0011969989119506863 0.018530107079186561 0.0010620149378155483 0.0017046890859546693 0.0013050524748905445 0.0010029794136698911 0.0011647155694163294 0.0011135739031260528 0.0010880283379037792 0.0016610982863767276 0.0010013243438606878 0.001069531386832522 0.0012658079574521209 0.0010268227126744049 0.0011319309329564887 0.0010727674075496933 0.0011770142280056383 0.0011050996050698874 0.0010161959573906565 0.0010647119290752077 0.0012519997553681493 0.0010568491318281399 0.015198123469644987 0.0010176500554735053 0.0038543105754342832 0.0021768426885273575 0.0010000488658761268 0.001007934019298772
leaf_count=635 11316 1295 209 18418 599 1098 27 476 225 41 78 247 789 1075 1283 1038 1145 1083 1193 1111 1030 1077 1269 1069 15332 1029 3344 2192 921 966
internal_value=1.62137e-05 0.0409815 -0.0331039 -0.0790793 -0.0787061 -0.0138852 0.049158 0.0778852 0.016898 -0.00866459 -0.0283147 0.0293944 -0.0969539 0.1 0.1 0.1 0.1 0.1 0.1 0.1 0.1 0.1 0.1 0.1 0.1 0.1 0.1 -0.1 -0.1 -0.1
internal_weight=0.0810841 0.0534179 0.0236856 0.0276663 0.0152382 0.00376803 0.00844737 0.00616234 0.00495132 0.00378661 0.00228503 0.00267303 0.00206334 0.0297323 0.0286627 0.027385 0.0263582 0.0250923 0.0240196 0.0228876 0.0217825 0.0206055 0.0195408 0.0185246 0.0174678 0.0162158 0.00485729 0.0227149 0.0205381 0.019538
internal_count=71610 47965 17936 23645 13802 2486 4134 3847 1148 923 287 882 1388 30029 28954 27659 26621 25338 24255 23110 21999 20806 19729 18699 17630 16361 3820 22497 20305 19384
is_linear=0
shrinkage=0.1


Tree=132
num_leaves=31
num_cat=0
split_feature=6 2 9 6 2 5 6 2 7 1 9 10 2 3 8 3 8 3 8 3 1 3 8 3 1 3 2 7 3 7
split_gain=0.0236113 0.0211531 0.00798398 0.00513322 0.00194436 0.0027225 0.00171897 0.00120063 0.000955763 0.00117752 0.000517196 0.000138509 9.8627e-05 8.55951e-13 2.69118e-13 2.80741e-13 2.76199e-13 2.8158e-13 2.21448e-13 2.50317e-13 2.16348e-13 2.43843e-13 2.03788e-13 1.98563e-13 1.76834e-13 1.63619e-13 8.90689e-14 7.21992e-15 1.47486e-14 1.05124e-14
threshold=-0.66839709116297985 -0.24687188557739606 -0.13846733374056872 -1.3667817907455606 -0.25329000933969864 0.24926473826441242 0.87252744854860176 -0.26447445642054973 -1.0000000180025095e-35 -1.0407371973407937 -0.13795927088572799 -0.11206852510426245 -0.25727721743627835 -0.02103147782335377 -0.11349331646192386 -0.045983569818108035 -0.11355909687851361 -0.071343356200649619 -0.11361158400516015 -0.093593732903120466 0.042344147985832643 -0.11703094158792725 -0.1136596605944024 -0.13982879112140967 0.07681336223956621 -0.14811185952472747 -0.25782856046537267 -1.0000000180025095e-35 -0.084420142801729312 -0.13109568091158766
decision_type=2 2 2 2 2 2 2 2 2 2 2 2 2 2 2 2 2 2 2 2 2 2 2 2 2 2 2 2 2 2
left_child=3 2 4 8 12 -6 7 -4 9 10 -1 -8 -2 14 15 16 17 18 19 20 -3 22 23 24 -22 -26 -13 28 29 -5
right_child=1 13 6 27 5 -7 11 -9 -10 -11 -12 26 -14 -15 -16 -17 -18 -19 -20 -21 21 -23 -24 -25 25 -27 -28 -29 -30 -31
leaf_value=-0.0081741054827273348 -0.10000009781164472 0.099998590846541502 0.0555524063786942 -0.10000009125452414 -0.10000051457022659 0.099576556000917596 0.057549951005995498 -0.060542179741576496 0.10000400590737846 -0.10001980675724985 0.083356337207712433 0.10000010054400264 -0.06717694481281615 0.10000300858608227 0.099998437411863983 0.10000169548314397 0.099998403716587247 0.10000170446830919 0.099998636427875695 0.10000162578343451 0.099998744691069605 0.10000160105017074 0.099998641629288149 0.10000144259223837 0.099999998657155073 0.10000129980761235 0.10000122988596843 -0.099999866216210404 -0.10000046667350782 -0.099999761872281601
leaf_weight=0.0015921733648838199 0.010097396243963887 0.0010125175802499975 0.001745525446949614 0.0170119390982677 0.0014050171159851752 0.0013310369206465111 0.0010008427432239841 0.001819254540350812 0.0010538823132151256 0.001007623430325566 0.0010082847949206553 0.0023121461648543118 0.0010067224538943256 0.0010025061052658648 0.0010185803128024409 0.0010507335769602858 0.0010060959433531016 0.0010397452652455277 0.0010984853319655511 0.0010138321185877422 0.0010445068846820409 0.0010123420471472916 0.0010320124179656878 0.0010185885675468879 0.013511998323281198 0.0010409088681626677 0.0010005599582427749 0.0015123123755529369 0.0010019112585837346 0.0010271686677469907
leaf_count=675 11017 1124 133 18652 958 974 381 298 225 41 207 2546 853 1123 1130 1177 1115 1164 1224 1132 1170 1134 1156 1141 15073 1166 776 1683 1115 1047
internal_value=1.30346e-05 0.0407363 -0.0326742 -0.0785116 -0.0784189 -0.00291016 0.0476874 -0.00369546 0.0162255 -0.00824537 0.0273153 0.0901509 -0.0970243 0.1 0.1 0.1 0.1 0.1 0.1 0.1 0.1 0.1 0.1 0.1 0.1 0.1 0.1 -0.1 -0.1 -0.1
internal_weight=0.0738367 0.0486214 0.0217185 0.0252153 0.0138402 0.00273605 0.00787833 0.00356478 0.00466196 0.00360808 0.00260046 0.00431355 0.0111041 0.0269029 0.0259003 0.0248818 0.023831 0.0228249 0.0217852 0.0206867 0.0196729 0.0186604 0.017648 0.016616 0.0155974 0.0145529 0.00331271 0.0205533 0.019041 0.0180391
internal_count=71610 47965 17936 23645 13802 1932 4134 431 1148 923 882 3703 11870 30029 28906 27776 26599 25484 24320 23096 21964 20840 19706 18550 17409 16239 3322 22497 20814 19699
is_linear=0
shrinkage=0.1


Tree=133
num_leaves=31
num_cat=0
split_feature=6 2 9 6 2 5 6 4 7 0 9 5 3 1 3 1 3 1 3 1 3 1 3 1 3 2 9 3 6 3
split_gain=0.021245 0.0185926 0.00819629 0.00427599 0.00193222 0.00280851 0.00103011 0.00083867 0.000808315 0.00037627 0.0001074 6.24617e-06 8.59104e-14 1.20577e-13 1.28775e-13 1.13839e-13 1.2744e-13 1.16695e-13 1.32613e-13 1.25035e-13 1.34819e-13 1.37302e-13 1.37151e-13 1.23011e-13 1.37973e-13 7.00533e-14 5.93345e-14 3.80876e-14 6.17249e-14 7.14567e-14
threshold=1.0000000180025095e-35 -0.24687188557739606 -0.13813198625806219 -1.3667817907455606 -0.25619234062362711 0.26677991956053709 -0.66839709116297985 1.4338619474365439 -0.13147795573554272 0.4501927802334818 -0.12696385944927116 0.36648172078463126 -0.024805273165543661 0.034467401650232911 -0.044165860535656423 0.060042659577618597 -0.06576144108661254 0.082797432988351738 -0.089467549613631611 0.10835355312605953 -0.11167493227728854 0.14267572814944945 -0.13938039904253866 0.20403097930815675 -0.14905512853302313 -0.25698659111525585 -0.13894516663671891 -1.0000000180025095e-35 -0.69488142212967741 -0.13302689553852221
decision_type=2 2 2 2 2 2 2 2 2 2 2 2 2 2 2 2 2 2 2 2 2 2 2 2 2 2 2 2 2 2
left_child=3 2 4 7 11 -6 27 9 -4 -1 -9 26 13 -3 15 -15 17 -17 19 -19 21 -21 23 -23 -25 -10 -2 28 29 -5
right_child=1 12 8 6 5 -7 -8 10 25 -11 -12 -13 -14 14 -16 16 -18 18 -20 20 -22 22 -24 24 -26 -27 -28 -29 -30 -31
leaf_value=0.01749229513365624 -0.10000008011472135 0.10000112625532241 0.014042851433483381 -0.10000012138192733 -0.09677201823239262 0.078044206667417917 -0.018294932925993771 -0.049758090628462398 0.1000002724975837 0.10000020397065688 -0.0054126300894104763 -0.091829462542229706 0.099999162141683445 0.10000108854884493 0.099998954066475895 0.10000109666565785 0.099998954591832293 0.10000114231426123 0.09999894639818091 0.10000124619881877 0.099998933275427845 0.10000117323461065 0.099998910890155737 0.10000013901936321 0.099998919513480125 0.10000125183381031 -0.10000089911891091 -0.09999963133454072 -0.10000081587595222 -0.099999255709229407
leaf_weight=0.001099210588904497 0.0074240454051732749 0.0011000946718127116 0.0015778899889937748 0.01461809796279567 0.0019354130067767992 0.0017499015430075815 0.0016826836302925577 0.0011316225297832716 0.0025423519075502554 0.001111754770704465 0.0010555939122696145 0.0010524372646614219 0.0010097248788269999 0.0011179921619373047 0.0010161978506744189 0.0011269623272482888 0.0010056977162662432 0.0011066388357789869 0.0010307330811087983 0.0010080889412620248 0.0010242717799542394 0.0010303897264520795 0.0010024623802564825 0.010748083278031114 0.001015387207814915 0.0010248475477965249 0.0010042377888339607 0.0017822477325353274 0.0011770186962962717 0.0010200554477250981
leaf_count=89 9101 1319 238 17739 1403 1284 264 233 2734 808 18 1121 1250 1384 1258 1395 1245 1370 1276 1248 1268 1273 1241 13245 1257 777 1014 2192 1362 1204
internal_value=1.20295e-05 0.0427384 -0.0333851 -0.073836 -0.0752086 -0.0137639 -0.0932208 0.0155479 0.0736391 0.0589803 -0.0283561 -0.0990932 0.1 0.1 0.1 0.1 0.1 0.1 0.1 0.1 0.1 0.1 0.1 0.1 0.1 0.100001 -0.1 -0.1 -0.1 -0.1
internal_weight=0.0673321 0.0426538 0.0183111 0.0246783 0.013166 0.00368531 0.0202801 0.00439818 0.00514509 0.00221097 0.00218722 0.00948072 0.0243427 0.023333 0.0222329 0.0212167 0.0200987 0.019093 0.0179661 0.0169353 0.0158287 0.0148044 0.0137963 0.0127939 0.0117635 0.0035672 0.00842828 0.0185974 0.0168152 0.0156382
internal_count=71610 47701 17672 23909 13923 2687 22761 1148 3749 897 251 11236 30029 28779 27460 26202 24818 23573 22178 20902 19532 18264 17016 15775 14502 3511 10115 22497 20305 18943
is_linear=0
shrinkage=0.1


Tree=134
num_leaves=31
num_cat=0
split_feature=6 2 9 6 6 2 5 3 2 6 11 9 2 3 2 3 2 3 2 3 2 3 2 3 2 3 11 3 11 3
split_gain=0.0189457 0.0173625 0.00643829 0.00446254 0.00160971 0.00158954 0.00224786 0.00072302 0.000683998 0.00109759 7.90654e-05 6.04347e-06 3.31686e-13 1.20771e-13 1.1359e-13 1.18884e-13 1.26947e-13 1.19117e-13 1.11768e-13 1.1155e-13 1.12301e-13 1.05058e-13 1.07588e-13 1.01414e-13 9.86294e-14 4.2532e-14 5.32109e-14 5.86215e-14 5.1386e-14 5.86458e-14
threshold=-0.66839709116297985 -0.24687188557739606 -0.138521458831036 -1.3667817907455606 0.8854166036507205 -0.25573480483701444 0.26677991956053709 -0.13575096189826916 -0.26447445642054973 0.85400385454786487 -0.089664925162251427 -0.1374893303524333 -0.13347624176981313 -0.027322164213859124 -0.13606421426444998 -0.047807818375478768 -0.13825321425538686 -0.071343356200649619 -0.14216349063262326 -0.090353984583839517 -0.14709243499775307 -0.10674180088532451 -0.14999442557934839 -0.12680314846803115 -0.15262001514655438 -1.0000000180025095e-35 -0.089921267706127239 -0.13620506118635381 -0.089923650086588827 -0.14255187482361531
decision_type=2 2 2 2 2 2 2 2 2 2 2 2 2 2 2 2 2 2 2 2 2 2 2 2 2 2 2 2 2 2
left_child=3 2 5 7 8 -2 -7 10 -4 -10 -1 -6 13 14 15 16 17 18 19 20 21 22 23 24 -3 26 27 28 29 -5
right_child=1 12 4 25 11 6 -8 -9 9 -11 -12 -13 -14 -15 -16 -17 -18 -19 -20 -21 -22 -23 -24 -25 -26 -27 -28 -29 -30 -31
leaf_value=-0.0039294958681417762 -0.10000006125812139 0.10000016482486654 0.048325143502465882 -0.10000013930270737 0.09057115522915285 -0.095591684230043106 0.081196998554238259 0.05871348356907146 -0.10000580009906611 0.039659295505702762 -0.041262425696345896 0.10000045506823725 0.099998298469464064 0.1000011825510542 0.099999080189385817 0.1000011713535981 0.099998976349034041 0.10000114677954218 0.099999112396953499 0.10000112374242927 0.099999049489812156 0.10000109291166831 0.099999093877868928 0.10000108722625478 0.099999182009372939 -0.099999583176211021 -0.10000082040195601 -0.099999336376708853 -0.10000081138433324 -0.099999355402771578
leaf_weight=0.0010626089223251256 0.008471653475680796 0.0081775952644420613 0.001737489479182841 0.011127259719955875 0.0010007238676053021 0.001561573724984556 0.0013332967798760365 0.001982662569389503 0.0012108783903386202 0.0010511372952350939 0.0012169929769925147 0.0021189795505733855 0.0010583727841719784 0.0010049770136220096 0.0011190263423941386 0.0010122983391056542 0.0010240080697485601 0.0010648515858520139 0.0011672650815626176 0.0010470842387917392 0.0010314175199823685 0.0010491604162439225 0.0010724645022150989 0.0010309050757086871 0.0011667837308095832 0.0016126492751027408 0.0010213982951654535 0.0010036932671937402 0.0010187385205995278 0.0010439006090905414
leaf_count=240 11290 11097 174 14905 784 1388 1066 878 164 462 30 2608 1448 1375 1531 1385 1401 1456 1597 1429 1411 1429 1467 1407 1596 2192 1292 1304 1386 1418
internal_value=1.27716e-05 0.0400261 -0.0314344 -0.0768495 0.0431358 -0.07814 -0.0141677 0.0145503 0.00113937 -0.0351048 -0.0238601 0.0969758 0.1 0.1 0.1 0.1 0.1 0.1 0.1 0.1 0.1 0.1 0.1 0.1 0.1 -0.1 -0.1 -0.1 -0.1 -0.1
internal_weight=0.0616018 0.0405119 0.0184857 0.0210899 0.00711921 0.0113665 0.00289487 0.00426226 0.00399951 0.00226202 0.0022796 0.0031197 0.0220262 0.0209678 0.0199629 0.0188438 0.0178315 0.0168075 0.0157427 0.0145754 0.0135283 0.0124969 0.0114477 0.0103753 0.00934438 0.0168276 0.015215 0.0141936 0.0131899 0.0121712
internal_count=71610 47965 17936 23645 4192 13744 2454 1148 800 626 270 3392 30029 28581 27206 25675 24290 22889 21433 19836 18407 16996 15567 14100 12693 22497 20305 19013 17709 16323
is_linear=0
shrinkage=0.1


Tree=135
num_leaves=31
num_cat=0
split_feature=6 2 9 6 2 5 6 7 0 4 6 8 8 6 8 6 8 6 8 6 8 6 8 6 6 8 3 8 3 8
split_gain=0.016943 0.0152321 0.00668599 0.00372337 0.00123781 0.00208743 0.00100018 0.000722446 0.000686709 0.000697714 0.000253785 1.1098e-06 3.01738e-14 3.61031e-14 3.77337e-14 2.78388e-14 2.89976e-14 2.59896e-14 2.6739e-14 2.29886e-14 2.64736e-14 2.52402e-14 2.18055e-14 1.78434e-14 1.20763e-14 4.25701e-15 1.72189e-14 1.38448e-14 1.59716e-14 1.44208e-14
threshold=1.0000000180025095e-35 -0.24794321373743616 -0.13813198625806219 -1.3667817907455606 -0.25666001173070457 0.28564242249482519 -0.66839709116297985 -0.13147795573554272 0.41222815622387959 1.4338619474365439 0.87405034590428377 -0.11412478191598192 -0.11348442872481108 0.16832025977965628 -0.11354592685224539 0.17589641773155343 -0.11359405202533156 0.18195734409306252 -0.11363345894172412 0.18953350204495967 -0.11366840663191928 0.19938250738241733 -0.11369908456875286 0.21453482328621162 0.89602600398473109 -1.0000000180025095e-35 -0.12574648788639051 -0.11358531216958474 -0.14119511622386141 -0.11364220365296064
decision_type=2 2 2 2 2 2 2 2 2 2 2 2 2 2 2 2 2 2 2 2 2 2 2 2 2 2 2 2 2 2
left_child=3 2 4 8 11 -6 25 -4 -1 -10 12 -2 13 -3 15 -15 17 -17 19 -19 21 -21 23 -23 -9 26 27 28 29 -5
right_child=1 10 7 6 5 -7 -8 24 9 -11 -12 -13 -14 14 -16 16 -18 18 -20 20 -22 22 -24 -25 -26 -27 -28 -29 -30 -31
leaf_value=-0.050333514458284406 -0.10000006797034713 0.099999461763377304 0.013352651461044288 -0.10000008018387263 -0.089519550467772949 0.091203582005056461 -0.017109876489222711 0.10000049522646473 0.094622155544191122 -0.0031344746524082862 0.048409413064495727 -0.096429740314997098 0.10000058784831517 0.09999956188486378 0.10000066185645036 0.099999546874257494 0.10000058771233296 0.099999586711616906 0.10000056287038672 0.099999544271484553 0.10000052938617876 0.099999635025651068 0.10000049453791374 0.10000007381390395 0.10000006448030832 -0.099999873371609316 -0.10000047644958417 -0.099999691703501231 -0.10000045352277034 -0.099999694104360798
leaf_weight=0.0012035880312737382 0.0066730656988056589 0.0010350144049766632 0.0014737409387635125 0.010018858644514243 0.0016849246535457487 0.0010297120707036811 0.0016095834520513117 0.0010438449319281071 0.0012875921302679671 0.0016862717870935739 0.0010020187910413361 0.0010012540799380076 0.0010454633890049072 0.0011648413569105244 0.0010134320781958221 0.0010231110869653977 0.0010069012992062242 0.0010720507673340754 0.0010161962958363828 0.001004595201777648 0.0011346751844598666 0.0010674233869281142 0.0010790339105710691 0.0070314680145315833 0.0017287424223013659 0.0010837339161184891 0.0010122895607196378 0.0010046818264299881 0.0010357263682294606 0.0010709909465731462
leaf_count=177 9939 1565 236 14830 1619 921 264 951 838 133 871 1169 1570 1759 1530 1547 1511 1621 1533 1519 1713 1614 1629 10363 2521 1628 1498 1413 1518 1610
internal_value=-1.98278e-06 0.0422877 -0.035793 -0.0711073 -0.0790049 -0.0209679 -0.0920754 0.0699281 0.0133977 0.0391912 0.0975023 -0.0995343 0.1 0.1 0.1 0.1 0.1 0.1 0.1 0.1 0.1 0.1 0.1 0.1 0.1 -0.1 -0.1 -0.1 -0.1 -0.1
internal_weight=0.0563448 0.0353315 0.0146353 0.0210133 0.010389 0.00271464 0.0168359 0.00424633 0.00417745 0.00297386 0.0206962 0.00767432 0.0196942 0.0186487 0.0176137 0.0166003 0.0154355 0.0144286 0.0134054 0.0123892 0.0113172 0.0101825 0.00917793 0.00809889 0.00277259 0.0152263 0.0141425 0.0131303 0.0121256 0.0110898
internal_count=71610 47701 17356 23909 13648 2540 22761 3708 1148 971 30345 11108 29474 27904 26339 24809 23050 21539 19992 18459 16838 15125 13606 11977 3472 22497 20869 19371 17958 16440
is_linear=0
shrinkage=0.1


Tree=136
num_leaves=31
num_cat=0
split_feature=6 2 9 6 2 5 4 6 7 0 4 8 5 3 8 3 7 3 8 3 7 3 8 3 4 3 2 3 2 3
split_gain=0.0150858 0.014308 0.0052161 0.00395867 0.00140324 0.00189952 0.0013927 0.000896948 0.000795393 0.000577855 0.000643882 7.13596e-14 4.12088e-14 2.6347e-14 2.49349e-14 2.37484e-14 2.13597e-14 2.00378e-14 2.26746e-14 2.29591e-14 2.05946e-14 1.54755e-14 1.21205e-14 1.02661e-14 1.19609e-14 1.05471e-15 1.35655e-15 2.25167e-15 2.70096e-15 5.43662e-15
threshold=-0.66839709116297985 -0.24687188557739606 -0.13846733374056872 -1.3667817907455606 -0.25573480483701444 0.26677991956053709 0.74601537681500296 0.85135922873184977 -0.13113215942399101 0.41222815622387959 1.4338619474365439 -0.11349331646192386 0.3327986798305454 -0.045983569818108035 -0.11358531216958474 -0.08545453172810101 -0.13125948727040707 -0.11832688900759053 -0.11368597179076685 -0.14436740340406987 -0.13143238311580333 -0.1516799150181258 -0.11377343433798172 -0.15579336953653958 1.0000000180025095e-35 -1.0000000180025095e-35 -1.0000000180025095e-35 -0.13986732551502848 -0.2300217753751416 -0.14497609610092424
decision_type=2 2 2 2 2 2 2 2 2 2 2 2 2 2 2 2 2 2 2 2 2 2 2 2 2 2 2 2 2 2
left_child=3 2 4 9 -2 -6 8 -8 -4 -1 -11 13 -9 14 15 16 17 18 19 20 21 22 23 24 -3 26 27 28 29 -5
right_child=1 11 6 25 5 -7 7 12 -10 10 -12 -13 -14 -15 -16 -17 -18 -19 -20 -21 -22 -23 -24 -25 -26 -27 -28 -29 -30 -31
leaf_value=-0.046480618383449614 -0.10000007001874221 0.09999979729747277 -0.090174287759584359 -0.10000008317923269 -0.094835732827741326 0.079050476504115869 -0.0054889106352108679 0.1000008340696549 0.035373997147128959 0.093537625373814756 -0.0028213158231747571 0.099999229888923971 0.10000006718856852 0.10000057492892628 0.099999580233942009 0.10000054522960461 0.099999616939878883 0.10000050312879555 0.099999594888474624 0.1000005360082868 0.099999615696798994 0.10000045248779876 0.099999734802676987 0.10000035710487767 0.10000012790773104 -0.09999997662652807 -0.10000015622072347 -0.099999915997743799 -0.10000022563332699 -0.099999838792259974
leaf_weight=0.0011746159279937265 0.0070000154773879322 0.0015289488138705591 0.001015976785993189 0.0077716551506341628 0.0013348091875968757 0.0011867713850506334 0.0010820336994470381 0.0010488301231816877 0.0010025725471223259 0.0011779099105524438 0.0016861146922337866 0.0010493997290836879 0.002111092500229006 0.0010101284368033694 0.0010624677050827839 0.0010287243434277107 0.0010650164153958022 0.0010429733415548989 0.0010187467710238715 0.00103606115550292 0.0010200523138337294 0.0010406455474480944 0.001103013899751204 0.0012028161392549919 0.0038491637668585099 0.0013203169937128232 0.0016088331356343142 0.0010138846055554032 0.0010317970730682182 0.0010308199268536109
leaf_count=177 11316 2555 205 12684 1388 1098 27 753 82 838 133 1742 3067 1688 1757 1717 1774 1735 1700 1731 1703 1739 1841 2010 6337 2192 2671 1525 1713 1712
internal_value=7.57151e-07 0.039212 -0.0303426 -0.0744786 -0.0769592 -0.0129969 0.0405565 0.0730922 -0.027817 0.0125847 0.036809 0.1 0.1 0.1 0.1 0.1 0.1 0.1 0.1 0.1 0.1 0.1 0.1 0.1 0.1 -0.1 -0.1 -0.1 -0.1 -0.1
internal_weight=0.0516562 0.0338403 0.0157821 0.0178159 0.0095216 0.00252158 0.00626051 0.00424196 0.00201855 0.00403864 0.00286402 0.0180582 0.00315992 0.0170088 0.0159986 0.0149362 0.0139074 0.0128424 0.0117994 0.0107807 0.00974464 0.00872459 0.00768394 0.00658093 0.00537811 0.0137773 0.012457 0.0108482 0.00983427 0.00880248
internal_count=71610 47965 17936 23645 13802 2486 4134 3847 287 1148 971 30029 3820 28287 26599 24842 23125 21351 19616 17916 16185 14482 12743 10902 8892 22497 20305 17634 16109 14396
is_linear=0
shrinkage=0.1


Tree=137
num_leaves=31
num_cat=0
split_feature=6 2 9 6 2 6 2 3 9 2 2 3 2 3 2 3 2 3 2 3 2 3 2 11 9 3 2 3 2 10
split_gain=0.0134641 0.0129645 0.00467875 0.00372389 0.00130462 0.00128132 0.000685734 0.000517383 6.5821e-05 5.39123e-05 3.72693e-06 7.34829e-15 1.02279e-14 1.30451e-14 1.2117e-14 1.33678e-14 1.25334e-14 1.36852e-14 1.23061e-14 1.37078e-14 1.34224e-14 1.48727e-14 1.37147e-14 7.57597e-15 2.77729e-15 1.60809e-15 2.4928e-15 1.69136e-15 1.55605e-15 1.60896e-15
threshold=-0.66839709116297985 -0.24687188557739606 -0.13846733374056872 -1.3667817907455606 -0.25329000933969864 0.8854166036507205 -0.26447445642054973 -0.13575096189826916 -0.12696385944927116 -0.25970653741802413 -0.25844520209720995 -0.0365705664796388 -0.13453262035024649 -0.064097702948494886 -0.13752945771094446 -0.090353984583839517 -0.14216349063262326 -0.11311481101196154 -0.14851145369416724 -0.13982879112140967 -0.15192989471468374 -0.15523153187903024 -0.15641253341029634 -0.089933435572182932 -0.10187674446818903 -0.13426585142506708 -0.021115555208744977 -0.14300205153689063 -0.24770721436376006 -0.1119603108418309
decision_type=2 2 2 2 2 2 2 2 2 2 2 2 2 2 2 2 2 2 2 2 2 2 2 2 2 2 2 2 2 2
left_child=3 2 4 7 9 6 -4 8 -1 -2 -7 12 13 14 15 16 17 18 19 20 21 22 23 -3 25 26 27 28 29 -5
right_child=1 11 5 24 -6 10 -8 -9 -10 -11 -12 -13 -14 -15 -16 -17 -18 -19 -20 -21 -22 -23 -24 -25 -26 -27 -28 -29 -30 -31
leaf_value=-0.036651249954690414 -0.10000006739193622 0.10000009632339463 0.049867631297645931 -0.10000004696828046 -0.00057376944698974319 0.10000005453282844 -0.038747176693144363 0.052911566447921304 -0.0019889610867245967 -0.075090570837841319 0.091944054029430525 0.099999791544719163 0.10000036425800057 0.099999697763374973 0.10000039507960617 0.099999698532912185 0.10000039763025736 0.099999691504808141 0.10000039282425849 0.09999969164455709 0.10000042166062756 0.099999677687686847 0.10000041957793565 0.099999777472842999 -0.099999888677826387 -0.10000018000509794 -0.09999989958248362 -0.10000018433661516 -0.099999935168467419 -0.10000018183145565
leaf_weight=0.0011640020682079921 0.0058550651374389426 0.002837112635745603 0.0015864615228338153 0.0062848324648712177 0.001795358401068369 0.001328603774027215 0.0019424959183425025 0.0017174355730276139 0.0010349158408189396 0.001020283611069317 0.0010114407625678723 0.0010266192460619541 0.0010823963697816916 0.0010034227598225707 0.0010656062895009191 0.0010289879653555536 0.0010883483043926398 0.0010111287608651773 0.0011002600426763811 0.0010091905419926661 0.0010171834993570883 0.0010038841075470373 0.0010549639651458165 0.0010105914115001724 0.0010268082930906539 0.0010229941119632721 0.0010131827278030405 0.0010489885583808692 0.0010406157170166361 0.0010288030123035696
leaf_count=256 10510 5148 156 11318 1932 2383 619 878 14 1360 976 1896 1999 1853 1968 1896 2010 1859 2032 1862 1878 1854 1948 1826 1884 1718 1859 1925 1903 1890
internal_value=1.09116e-06 0.0388778 -0.0298113 -0.0732773 -0.0764817 0.0391384 0.00109008 0.0117843 -0.0203375 -0.0963036 0.096518 0.1 0.1 0.1 0.1 0.1 0.1 0.1 0.1 0.1 0.1 0.1 0.1 0.1 -0.1 -0.1 -0.1 -0.1 -0.1 -0.1
internal_weight=0.047262 0.0308794 0.0145397 0.0163826 0.00867071 0.005869 0.00352896 0.00391635 0.00219892 0.00687535 0.00234004 0.0163397 0.0153131 0.0142307 0.0132273 0.0121617 0.0111327 0.0100443 0.00903319 0.00793293 0.00692374 0.00590655 0.00490267 0.0038477 0.0124662 0.0114394 0.0104164 0.00940324 0.00835425 0.00731364
internal_count=71610 47965 17936 23645 13802 4134 775 1148 270 11870 3359 30029 28133 26134 24281 22313 20417 18407 16548 14516 12654 10776 8922 6974 22497 20613 18895 17036 15111 13208
is_linear=0
shrinkage=0.1


Tree=138
num_leaves=31
num_cat=0
split_feature=6 2 9 6 2 5 6 11 9 11 8 5 2 5 2 2 1 2 1 4 1 4 1 4 1 6 2 2 6 2
split_gain=0.0120386 0.0112862 0.00485936 0.00305318 0.00141679 0.00180053 0.000822066 0.000780824 0.000629634 0.000234291 3.66436e-06 6.84452e-14 2.13652e-13 6.60808e-14 6.12739e-14 2.25948e-14 1.78833e-14 2.24178e-14 2.0671e-14 3.11556e-14 2.76515e-14 3.59114e-14 2.72872e-14 4.05028e-14 1.8879e-14 1.4537e-15 6.6093e-16 1.05818e-15 1.36696e-15 9.24608e-16
threshold=1.0000000180025095e-35 -0.24687188557739606 -0.13803224555434054 -5.5042769661380531 -0.25666001173070457 0.26677991956053709 -0.66839709116297985 -0.089664925162251427 -0.13778286579157933 -0.074410679361640572 -0.11413748930649882 0.14417365048766448 -0.13487297455340283 0.059292387283368074 -0.13825321425538686 -0.26145977843309026 0.049296733026605449 -0.14444237687952907 0.097499709666746676 -1.0000000180025095e-35 0.20403097930815675 -0.084442873629422502 0.42699567733118132 -0.19519885659978323 0.61487312414166506 -1.3403252794602525 0.49962436464771198 -0.24647855410191979 -0.7078999782655363 -0.25017994184112941
decision_type=2 2 2 2 2 2 2 2 2 2 2 2 2 2 2 2 2 2 2 2 2 2 2 2 2 2 2 2 2 2
left_child=3 2 4 7 10 -6 9 -1 -4 25 -2 12 13 14 16 -10 -3 18 -18 20 -20 22 -22 24 -24 -5 27 28 29 -27
right_child=1 11 8 6 5 -7 -8 -9 15 -11 -12 -13 -14 -15 -16 -17 17 -19 19 -21 21 -23 23 -25 -26 26 -28 -29 -30 -31
leaf_value=0.094102558603650063 -0.10000005762013274 0.100000483760857 0.011361810095268486 -0.10000017291976211 -0.094493104485715684 0.06506119015854081 -0.017524282117332264 -0.012778049697058914 0.10000026094039641 -0.050201344760159396 -0.093345496146401974 0.10000079381244789 0.099998619528327823 0.10000085387940601 0.099999289911924416 0.10000089467142673 0.10000051468775309 0.099999610670646222 0.10000059863411999 0.099999527126585525 0.10000060835507361 0.09999950629721549 0.10000057004737345 0.099999488069376655 0.099999992101860932 -0.1000000550335059 -0.10000012802476879 -0.099999948958142015 -0.10000015779231815 -0.099999952678768489
leaf_weight=0.0010402556675330743 0.0047929074953572135 0.001026048945902862 0.0012341812695240151 0.0011154363528476105 0.0013769441941349206 0.0014542297672051063 0.0015111622820427337 0.0019932267147737539 0.0012838215520787344 0.001032913568508321 0.0010001571931752551 0.0010780529945009229 0.0010847413495298488 0.0010195779921673412 0.0010612151883719898 0.0010014468342660629 0.00104650906496318 0.0010592550995625017 0.0010220120781241401 0.0010215323132456381 0.0010278914548393966 0.0010489666406669988 0.0010220094168857993 0.0010024231660850039 0.0012645369497477077 0.0056963725941727751 0.0010380789159398782 0.0010400516501363173 0.0011346175411972581 0.0010447069911947438
leaf_count=602 9640 2052 195 1338 1403 1441 264 261 2171 1636 1482 2127 2214 2061 2166 1340 2136 2162 2086 2073 2098 2141 2086 2046 2581 11365 2105 2109 2215 2014
internal_value=8.63329e-07 0.0413273 -0.030106 -0.0668501 -0.0705163 -0.0125382 -0.0870663 0.0238739 0.0689172 -0.0957498 -0.0988512 0.1 0.1 0.1 0.1 0.100001 0.1 0.1 0.1 0.1 0.1 0.1 0.1 0.1 0.1 -0.1 -0.1 -0.1 -0.1 -0.1
internal_weight=0.0435753 0.0269285 0.0121437 0.0166468 0.00862424 0.00283117 0.0136133 0.00303348 0.00351945 0.0121022 0.00579306 0.0147848 0.0137067 0.012622 0.0116024 0.00228527 0.0105412 0.00951514 0.00845588 0.00740937 0.00638784 0.00536583 0.00431686 0.00328897 0.00228655 0.0110693 0.00995383 0.00891575 0.0078757 0.00674108
internal_count=71610 47701 17672 23909 13966 2844 23046 863 3706 22782 11122 30029 27902 25688 23627 3511 21461 19409 17247 15111 13038 10952 8811 6713 4667 21146 19808 17703 15594 13379
is_linear=0
shrinkage=0.1


Tree=139
num_leaves=31
num_cat=0
split_feature=6 2 9 6 2 5 6 7 0 4 8 3 1 3 1 3 1 3 11 3 11 1 5 0 3 6 3 6 3 6
split_gain=0.01067 0.010233 0.00431997 0.00284779 0.0012749 0.00178301 0.00093078 0.000671235 0.000473105 0.000373592 1.01705e-05 4.17444e-14 1.32169e-14 1.4622e-14 1.40252e-14 1.56767e-14 1.43149e-14 1.45535e-14 1.37832e-14 1.37182e-14 1.31973e-14 1.11361e-14 1.40096e-14 2.47077e-14 8.62678e-15 7.52523e-15 7.74034e-15 5.9848e-15 9.27643e-15 7.72125e-15
threshold=-1.0000000180025095e-35 -0.24687188557739606 -0.13813198625806219 -1.3667817907455606 -0.25573480483701444 0.26004331136971992 -0.66839709116297985 -0.13147795573554272 0.41222815622387959 1.6669591648251514 -0.11414521841152632 -0.041794676531706078 0.05322495880794785 -0.08229833600553367 0.09347777122369906 -0.12158499014695155 0.15728586044605675 -0.14934852308859639 -0.089927727164793025 -0.1549025877209258 -0.089922019521426325 0.37087401464635333 0.10375400134276143 0.13362268232923599 -1.0000000180025095e-35 -0.7078999782655363 -0.13986732551502848 -0.75780136146848742 -0.14765228950372863 -0.79696866948532397
decision_type=2 2 2 2 2 2 2 2 2 2 2 2 2 2 2 2 2 2 2 2 2 2 2 2 2 2 2 2 2 2
left_child=3 2 4 8 10 -6 24 -4 -1 -10 -2 12 -3 14 -14 16 -16 18 19 21 -9 -18 23 -23 25 26 27 28 29 -5
right_child=1 11 7 6 5 -7 -8 20 9 -11 -12 -13 13 -15 15 -17 17 -19 -20 -21 -22 22 -24 -25 -26 -27 -28 -29 -30 -31
leaf_value=-0.043249834007854038 -0.10000004424205261 0.09999967779627976 0.0093689311785523227 -0.10000003091548511 -0.096789798525664883 0.074412218344470663 -0.015820718217852459 0.1000005257232274 0.078159800597058474 0.0016612629105443916 -0.088823135707625733 0.10000068094417357 0.099999660551799499 0.10000040829703863 0.099999657390691721 0.10000042545053947 0.099999691691749548 0.10000039832514114 0.099999662107199364 0.10000038158719082 0.10000002043416077 0.10000058107890052 0.09999977148637175 0.099999885551111722 -0.099999764021625026 -0.10000032659479285 -0.099999779638589248 -0.10000028778820105 -0.099999768665505598 -0.10000033984876758
leaf_weight=0.0011187109570300899 0.004356591825853684 0.0010447110086033726 0.0013511413892501878 0.0039915685380549383 0.0012087130305644678 0.0012246988317201613 0.001506750129919964 0.0010457773569214623 0.0011185003172613506 0.0014872811717623335 0.0010012485288370954 0.0010293716454441446 0.0010146217674389434 0.0010324817012019568 0.0010264722985198239 0.0010032190345441424 0.0010068467782389278 0.001062182498202442 0.0010218746257351086 0.0010768134975478461 0.0010220225005923567 0.0010002396799961843 0.0010153225537408161 0.0010436551883969969 0.0010137969410095584 0.0010266437118104941 0.001006426397850646 0.0011229204725964337 0.0010661531940172608 0.0010148135464476127
leaf_count=177 9632 2313 238 8726 1343 1245 264 1461 851 120 1703 2322 2288 2329 2315 2263 2250 2396 2300 2429 2050 2244 2237 2343 2192 2215 2190 2520 2391 2263
internal_value=5.17732e-06 0.0409456 -0.0295278 -0.0650504 -0.07065 -0.0106265 -0.0892045 0.0641834 0.0111447 0.0344973 -0.0979114 0.1 0.1 0.1 0.1 0.1 0.1 0.1 0.1 0.1 0.1 0.1 0.1 0.1 -0.1 -0.1 -0.1 -0.1 -0.1 -0.1
internal_weight=0.0400616 0.024588 0.0112102 0.0154736 0.00779125 0.00243341 0.0117491 0.00341894 0.00372449 0.00260578 0.00535784 0.0133778 0.0123484 0.0113037 0.0102712 0.00925663 0.00825341 0.00722693 0.00616475 0.00514288 0.0020678 0.00406606 0.00305922 0.00204389 0.0102423 0.00922853 0.00820188 0.00719546 0.00607254 0.00500638
internal_count=71610 47701 17672 23909 13923 2588 22761 3749 1148 971 11335 30029 27707 25394 23065 20777 18514 16199 13803 11503 3511 9074 6824 4587 22497 20305 18090 15900 13380 10989
is_linear=0
shrinkage=0.1


Tree=140
num_leaves=31
num_cat=0
split_feature=6 2 9 6 2 5 6 9 3 9 3 6 3 6 3 6 3 6 3 6 9 3 6 3 5 3 5 2 2 4
split_gain=0.0094493 0.00927768 0.00383637 0.00263183 0.00118427 0.00135591 0.000950488 0.000657417 0.000396762 5.33902e-05 1.10861e-13 2.41022e-14 2.95181e-14 2.63973e-14 3.47326e-14 2.57476e-14 3.22164e-14 2.17422e-14 3.20906e-14 1.81092e-14 1.00926e-14 1.90646e-15 1.30972e-15 1.80671e-15 1.67488e-15 4.32553e-15 2.32193e-15 9.94864e-16 2.13805e-16 6.90854e-16
threshold=-1.0000000180025095e-35 -0.24687188557739606 -0.13813198625806219 -1.3667817907455606 -0.25782856046537267 0.27890581430400802 -0.66839709116297985 -0.13778286579157933 -0.13575096189826916 -0.12696385944927116 -0.044165860535656423 0.17286595455077733 -0.084420142801729312 0.18195734409306252 -0.11425617844798801 0.19332158102090824 -0.14497609610092424 0.20998912851509058 -0.1579512012295694 0.61228311576119943 -0.13903166321266611 -0.0288626006095004 -0.71277284401656971 -0.14210030343339997 0.86768537018142911 -0.14934561237607835 1.0091541421885899 -0.26165413132627946 -0.26505823438393111 1.0000000180025095e-35
decision_type=2 2 2 2 2 2 2 2 2 2 2 2 2 2 2 2 2 2 2 2 2 2 2 2 2 2 2 2 2 2
left_child=3 2 4 8 20 -6 21 -4 9 -1 11 -3 13 -13 15 -15 17 -17 19 -19 28 22 23 24 -5 26 -26 -28 29 -2
right_child=1 10 7 6 5 -7 -8 -9 -10 -11 -12 12 -14 14 -16 16 -18 18 -20 -21 -22 -23 -24 -25 25 -27 27 -29 -30 -31
leaf_value=-0.034465323717815716 -0.1000001100322564 0.09999953887974776 0.0084394757045196129 -0.1000001663358266 -0.077859240484490083 0.070533001874409806 -0.014274645125952582 0.10000024926483715 0.048200666656871033 -0.0023307760475799245 0.10000109043728028 0.099999500504045241 0.10000054543798267 0.09999951115861401 0.10000059407290557 0.099999539232504292 0.10000056018300962 0.099999538849423059 0.10000050836835271 0.10000006741243049 -0.1000003885297247 -0.099999911016657464 -0.10000016197462741 -0.099999919416071198 -0.10000020985976879 -0.099999851812533957 -0.10000011375372608 -0.099999991977863897 -0.099999993490489381 -0.10000000407818688
leaf_weight=0.0010378809110989096 0.0010371390303589578 0.0010508422997759235 0.0013500140254336657 0.0012404431788866103 0.0014475420798589766 0.0010715859762058244 0.0015031641232781104 0.0018710230527858585 0.0015714380497229294 0.0010302744249202078 0.0010068248729169236 0.0010040201541698978 0.0010444483516209831 0.001058619249818097 0.0010053829248022304 0.001058216092047818 0.001012659208612373 0.0010368011859327488 0.0010974904755016689 0.0017294399749516742 0.0010159780024423526 0.0010013033256655026 0.0010420638615471498 0.0010298059232525247 0.0010651173257372219 0.0010104568065969462 0.0010651724172134917 0.0018132739760119395 0.0010461526187555137 0.0015108985403458064
leaf_count=256 2573 2619 238 3072 1691 1278 264 3511 878 14 2510 2498 2601 2624 2496 2633 2523 2583 2736 4206 2081 2400 2491 2489 2647 2508 2576 4314 2581 3719
internal_value=4.96241e-06 0.0405624 -0.0289501 -0.0631939 -0.0698722 -0.0147362 -0.0880363 0.0616249 0.0103232 -0.0184571 0.1 0.1 0.1 0.1 0.1 0.1 0.1 0.0999999 0.1 0.0999999 -0.1 -0.1 -0.1 -0.1 -0.1 -0.1 -0.1 -0.1 -0.1 -0.1
internal_weight=0.0368655 0.0224551 0.0103503 0.0144104 0.0071293 0.00251913 0.0107708 0.00322104 0.00363959 0.00206816 0.0121047 0.0110979 0.0100471 0.00900263 0.00799861 0.00699323 0.00593461 0.00492195 0.00386373 0.00276624 0.00461017 0.00926764 0.00826633 0.00722427 0.00619446 0.00495402 0.00394356 0.00287845 0.00359419 0.00254804
internal_count=71610 47701 17672 23909 13923 2969 22761 3749 1148 270 30029 27519 24900 22299 19801 17305 14681 12158 9525 6789 10954 22497 20097 17606 15117 12045 9537 6890 8873 6292
is_linear=0
shrinkage=0.1


Tree=141
num_leaves=29
num_cat=0
split_feature=6 2 5 6 0 0 1 9 0 11 2 7 6 3 7 3 7 3 9 3 0 11 2 6 1 6 1 5
split_gain=0.00834295 0.00877566 0.00320601 0.00301205 0.0010887 0.00107201 0.000567819 0.000554989 0.000411102 0.000309235 0.00011643 1.85773e-13 9.13566e-14 6.43582e-14 5.84151e-14 5.26992e-14 4.57299e-14 4.96183e-14 3.72471e-14 4.07452e-14 3.91514e-14 1.55605e-15 9.66241e-16 2.97852e-15 8.318e-16 1.62544e-15 1.43028e-15 3.66027e-16
threshold=-0.66839709116297985 -0.24687188557739606 0.25465402481706617 -1.3667817907455606 -0.49239870680037073 0.14114346666898211 0.16147902200978773 -0.13726673027680064 0.41222815622387959 -0.089390673213483096 -0.25154089535620844 -0.13103169268032186 0.88997070263797551 -0.075508127624441701 -0.13125948727040707 -0.12894355980459779 -0.13139607131628894 -0.15206277148009548 -0.13786342368994503 -0.15798199034764651 1.0000000180025095e-35 -0.089919570425867387 -0.26320892413181302 -0.73461330786019885 -1.0000000180025095e-35 -0.80935433829243053 -0.45244144460488539 1.0000000180025095e-35
decision_type=2 2 2 2 2 2 2 2 2 2 2 2 2 2 2 2 2 2 2 2 2 2 2 2 2 2 2 2
left_child=3 2 10 8 -4 -6 7 -7 -1 -10 12 13 -2 14 15 16 17 18 19 20 -3 22 -5 24 25 26 -24 -14
right_child=1 11 4 21 5 6 -8 -9 9 -11 -12 -13 27 -15 -16 -17 -18 -19 -20 -21 -22 -23 23 -25 -26 -27 -28 -29
leaf_value=-0.041912318209040102 -0.10000116776297792 0.099999471311577146 0.091680736639188187 -0.10000012719375986 -0.087915984352873622 -0.067360003383843778 0.06104450683995586 0.037298110991407792 0.061203276782735565 -0.010138153858784303 -0.061542485106466163 0.099998663365178264 -0.099999990376950898 0.10000085125766663 0.099999285724655773 0.10000076839577031 0.09999939211354103 0.1000007367912461 0.099999436078010207 0.10000063260319861 0.10000023673228285 -0.10000016870125919 -0.10000001242335202 -0.099999864161346139 -0.10000011341492834 -0.099999919777784954 -0.10000016160800274 -0.10000006861485949
leaf_weight=0.0010875532476575253 0.00100368703795084 0.0011669178089448477 0.0015440526732390936 0.001004639737374192 0.0011755993293149913 0.0010227989884015187 0.0018557966411378857 0.0010041141030967538 0.0014698776736281616 0.0010356911414532988 0.0010174369501214642 0.0010034052983201045 0.0010095178964775187 0.0010014099711383997 0.0010003570853882584 0.0010180271633828406 0.0010562742819217874 0.0010307928318411541 0.0010207830950719199 0.0010910447143999136 0.0015638208347752425 0.0010058542235356063 0.0017798730820857154 0.0010100024681491951 0.0015392054999381344 0.0010412160995940667 0.0010049103071878562 0.0014657606493528874
leaf_count=177 2045 3167 2393 2681 1991 1115 2733 176 721 250 783 2750 2768 2758 2735 2795 2907 2840 2809 3006 4262 2608 4761 2722 4144 2850 2731 3932
internal_value=3.70999e-06 0.036497 -0.026171 -0.0671761 0.0181826 -0.0042528 0.0210786 -0.0155133 0.00942897 0.0317139 -0.0912982 0.1 -0.1 0.1 0.1 0.1 0.1 0.1 0.1 0.1 0.0999999 -0.1 -0.1 -0.1 -0.1 -0.1 -0.1 -0.1
internal_weight=0.0340304 0.0220516 0.0110988 0.0119788 0.00660236 0.00505831 0.00388271 0.00202691 0.00359312 0.00250557 0.0044964 0.0109528 0.00347897 0.00994943 0.00894802 0.00794766 0.00692963 0.00587336 0.00484257 0.00382178 0.00273074 0.0083857 0.00737985 0.00637521 0.0053652 0.003826 0.00278478 0.00247528
internal_count=71610 47965 17936 23645 8408 6015 4024 1291 1148 971 9528 30029 8745 27279 24521 21786 18991 16084 13244 10435 7429 22497 19889 17208 14486 10342 7492 6700
is_linear=0
shrinkage=0.1


Tree=142
num_leaves=27
num_cat=0
split_feature=6 2 9 6 6 5 2 3 2 9 10 3 9 3 2 3 2 5 9 6 9 6 0 6 5 4
split_gain=0.00741252 0.00761722 0.00341867 0.00227607 0.000915499 0.000766823 0.000517305 0.000363669 0.000226221 4.57732e-05 1.02258e-13 3.39746e-14 3.52444e-14 3.57362e-14 3.53051e-14 3.31783e-14 3.53402e-14 1.20819e-14 8.68229e-16 8.53484e-16 4.996e-16 6.80012e-16 6.8695e-16 1.05688e-15 9.28077e-17 5.81132e-17
threshold=-1.0000000180025095e-35 -0.2488153786842853 -0.13846733374056872 -1.3667817907455606 -0.66839709116297985 0.35300850440299691 -0.25573480483701444 -0.13575096189826916 -0.2441360954660555 -0.12696385944927116 -0.11188261794591288 -0.084420142801729312 -0.13749695419594835 -0.14122187999460484 -0.13752945771094446 -0.15523153187903024 -0.15192989471468374 0.075460246941329301 -0.13718816660316549 -0.73461330786019885 -0.13764090777187582 -0.8063502735441842 1.0000000180025095e-35 -0.8692238880114459 0.27890581430400802 0.055079902172995722
decision_type=2 2 2 2 2 2 2 2 2 2 2 2 2 2 2 2 2 2 2 2 2 2 2 2 2 2
left_child=3 2 6 7 18 -4 24 9 -3 -1 11 12 13 14 15 16 17 -10 19 20 21 22 -5 -24 25 -2
right_child=1 8 5 4 -6 -7 -8 -9 10 -11 -12 -13 -14 -15 -16 -17 -18 -19 -20 -21 -22 -23 23 -25 -26 -27
leaf_value=-0.034257219284287106 -0.10000005128942058 0.050278060335572687 -0.00037304460927666444 -0.10000011971350678 -0.013371535358988018 0.10000130785144903 -0.024362292451770309 0.045703258995251905 0.099999974002646416 -0.0040596980962468304 0.099999016526689175 0.10000062124187346 0.099999461301290227 0.10000063699191027 0.099999463348790688 0.10000058990801713 0.099999462839654718 0.10000042417173659 -0.10000013011603909 -0.099999947673199946 -0.10000010893165452 -0.09999996039799873 -0.10000007943178667 -0.099999945132412421 -0.10000006638416042 -0.1000000214689114
leaf_weight=0.001007302061111659 0.0010224485959042795 0.0010107464809152597 0.0014877947311333628 0.0010639242789807222 0.0014536478192894711 0.0015582906470399394 0.0011714705485701415 0.0015137764405608331 0.0014120506515382675 0.0010005608427263724 0.0010205795697686417 0.0010060111271457117 0.0010378567139355255 0.0010056860244844756 0.0010384640318363836 0.0010926380626301579 0.0010180984340024679 0.0010318663482848933 0.0010022160843732308 0.0010523701424176579 0.0010262490751529185 0.0010339693819503282 0.0014015514499021728 0.0010074188213593507 0.0011011743794142603 0.0018397555812725841
leaf_count=256 3099 1277 911 3160 264 2888 1961 878 4283 14 3094 3061 3141 3054 3162 3327 3100 3126 2860 3158 3096 3108 4076 3039 2749 5468
internal_value=-1.62674e-06 0.039647 -0.0329549 -0.0595076 -0.0860721 0.0509756 -0.082744 0.00869344 0.0952917 -0.0192092 0.1 0.1 0.1 0.1 0.1 0.1 0.1 0.1 -0.1 -0.1 -0.1 -0.1 -0.1 -0.1 -0.1 -0.1
internal_weight=0.0314179 0.0188549 0.00818093 0.012563 0.00904135 0.00304609 0.00513485 0.00352164 0.010674 0.00200786 0.00966325 0.00864267 0.00763666 0.0065988 0.00559312 0.00455465 0.00346202 0.00244392 0.0075877 0.00658548 0.00553311 0.00450686 0.00347289 0.00240897 0.00396338 0.0028622
internal_count=71610 47701 17076 23909 22761 3799 13277 1148 30625 270 29348 26254 23193 20052 16998 13836 10509 7409 22497 19637 16479 13383 10275 7115 11316 8567
is_linear=0
shrinkage=0.1


Tree=143
num_leaves=24
num_cat=0
split_feature=2 6 4 7 5 2 1 3 5 6 3 4 2 10 3 11 3 11 3 11 6 11 3
split_gain=0.00656461 0.00670366 0.00226984 0.00221685 0.00130342 0.00129337 0.000844053 0.000384691 0.000349724 9.30894e-05 8.92212e-05 3.78256e-05 1.96667e-05 7.50641e-14 6.07795e-14 8.77952e-14 1.16082e-13 7.94425e-14 1.22399e-13 5.41169e-14 4.22405e-16 9.19403e-17 1.12323e-16
threshold=-0.24732377247602697 1.0000000180025095e-35 -0.21840919978428744 -0.13135056965560138 0.27216920611319084 -0.25552778783808577 -0.30233370365839946 0.022853300992325895 0.3988174401005537 -1.0000000180025095e-35 -0.13893168325903696 0.56913511260914351 -0.25436055883505887 -0.11258006931245143 -0.058755980267150433 -0.089924463026379284 -0.12487668754549032 -0.089928542797268793 -0.15296366907182032 -0.089932296260440636 -0.68057842167110782 -0.089926759595786471 -0.1525162144444259
decision_type=2 2 2 2 2 2 2 2 2 2 2 2 2 2 2 2 2 2 2 2 2 2 2
left_child=2 7 10 4 12 8 -5 -2 -6 -8 20 14 13 -4 15 16 17 18 19 -3 21 22 -1
right_child=1 11 3 6 5 -7 9 -9 -10 -11 -12 -13 -14 -15 -16 -17 -18 -19 -20 -21 -22 -23 -24
leaf_value=-0.10000001672056734 -0.10000005954183029 0.099999980575045583 -0.10000005280884379 -0.012219780532540123 -0.082028687351952401 0.077629195747386345 0.06126318691778742 -0.024720667131079014 -0.012354383266863342 0.10000023177223304 -0.066935943500522163 0.079704715029044582 -0.083260893094656493 -0.10000120757148767 0.099999312393258877 0.10000096836022868 0.099999020697643798 0.10000095137006211 0.099999032036063695 0.10000085639675312 -0.10000009800053972 -0.099999999629261149 -0.10000006083347011
leaf_weight=0.0013462398383126128 0.0019720816389110505 0.0019132259788534629 0.0012857036223294918 0.0016423018014677382 0.0014104869061384306 0.0011857560650128107 0.0012698563586468481 0.0010351451237511355 0.0014724890669413071 0.0012129107279008631 0.0010017621934821355 0.0010335621350350275 0.0010125774115863351 0.0010013333743472685 0.0010041248309278199 0.0010931183771560882 0.001018608151071021 0.0010801723627764659 0.001009178681300682 0.0011176271108581659 0.0010312373248098083 0.0010122127099805311 0.0010143006975056323
leaf_count=4518 5327 6427 4300 569 2706 1393 436 2450 2521 3138 1293 2490 1286 1795 3379 3648 3417 3634 3396 3761 2925 3397 3404
internal_value=-3.52582e-06 0.0556485 -0.0404334 -0.015299 -0.0481595 -0.010284 0.0433976 -0.0740874 -0.0464423 0.0801875 -0.0938728 0.0977371 -0.0948635 -0.100001 0.1 0.1 0.1 0.1 0.1 0.1 -0.1 -0.1 -0.1
internal_weight=0.029176 0.0122768 0.0168992 0.0114934 0.00736835 0.00406873 0.00412507 0.00300723 0.00288298 0.00248277 0.00540575 0.00926962 0.00329961 0.00228704 0.00823606 0.00723193 0.00613881 0.0051202 0.00404003 0.00303085 0.00440399 0.00337275 0.00236054
internal_count=71610 37929 33681 18144 14001 6620 4143 7777 5227 3574 15537 30152 7381 6095 27662 24283 20635 17218 13584 10188 14244 11319 7922
is_linear=0
shrinkage=0.1


Tree=144
num_leaves=21
num_cat=0
split_feature=2 6 4 9 5 2 1 6 5 6 3 2 2 3 2 3 2 9 6 3
split_gain=0.0058374 0.00595333 0.0022046 0.00192919 0.00135771 0.00129281 0.000784017 0.000385863 0.000328896 0.000111274 0.000101022 4.50654e-06 2.37518e-14 1.02149e-14 8.43249e-15 1.04318e-14 7.83141e-15 2.0756e-15 5.66387e-16 1.83013e-16
threshold=-0.24647855410191979 -1.0000000180025095e-35 -0.21840919978428744 -0.13760238624328747 0.25465402481706617 -0.25496875677996705 -0.30233370365839946 -1.3479148762416859 0.38130225880442908 0.42969770912032318 -0.13938039904253866 -0.25458757360364781 -0.13713389890294131 -0.064097702948494886 -0.1475876351427429 -0.11311481101196154 -0.15417592007526904 -0.13787433131547835 -0.69042395864344264 -0.15069253734152668
decision_type=2 2 2 2 2 2 2 2 2 2 2 2 2 2 2 2 2 2 2 2
left_child=2 7 10 4 11 8 -5 -2 -6 -8 18 -4 13 14 15 16 17 -3 19 -1
right_child=1 12 3 6 5 -7 9 -9 -10 -11 -12 -13 -14 -15 -16 -17 -18 -19 -20 -21
leaf_value=-0.1000000423615468 -0.022334417959274978 0.10000005651879307 -0.10000054641764794 -0.011358305241479384 -0.079248277096965039 0.078435925149068081 0.057043204707662956 -0.1000000627910229 -0.013175598364552699 0.10000026181635263 -0.064546262725473466 -0.091728305436398594 0.10000053331805236 0.099999718198692897 0.10000032036871483 0.099999720237366307 0.10000031090459056 0.099999879839965888 -0.10000011009439976 -0.099999989894087205
leaf_weight=0.0019720004263490409 0.0010244145669275895 0.0019392731900893532 0.001898044717393077 0.0016463371485144762 0.0013893627827883384 0.0012208384278551429 0.0012272855634591915 0.0017033721051120674 0.00164583083000025 0.0011854734532334987 0.00100433521083687 0.0010084715794675949 0.0010013288784875831 0.0010080889014147942 0.0010452116462431604 0.0010063120184042873 0.0010777232854479735 0.0010117906937239241 0.0010490226254091795 0.0010020623838613574
leaf_count=7314 1430 7103 5642 583 2747 1612 444 6045 2896 3187 1457 1269 3724 3749 3887 3730 4007 3720 3355 3709
internal_value=4.99836e-06 0.0569222 -0.0378866 -0.0132321 -0.0444455 -0.00846606 0.0418459 -0.0708329 -0.0434204 0.0781495 -0.0929174 -0.0971303 0.1 0.1 0.1 0.1 0.1 0.1 -0.1 -0.1
internal_weight=0.0270666 0.0108175 0.0162491 0.0112216 0.00716255 0.00425603 0.0040591 0.00272779 0.00303519 0.00241276 0.00502742 0.00290652 0.00808973 0.0070884 0.00608031 0.0050351 0.00402879 0.00295106 0.00402309 0.00297406
internal_count=71610 37395 34215 18380 14166 7255 4214 7475 5643 3631 15835 6911 29920 26196 22447 18560 14830 10823 14378 11023
is_linear=0
shrinkage=0.1


Tree=145
num_leaves=20
num_cat=0
split_feature=6 2 9 6 2 6 6 4 9 3 9 5 3 9 3 1 3 1 11
split_gain=0.00517931 0.00560196 0.00248183 0.00217693 0.00087964 0.000785523 0.000485766 0.000293169 8.50101e-15 8.58601e-15 8.46719e-15 9.08301e-15 1.85403e-14 3.96818e-15 3.81726e-15 4.35936e-15 6.36383e-15 3.16977e-15 2.4542e-15
threshold=1.0000000180025095e-35 -0.24687188557739606 -0.13813198625806219 -1.3667817907455606 -0.25782856046537267 -0.66839709116297985 0.87252744854860176 1.4338619474365439 -0.13724571572246283 -0.10674180088532451 -0.13762303717052357 0.059292387283368074 -0.15212541080251152 -0.1379299602047116 -0.13485041739315423 -1.0000000180025095e-35 -0.15305038439139937 -0.46223660112907333 -0.089947360700057627
decision_type=2 2 2 2 2 2 2 2 2 2 2 2 2 2 2 2 2 2 2
left_child=3 2 4 7 18 14 -4 -1 9 10 11 12 13 -3 15 16 17 -5 -2
right_child=1 8 6 5 -6 -7 -8 -9 -10 -11 -12 -13 -14 -15 -16 -17 -18 -19 -20
leaf_value=0.045568037330801503 -0.10000002227167859 0.099999934002377944 0.0075841674206581569 -0.10000003685683186 -0.012547621714477417 -0.014990646939466654 0.098468885694050531 -0.013785290431854358 0.10000030137160748 0.099999720102576239 0.10000029972437796 0.1000002355701579 0.099999537821845993 0.1000001976247476 -0.10000019777525573 -0.099999805844083883 -0.10000024835359025 -0.099999815179313389 -0.10000021522814838
leaf_weight=0.0015277465308827232 0.0018996528026491433 0.0012650284790538535 0.001036571035228917 0.0017635131404460935 0.0019023529537207651 0.0013338005414027521 0.0013592586068398305 0.0018278966863363166 0.0010028882447272736 0.0010061218848420594 0.00100721460532327 0.0010410222578514094 0.0010023217720913635 0.0010405841428280382 0.0010047995720583458 0.0010741224851074094 0.0010149952936728823 0.0010168087153203942 0.0010092344246004359
leaf_count=897 7564 5187 165 6640 2969 264 3584 251 4091 4126 4128 4102 4118 4277 3626 4257 4086 3888 3390
internal_value=1.85128e-05 0.038667 -0.0240115 -0.0532958 -0.0654216 -0.0842696 0.059147 0.0132369 0.1 0.1 0.1 0.1 0.0999999 0.1 -0.1 -0.1 -0.1 -0.1 -0.1
internal_weight=0.0251359 0.0145723 0.00720707 0.0105637 0.00481124 0.00720804 0.00239583 0.00335564 0.00736518 0.00636229 0.00535617 0.00434896 0.00330793 0.00230561 0.00587424 0.00486944 0.00379532 0.00278032 0.00290889
internal_count=71610 47701 17672 23909 13923 22761 3749 1148 30029 25938 21812 17684 13582 9464 22497 18871 14614 10528 10954
is_linear=0
shrinkage=0.1


Tree=146
num_leaves=20
num_cat=0
split_feature=2 6 4 9 5 2 4 1 3 1 1 2 10 3 7 3 7 2 5
split_gain=0.0045653 0.00487756 0.0019285 0.00156648 0.0011843 0.00110878 0.000609564 0.000426749 0.000348687 0.000154799 9.90479e-05 3.87794e-05 1.81148e-12 2.40415e-14 2.28515e-14 2.50147e-14 1.78677e-14 1.27294e-14 3.90313e-17
threshold=-0.24647855410191979 1.0000000180025095e-35 -0.21840919978428744 -0.13729631647148216 0.25465402481706617 -0.25496875677996705 0.83136005455492656 -0.32745568289113791 -0.042871891209638489 0.23809304487359556 -0.48679412264216476 -0.25458757360364781 -0.1120041249544457 -0.077570089464220102 -0.13129576181956368 -0.14858853584251105 -0.13152349075160411 -0.15378694384309036 0.93505145208960083
decision_type=2 2 2 2 2 2 2 2 2 2 2 2 2 2 2 2 2 2 2
left_child=2 8 10 4 11 6 -6 -5 -2 -8 -1 -4 18 14 15 16 17 -3 -12
right_child=1 13 3 7 5 -7 9 -9 -10 -11 12 -13 -14 -15 -16 -17 -18 -19 -20
leaf_value=-0.064162008674120821 -0.10000008840500429 0.099999886112251093 -0.10000053209162998 0.0087685432299859176 -0.086330957565508293 0.077693647587167833 -0.029685110987961963 0.085808325858270806 -0.022332658031135537 0.024057914183838715 -0.10000003818802283 -0.074863428571460083 -0.10000514171668738 0.10000048846454893 0.099999528898706183 0.10000048458243349 0.099999574849090347 0.10000034356091599 -0.10000001175385859
leaf_weight=0.0010127564703452663 0.0013682788243443156 0.0015210004168579871 0.0015881151825567486 0.001314399313201875 0.0013704724039769198 0.0011829691962930147 0.0010047191824469337 0.0015873716713770128 0.0010008634643838832 0.0011487101180023274 0.001065699209163995 0.0010002697077311504 0.0010030724077978457 0.0010043801143524433 0.0010193087493206576 0.0010365646777614757 0.0010282936772796347 0.0010137633786371225 0.0011630854789359546
leaf_count=3367 4593 6799 5642 133 3105 1767 2816 2179 2882 1407 4746 1331 2508 4561 4591 4700 4664 4605 5214
internal_value=1.81126e-05 0.0559526 -0.0348109 -0.0112342 -0.0359536 -0.00607508 -0.0341961 0.050912 -0.0671888 -0.00101681 -0.0914504 -0.0902864 -0.100002 0.1 0.1 0.1 0.0999999 0.1 -0.1
internal_weight=0.0234341 0.00899245 0.0144416 0.010197 0.00729526 0.00470687 0.0035239 0.00290177 0.00236914 0.00215343 0.00424461 0.00258838 0.00323186 0.00662331 0.00561893 0.00459962 0.00356306 0.00253476 0.00222878
internal_count=71610 37395 34215 18380 16068 9095 7328 2312 7475 4223 15835 6973 12468 29920 25359 20768 16068 11404 9960
is_linear=0
shrinkage=0.1


Tree=147
num_leaves=18
num_cat=0
split_feature=2 6 4 7 5 2 1 3 5 0 1 2 2 3 10 3 4
split_gain=0.00404211 0.0044775 0.00171668 0.00139387 0.00114722 0.000894635 0.000598655 0.000353128 0.000304691 0.000110082 6.33703e-05 3.96393e-06 1.15955e-12 1.5354e-14 1.59326e-14 2.52333e-14 1.91058e-14
threshold=-0.24687188557739606 -0.75303160165913052 -0.21840919978428744 -0.13135056965560138 0.25465402481706617 -0.25496875677996705 -0.30233370365839946 -0.04508501164137612 0.38130225880442908 0.70107653930779024 0.16626538552112297 -0.25481066189519391 -0.263500729718876 -0.084420142801729312 -0.1120041249544457 -0.15122556451082078 1.0000000180025095e-35
decision_type=2 2 2 2 2 2 2 2 2 2 2 2 2 2 2 2 2
left_child=2 7 9 4 11 8 -5 -2 -6 12 -8 -4 -1 14 15 16 -3
right_child=1 13 3 6 5 -7 10 -9 -10 -11 -12 -13 -14 -15 -16 -17 -18
leaf_value=-0.10000422029902881 -0.10000006790945198 0.099999544989652689 -0.10000013994036594 -0.0078484721344392883 -0.07492293196096865 0.072498856917455626 0.05619584969537858 -0.020507021571000789 -0.0072860955727907257 -0.061547616105959227 0.091578491320410627 -0.091616523614838685 -0.1000000168878124 0.10000037817926562 0.099999596863585075 0.10000047235038499 0.10000007778812728
leaf_weight=0.001020284558592266 0.0012646722652789322 0.0010232678030348552 0.0012861422501373454 0.0015994552690301589 0.001179126293294531 0.0010370436051800871 0.0010058439668227939 0.0010012422549152689 0.0015305667025984349 0.0010064485336442885 0.0010189636104200872 0.0010044236467479104 0.0018394820837670531 0.0010186341863516191 0.0010076248673414057 0.0010157042696050667 0.0019664016005265239
leaf_count=2781 4719 5137 5615 569 2751 1532 981 2906 2922 3915 2608 1292 8990 5111 5014 5092 9675
internal_value=2.64391e-05 0.0549757 -0.0336779 -0.0111432 -0.0405723 -0.00648857 0.0378797 -0.0648744 -0.0367183 -0.0899912 0.0740018 -0.0963239 -0.100002 0.1 0.1 0.1 0.0999999
internal_weight=0.0218253 0.00829755 0.0135278 0.00966157 0.0060373 0.00374674 0.00362426 0.00226591 0.00270969 0.00386622 0.00202481 0.00229057 0.00285977 0.00603163 0.005013 0.00400537 0.00298967
internal_count=71610 37654 33956 18270 14112 7205 4158 7625 5673 15686 3589 6907 11771 30029 24918 19904 14812
is_linear=0
shrinkage=0.1


Tree=148
num_leaves=17
num_cat=0
split_feature=6 2 6 5 10 2 6 1 4 3 9 3 0 2 1 0
split_gain=0.00361826 0.00409868 0.00206713 0.00195977 0.00085674 0.00101673 0.000667409 0.00027814 6.36283e-05 7.63105e-15 6.47919e-15 7.77416e-15 4.36196e-15 2.83627e-16 6.0672e-16 7.59809e-16
threshold=1.0000000180025095e-35 -0.24687188557739606 -1.3667817907455606 0.25465402481706617 -0.11210374206191225 -0.2559856993127872 -0.66839709116297985 -1.0407371973407937 0.62574282983320006 -0.089467549613631611 -0.137589616101465 -0.15305038439139937 0.078549208422756436 -1.0000000180025095e-35 -0.077659290698849318 0.15595522841849221
decision_type=2 2 2 2 2 2 2 2 2 2 2 2 2 2 2 2
left_child=2 3 7 8 5 -5 13 -1 -2 10 11 12 -3 14 15 -4
right_child=1 9 6 4 -6 -7 -8 -9 -10 -11 -12 -13 -14 -15 -16 -17
leaf_value=0.043910238849639537 -0.1000000812934097 0.10000025297415921 -0.099999937098963348 -0.065520917367153625 0.10000057871078663 0.068520500867666215 -0.01599848267028434 -0.015817374175957136 -0.067555292173396536 0.099999757141777168 0.10000028382624092 0.099999764027074167 0.099999980627671819 -0.09999997094690484 -0.10000009709122884 -0.10000004795675413
leaf_weight=0.0017705082382519777 0.0015093033995299265 0.0010066241183466218 0.0010012516371205038 0.0012759343585457827 0.0011400540352326516 0.001016874263967793 0.0011888319762078936 0.0013931883922566612 0.0010082291905746388 0.001005235858940523 0.0010174488367766799 0.0010138022855556983 0.0014145378342647064 0.0010112389362717522 0.0010007325791860922 0.0016142658847968505
leaf_count=989 7665 5487 4851 3230 3457 1457 264 159 1863 5573 5600 5619 7750 4844 5265 7537
internal_value=3.64928e-05 0.0374127 -0.0474455 -0.0199918 0.0291542 -0.00607275 -0.0828305 0.0176082 -0.0870065 0.1 0.1 0.1 0.1 -0.1 -0.1 -0.1
internal_weight=0.0203881 0.011408 0.00898002 0.0059504 0.00343286 0.00229281 0.00581632 0.0031637 0.00251753 0.00545765 0.00445241 0.00343496 0.00242116 0.00462749 0.00361625 0.00261552
internal_count=71610 47701 23909 17672 8144 4687 22761 1148 9528 30029 24456 18856 13237 22497 17653 12388
is_linear=0
shrinkage=0.1


Tree=149
num_leaves=15
num_cat=0
split_feature=6 2 6 9 2 6 4 8 3 1 3 3 2 0
split_gain=0.00317202 0.00372315 0.00186651 0.00181308 0.000721714 0.000676618 0.000267147 5.04787e-07 1.23348e-14 1.20659e-14 2.4787e-14 7.42462e-16 7.6111e-16 2.47632e-16
threshold=-1.0000000180025095e-35 -0.24687188557739606 -1.3667817907455606 -0.13803224555434054 -0.25782856046537267 -0.66839709116297985 1.4338619474365439 -0.11430207452611305 -0.095887065916299405 0.14757494532154733 -0.15478146259020784 -0.14122187999460484 -0.25154089535620844 0.52253661334281909
decision_type=2 2 2 2 2 2 2 2 2 2 2 2 2 2
left_child=2 3 6 4 7 11 -1 -2 9 -3 -11 12 13 -4
right_child=1 8 5 -5 -6 -7 -8 -9 -10 10 -12 -13 -14 -15
leaf_value=0.047997446436159989 -0.10000001481259775 0.099999638383106548 -0.10000007162588863 0.060832912443497637 -0.0091514020060229889 -0.014435565008465313 -0.010683223696300762 -0.096894904227539727 0.10000032706802597 0.099999822365823124 0.10000043275649487 -0.10000010005052509 -0.09999992978207814 -0.10000000387760273
leaf_weight=0.001425045531050273 0.0010959846949845087 0.0010232519109223404 0.0010006089271712426 0.0018713859893182416 0.0015873238756398678 0.0011859403421112802 0.0017029133273354091 0.0010023721891911919 0.001000161922874554 0.0018874245758979669 0.0010274447428315625 0.0010152211101512876 0.0010033312218951096 0.0011679637440096258
leaf_count=897 6658 6234 5406 3706 2998 264 251 4310 6126 11369 6300 5091 5691 6309
internal_value=4.18172e-05 0.0368183 -0.0453623 -0.0193281 -0.0600295 -0.0811143 0.0160507 -0.0985167 0.1 0.0999999 0.1 -0.1 -0.1 -0.1
internal_weight=0.0189964 0.0104953 0.00850102 0.00555707 0.00368568 0.00537307 0.00312796 0.00209836 0.00493828 0.00393812 0.00291487 0.00418713 0.0031719 0.00216857
internal_count=71610 47701 23909 17672 13966 22761 1148 10968 30029 23903 17669 22497 17406 11715
is_linear=0
shrinkage=0.1


Tree=150
num_leaves=14
num_cat=0
split_feature=5 2 4 9 0 11 0 1 2 3 4 3 2
split_gain=0.00281325 0.00155274 0.00144432 0.00113918 0.00134497 0.000467887 0.000445058 0.000580073 0.000792659 0.000201134 2.60463e-06 1.81279e-16 9.54098e-17
threshold=-0.34759874744198921 -0.13416795513257898 -0.21840919978428744 -0.13729631647148216 -0.81796851983539254 -0.089390673213483096 0.078549208422756436 0.0053160639603275885 -0.25912653016912662 -0.14210030343339997 -0.26653982441567603 -0.15346925323496644 -0.25932080882824349
decision_type=2 2 2 2 2 2 2 2 2 2 2 2 2
left_child=1 10 9 4 -4 -5 -6 -8 -9 12 -1 -12 -2
right_child=2 -3 3 5 6 -7 7 8 -10 -11 11 -13 -14
leaf_value=0.093995738847485133 -0.10000004953889965 -0.041301693769606553 0.076982944333601477 0.080541881074036384 -0.083024961536451891 -0.0044409187675585517 -0.07264896072851125 -0.057366911678097932 0.053182101197739556 -0.045870280539911296 0.10000000898096176 0.10000006310257147 -0.10000000719813705
leaf_weight=0.0010032129302146586 0.0010034431555112633 0.0010240361200573025 0.0010843811355556454 0.0017667090314148481 0.0019678202184536531 0.0010229880137302416 0.0016133360295782495 0.0011768337619173508 0.0014449925329813595 0.0010121091382586664 0.0015557367604230876 0.0010259983309737208 0.0011300414500539091
leaf_count=6511 5955 6035 4127 2529 6422 103 3272 5125 4417 2743 10515 6346 7510
internal_value=2.15126e-05 0.0672983 -0.023429 -0.00496365 -0.0257665 0.0493785 -0.0437288 -0.0254703 0.00356104 -0.0825835 0.0983198 0.1 -0.1
internal_weight=0.0178316 0.00460898 0.0132227 0.0100771 0.00728736 0.0027897 0.00620298 0.00423516 0.00262183 0.00314559 0.00358495 0.00258174 0.00213348
internal_count=71610 29407 42203 25995 23363 2632 19236 12814 9542 16208 23372 16861 13465
is_linear=0
shrinkage=0.1


Tree=151
num_leaves=14
num_cat=0
split_feature=6 2 6 5 9 6 4 2 9 11 4 2 6
split_gain=0.0025233 0.00311209 0.00164789 0.00160652 0.000633553 0.000615673 0.000249674 4.93933e-05 2.62637e-15 2.51405e-15 2.11506e-15 9.32848e-16 1.1614e-15
threshold=1.0000000180025095e-35 -0.24687188557739606 -1.3667817907455606 0.25465402481706617 -0.13846733374056872 -0.66839709116297985 1.4338619474365439 -0.26098305666327631 -0.1374815069053397 -0.089929359165458092 0.043368871653595903 -0.21608746824796105 -0.78437963112083819
decision_type=2 2 2 2 2 2 2 2 2 2 2 2 2
left_child=2 3 6 7 -5 11 -1 -2 9 10 -3 12 -4
right_child=1 8 5 4 -6 -7 -8 -9 -10 -11 -12 -13 -14
leaf_value=0.046402544881154549 -0.10000001192068014 0.10000013916723396 -0.099999979441747766 -0.020022614444505399 0.07289117484498539 -0.014762362021022837 -0.011282004126465777 -0.06905239463012873 0.1000001549970978 0.099999842728304131 0.099999936105897524 -0.099999924482122082 -0.10000011784253776
leaf_weight=0.0013907681654927728 0.0010628838208504021 0.0010065423599314718 0.0014554970593962935 0.0013631139325980257 0.0015897896117138544 0.0011143458145852483 0.0016294292204293015 0.0010018003641363285 0.0010575634584029121 0.0010061258906404191 0.0010461193217139453 0.0010425488569438812 0.0010393324412376614
leaf_count=897 7682 7524 9320 4426 3718 264 251 1846 7777 7396 7332 6480 6697
internal_value=4.29808e-05 0.0355552 -0.0422367 -0.0173144 0.0300005 -0.0795809 0.0152811 -0.084984 0.1 0.1 0.1 -0.1 -0.1
internal_weight=0.0168059 0.00913394 0.00767192 0.00501759 0.0029529 0.00465172 0.0030202 0.00206468 0.00411635 0.00305879 0.00205266 0.00353738 0.00249483
internal_count=71610 47701 23909 17672 8144 22761 1148 9528 30029 22252 14856 22497 16017
is_linear=0
shrinkage=0.1


Tree=152
num_leaves=12
num_cat=0
split_feature=5 4 6 9 0 11 0 1 2 3 9
split_gain=0.00222256 0.00122163 0.0011518 0.000932415 0.00106939 0.000434875 0.000399964 0.000472477 0.00065121 0.000169903 3.20396e-06
threshold=-0.31930499304055709 -0.21840919978428744 0.16832025977965628 -0.13729631647148216 -0.7088302171319858 -0.089513674856719891 0.078549208422756436 0.0053160639603275885 -0.25912653016912662 -0.14351214104091869 -0.13785768080506761
decision_type=2 2 2 2 2 2 2 2 2 2 2
left_child=2 9 -1 4 -3 -5 -6 -8 -9 -2 -4
right_child=1 3 10 5 6 -7 7 8 -10 -11 -12
leaf_value=-0.026693758606368509 -0.10000002333745205 0.070205276579705753 0.093016238829690623 0.078102736147310822 -0.082032434001781465 -0.0056448047604938456 -0.068593809770055095 -0.054319620493908628 0.050021201706535706 -0.048101088746349246 0.10000001207600628
leaf_weight=0.0010047366249921188 0.0016894087348191533 0.0010150781018296584 0.0010074001228872476 0.0016295250275675244 0.0016880820947307029 0.0010008787475186409 0.001462865551275172 0.0010814068288169665 0.0013385273481958393 0.0010066509162101065 0.0018881421447360935
leaf_count=6012 12939 4296 8192 2499 6237 103 3243 5125 4416 3150 15398
internal_value=3.8783e-05 -0.0214134 0.0655591 -0.00409309 -0.0241945 0.0462365 -0.0413952 -0.0237278 0.00339395 -0.0806221 0.0975703
internal_weight=0.0158127 0.0119124 0.00390028 0.00921636 0.00658596 0.0026304 0.00557088 0.0038828 0.00241993 0.00269606 0.00289554
internal_count=71610 42008 29602 25919 23317 2602 19021 12784 9541 16089 23590
is_linear=0
shrinkage=0.1


Tree=153
num_leaves=11
num_cat=0
split_feature=6 2 6 5 6 11 1 2 3 2
split_gain=0.00199557 0.00259705 0.00147827 0.00135745 0.000560142 0.000550907 0.000258787 8.31323e-15 1.43535e-14 5.36463e-16
threshold=1.0000000180025095e-35 -0.24687188557739606 -1.3667817907455606 0.25465402481706617 -0.66839709116297985 -0.089933438437816912 -1.0407371973407937 -0.14999442557934839 -0.13982879112140967 -0.24732377247602697
decision_type=2 2 2 2 2 2 2 2 2 2
left_child=2 3 6 -2 9 -5 -1 8 -3 -4
right_child=1 7 4 5 -6 -7 -8 -9 -10 -11
leaf_value=0.042037750849178782 -0.082624144584875339 0.10000016017484344 -0.10000003783671725 -0.012243392988789122 -0.015206565870575459 0.077585118536055514 -0.017540328324999743 0.10000028961576507 0.099999665855270925 -0.099999948414551537
leaf_weight=0.0016099522997308213 0.0018049323272322235 0.0013779146505044091 0.0019952482691536488 0.0014872974496711322 0.0010514441758644475 0.0012620754776975218 0.0013324945669239696 0.0010249974411777867 0.0010239060873544759 0.0010121222510548478
leaf_count=989 9528 11860 15295 4578 264 3566 159 8924 9245 7202
internal_value=5.60767e-05 0.0342383 -0.0389101 -0.0152432 -0.0780341 0.0289916 0.0150577 0.1 0.0999999 -0.1
internal_weight=0.0149824 0.00798112 0.00700126 0.00455431 0.00405881 0.00274937 0.00294245 0.00342682 0.00240182 0.00300737
internal_count=71610 47701 23909 17672 22761 8144 1148 30029 21105 22497
is_linear=0
shrinkage=0.1


Tree=154
num_leaves=12
num_cat=0
split_feature=5 4 6 9 0 0 1 1 2 3 4
split_gain=0.00175448 0.000993024 0.000804834 0.000786145 0.000783023 0.000530359 0.000405422 0.00039589 0.00054438 0.000167444 1.88248e-06
threshold=-0.34759874744198921 -0.21840919978428744 0.17286595455077733 -0.13729631647148216 -0.53765899171348541 0.078549208422756436 -0.32745568289113791 0.0053160639603275885 -0.25912653016912662 -0.14481659457785809 -0.16491493857146869
decision_type=2 2 2 2 2 2 2 2 2 2 2
left_child=2 9 -1 4 -3 -6 -5 -7 -9 -2 -4
right_child=1 3 10 6 5 7 -8 8 -10 -11 -12
leaf_value=-0.0099978117879800047 -0.1000000228921642 0.047326143419670952 0.094191148184478601 0.00037313518193573007 -0.10000048741037802 -0.065139774497412761 0.08114070131861166 -0.051648162883565024 0.047313232224568874 -0.04601445275446215 0.099999999696377059
leaf_weight=0.0010085232114676055 0.0013408669415184704 0.0012553405785240574 0.0010015927707556216 0.0011572933853614131 0.0011678351564370359 0.0013563588670777449 0.0013423657346862666 0.0010019277531796451 0.0012485692734429659 0.0010052675914522533 0.0012593646300658179
leaf_count=6991 12464 4463 9960 146 6086 3272 2486 5125 4417 3744 12456
internal_value=5.67626e-05 -0.0192529 0.0642899 -0.00340553 -0.0229519 -0.041429 0.0437469 -0.0224647 0.00325533 -0.0768684 0.0974267
internal_weight=0.0141453 0.0108758 0.00326948 0.00852969 0.00603003 0.00477469 0.00249966 0.00360686 0.0022505 0.00234613 0.00226096
internal_count=71610 42203 29407 25995 23363 18900 2632 12814 9542 16208 22416
is_linear=0
shrinkage=0.1


Tree=155
num_leaves=11
num_cat=0
split_feature=6 2 6 5 9 1 9 5 2 3
split_gain=0.0015811 0.00220739 0.00133182 0.00129387 0.000733019 0.000694813 0.000314808 4.77985e-05 6.1973e-15 2.51492e-15
threshold=1.0000000180025095e-35 -0.2488153786842853 -5.5042769661380531 0.28564242249482519 -0.13726673027680064 -1.0407371973407937 -0.1379037217419691 -0.34759874744198921 -0.25898412477388238 -0.14979704737797286
decision_type=2 2 2 2 2 2 2 2 2 2
left_child=2 3 5 -2 8 -1 -5 9 -4 -3
right_child=1 7 4 6 -6 -7 -8 -9 -10 -11
leaf_value=0.073676148226376151 -0.085683318268923808 0.10000010984359359 -0.10000031278605966 -0.0069252616743248722 -0.011106271452306022 -0.036988702864927593 0.071519921878546014 0.073863567985690534 -0.10000000054538738 0.099999900215264281
leaf_weight=0.0012938899834580297 0.0016628165791985339 0.0012798915359439889 0.0010103328943813494 0.0010034627158006515 0.0014064583463380131 0.0010103796577141111 0.0010436431933271706 0.0010027234489626835 0.0017143305283440213 0.001035629484519518
leaf_count=785 10304 13545 6150 3468 3533 78 3304 5781 13363 11299
internal_value=5.21628e-05 0.032844 -0.0357602 -0.0201577 -0.0697358 0.0251517 0.0330672 0.092102 -0.1 0.1
internal_weight=0.0134636 0.00702817 0.00643539 0.00370992 0.00413112 0.00230427 0.00204711 0.00331824 0.00272466 0.00231552
internal_count=71610 47701 23909 17076 23046 863 6772 30625 19513 24844
is_linear=0
shrinkage=0.1


Tree=156
num_leaves=10
num_cat=0
split_feature=1 2 6 5 2 6 5 1 1
split_gain=0.00142848 0.0021239 0.00102648 0.000729089 0.000525591 0.000484781 4.94201e-05 4.28103e-06 3.43028e-10
threshold=1.0000000180025095e-35 -0.24770721436376006 -5.5042769661380531 0.27890581430400802 -0.26447445642054973 0.87591669161514452 -0.41496482935016094 -0.47304230405587433 0.37678297076448442
decision_type=2 2 2 2 2 2 2 2 2
left_child=2 3 -1 -2 -4 -5 8 -6 -3
right_child=1 6 4 5 7 -7 -8 -9 -10
leaf_value=0.022899071159651004 -0.063330772515700059 0.099918784088049814 -0.012087882365807025 -0.019217106607778214 -0.10000006859908078 0.071606693458559398 0.073249909775245967 -0.091526296540530142 0.10000000347387622
leaf_weight=0.0017396115581505001 0.0019105297559605106 0.0010020606121869946 0.0010564571117868127 0.0013812345154491368 0.0014279185572902975 0.0010229194804196595 0.0010377439825575152 0.0010235857251288394 0.0010809591698262011
leaf_count=837 9803 11901 2493 5236 9609 4700 7157 7607 12267
internal_value=4.19989e-05 0.0282356 -0.0399064 -0.0172181 -0.0710519 0.0194266 0.0910787 -0.096462 0.0999609
internal_weight=0.012683 0.00743545 0.00524757 0.00431468 0.00350796 0.00240415 0.00312076 0.0024515 0.00208302
internal_count=71610 51064 20546 19739 19709 9936 31325 17216 24168
is_linear=0
shrinkage=0.1


Tree=157
num_leaves=9
num_cat=0
split_feature=1 2 6 7 9 6 5 2
split_gain=0.00122766 0.00189743 0.000903311 0.000693347 0.000516885 0.00035685 6.85277e-05 1.94456e-06
threshold=-1.0000000180025095e-35 -0.24794321373743616 -5.5042769661380531 -0.13203307173371551 -0.13726673027680064 0.83410194845743291 -0.41496482935016094 -0.25358048730978638
decision_type=2 2 2 2 2 2 2 2
left_child=2 3 -1 -2 7 -5 -3 -4
right_child=1 6 4 5 -6 -7 -8 -9
leaf_value=0.020718211672477213 -0.063408684868703991 0.099952269096616017 -0.10000018418846313 -0.023225962780022053 -0.01372478473995529 0.055188144363533587 0.067965978654051115 -0.093983186288740805
leaf_weight=0.0017309428512817249 0.0017955446028281585 0.0018849496322843606 0.0011559844788990858 0.0010721020640716006 0.0011297962067544631 0.0012653041606682791 0.001038974293209094 0.0010032533969734914
leaf_count=837 12666 24168 9170 3063 3458 3871 7296 7081
internal_value=4.67159e-05 0.0269377 -0.0377555 -0.0166767 -0.0685289 0.0192218 0.0885864 -0.0972045
internal_weight=0.0120769 0.00705687 0.00501998 0.00413295 0.00328903 0.00233741 0.00292392 0.00215924
internal_count=71610 51064 20546 19600 19709 6934 31464 16251
is_linear=0
shrinkage=0.1


Tree=158
num_leaves=9
num_cat=0
split_feature=6 2 6 5 2 11 4 3
split_gain=0.00106561 0.00169318 0.00102944 0.000925809 0.000498346 0.000360899 0.000247294 9.71272e-15
threshold=1.0000000180025095e-35 -0.24687188557739606 -1.3667817907455606 0.25465402481706617 -0.26422938838419391 -0.089933438437816912 1.4338619474365439 -0.1565903854714526
decision_type=2 2 2 2 2 2 2 2
left_child=2 3 6 -2 -4 -5 -1 -3
right_child=1 7 4 5 -6 -7 -8 -9
leaf_value=0.046243217324273729 -0.077278337368807945 0.10000026586764604 -0.01356247358194484 -0.0084036454469204134 -0.10000014436191468 0.070608242209880975 -0.014606681239791012 0.099999841605710793
leaf_weight=0.0012684418843491585 0.001348772089855288 0.0010000224810937652 0.0010019597316528461 0.0012998797356544856 0.0019951725156559519 0.0010411132252414745 0.0014105984946581884 0.0011719001058168033
leaf_count=897 9528 13227 2606 4578 20155 3566 251 16802
internal_value=4.29022e-05 0.0299485 -0.0308401 -0.0112862 -0.0711035 0.0267354 0.0142038 0.1
internal_weight=0.0115379 0.00586169 0.00567617 0.00368977 0.00299713 0.00234099 0.00267904 0.00217192
internal_count=71610 47701 23909 17672 22761 8144 1148 30029
is_linear=0
shrinkage=0.1


Tree=159
num_leaves=8
num_cat=0
split_feature=6 2 6 7 1 4 6
split_gain=0.000926977 0.00163942 0.00141758 0.000888419 0.000235883 0.000203827 4.24126e-05
threshold=-0.66839709116297985 -0.2493404664302051 -1.3667817907455606 -0.13203307173371551 -1.0407371973407937 0.74601537681500296 0.46682088308467945
decision_type=2 2 2 2 2 2 2
left_child=2 3 4 -2 -1 -5 -3
right_child=1 6 -4 5 -6 -7 -8
leaf_value=0.041233825518056599 -0.072339052071626178 0.099999975757643939 -0.10000001825017753 -0.010022810474427837 -0.018515665917905082 0.049305678667895807 0.073210382924532622
leaf_weight=0.0013954912811584563 0.0016112714947666973 0.0014411167438623806 0.0019136524279019795 0.0010116847302015231 0.0012549118163462936 0.0013542029381596876 0.0010017668892032816
leaf_count=989 12976 22919 22497 294 159 3890 7886
internal_value=4.2255e-05 0.0245362 -0.0344122 -0.015068 0.0129437 0.023936 0.0890142
internal_weight=0.0109841 0.00642004 0.00456406 0.00397716 0.0026504 0.00236589 0.00244288
internal_count=71610 47965 23645 17160 1148 4184 30805
is_linear=0
shrinkage=0.1


Tree=160
num_leaves=8
num_cat=0
split_feature=5 4 3 0 0 1 6
split_gain=0.000844608 0.000668458 0.000666291 0.000534614 0.000512946 0.000294459 0.000231018
threshold=-0.31930499304055709 -0.21840919978428744 -0.13426585142506708 -0.53765899171348541 0.11435445793700381 0.16147902200978773 -5.5042769661380531
decision_type=2 2 2 2 2 2 2
left_child=-1 -2 3 -3 -5 6 -6
right_child=1 2 -4 4 5 -7 -8
leaf_value=0.058954040766064447 -0.072157482399033968 0.048794070175676038 0.071337474311423732 -0.090937294114333489 -0.0039519045885307779 0.02321126927259164 -0.069090538473282531
leaf_weight=0.0019735706018764185 0.0015885347871176245 0.0011084214047087934 0.0010950952564137122 0.0010257822610526546 0.0011662711876851972 0.001495865462189272 0.00102120196964961
leaf_count=29602 16089 5505 562 7341 63 7981 4467
internal_value=1.96376e-05 -0.0136621 -0.000219828 -0.0136898 -0.0283971 -0.0109801 -0.0343613
internal_weight=0.0104747 0.00850117 0.00691264 0.00581754 0.00470912 0.00368334 0.00218747
internal_count=71610 42008 25919 25357 19852 12511 4530
is_linear=0
shrinkage=0.1


Tree=161
num_leaves=8
num_cat=0
split_feature=1 2 6 5 9 6 5
split_gain=0.000768076 0.00136677 0.000644943 0.000525533 0.000493213 0.000379167 3.44695e-05
threshold=0.0053160639603275885 -0.24770721436376006 -5.5042769661380531 0.27890581430400802 -0.13726673027680064 0.8695032240789482 -0.51870859548874537
decision_type=2 2 2 2 2 2 2
left_child=2 3 -1 -2 -4 -5 -3
right_child=1 6 4 5 -6 -7 -8
leaf_value=0.017271596643281324 -0.05668143087012413 0.099999996386489418 -0.095297295842934004 -0.022258125458841968 -0.0070595004251204395 0.06340847528532681 0.074456777427086215
leaf_weight=0.0016627335280645639 0.001576459963935406 0.0011084592950680872 0.0016751809339154988 0.0010480371383820852 0.0010186829043128398 0.0010190233060711762 0.0010093887895834541
leaf_count=838 9788 20374 16506 4629 3483 5179 10813
internal_value=-1.78312e-05 0.023941 -0.0317022 -0.0131929 -0.0619302 0.019974 0.0878258
internal_weight=0.010118 0.00576137 0.0043566 0.00364352 0.00269386 0.00206706 0.00211785
internal_count=71610 50783 20827 19596 19989 9808 31187
is_linear=0
shrinkage=0.1


Tree=162
num_leaves=7
num_cat=0
split_feature=6 2 6 5 2 3
split_gain=0.000678274 0.00129198 0.00123467 0.000657898 0.000316292 0.00021784
threshold=-0.66839709116297985 -0.24687188557739606 -1.3667817907455606 0.25465402481706617 -0.25912653016912662 -0.13575096189826916
decision_type=2 2 2 2 2 2
left_child=2 3 5 -2 -5 -1
right_child=1 -3 -4 4 -6 -7
leaf_value=-0.013179918635800279 -0.072417167495263127 0.10000001271194686 -0.10000001665952547 -0.0060604340563638216 0.063268683325995875 0.045911535650898817
leaf_weight=0.0014380411214460764 0.0011180856898391767 0.001558670727025202 0.0015859227878536331 0.0019110564835500554 0.0010036342167580869 0.0011018920283731859
leaf_count=270 9528 30029 22497 5343 3065 878
internal_value=-1.44832e-05 0.0226802 -0.0307708 -0.00720392 0.0178121 0.0124556
internal_weight=0.0097173 0.00559145 0.00412586 0.00403278 0.00291469 0.00253993
internal_count=71610 47965 23645 17936 8408 1148
is_linear=0
shrinkage=0.1


Tree=163
num_leaves=7
num_cat=0
split_feature=6 2 6 9 1 6
split_gain=0.000581066 0.00119139 0.00113271 0.000722215 0.000229091 0.000158104
threshold=-0.66839709116297985 -0.2493404664302051 -1.3667817907455606 -0.138521458831036 -1.0407371973407937 0.83410194845743291
decision_type=2 2 2 2 2 2
left_child=2 3 4 -2 -1 -5
right_child=1 -3 -4 5 -6 -7
leaf_value=0.039994082022521318 -0.069126468817093875 0.087075197184512648 -0.1000000563441673 -0.0022209212312891751 -0.020443276340351587 0.052058931982668047
leaf_weight=0.0013228145997459251 0.0013737611452597775 0.001823861698277085 0.0014350017554534134 0.0011241291408694565 0.0011926721910526794 0.00102675682304465
leaf_count=989 13058 30805 22497 290 159 3812
internal_value=-1.85511e-05 0.0214649 -0.0291047 -0.0124858 0.0113388 0.0236904
internal_weight=0.009299 0.00534851 0.00395049 0.00352465 0.00251549 0.00215089
internal_count=71610 47965 23645 17160 1148 4102
is_linear=0
shrinkage=0.1


Tree=164
num_leaves=7
num_cat=0
split_feature=5 4 3 0 0 1
split_gain=0.000516793 0.000484569 0.000577904 0.000306009 0.000233185 0.000224437
threshold=-0.31930499304055709 -0.21840919978428744 -0.13426585142506708 -0.49239870680037073 0.14882227260438483 0.12399891451750224
decision_type=2 2 2 2 2 2
left_child=-1 -2 3 -3 -5 -6
right_child=1 2 -4 4 5 -7
leaf_value=0.053931795390254389 -0.066758036092619571 0.036051476160351571 0.069783607212177176 -0.063906729708175902 -0.030659457733845086 0.026588862849143132
leaf_weight=0.0014795974566368386 0.0012802217223217838 0.001027709742949412 0.0010157895455655819 0.001118769977381362 0.0019352003866366374 0.0010598606761575979
leaf_count=29602 16089 5625 562 8077 4064 7591
internal_value=-4.26665e-05 -0.0107801 0.000858696 -0.0127585 -0.0249521 -0.010401
internal_weight=0.00891715 0.00743755 0.00615733 0.00514154 0.00411383 0.00299506
internal_count=71610 42008 25919 25357 19732 11655
is_linear=0
shrinkage=0.1


Tree=165
num_leaves=7
num_cat=0
split_feature=1 2 2 5 11 6
split_gain=0.000478871 0.00100518 0.000526329 0.000413642 0.000262979 0.000257719
threshold=1.0000000180025095e-35 -0.24770721436376006 -0.26447445642054973 0.24387545171175867 -0.089727391049746322 0.87114107028127596
decision_type=2 2 2 2 2 2
left_child=2 3 4 -2 -1 -5
right_child=1 -3 -4 5 -6 -7
leaf_value=0.036604469695515313 -0.063841227124992003 0.085717468193986693 -0.069876621801320635 -0.018925394065539738 -0.032477930481769966 0.049091061380447915
leaf_weight=0.0012096470558944361 0.0010201453521361259 0.0016001764852831002 0.001615649871190783 0.001186979423202672 0.0010120928392112205 0.0010497623820810986
leaf_count=2813 8698 31325 17670 5219 63 5822
internal_value=-4.40171e-05 0.0208162 -0.0264472 -0.0110711 0.00513463 0.0129965
internal_weight=0.00869445 0.00485706 0.00383739 0.00325689 0.00222174 0.00223674
internal_count=71610 51064 20546 19739 2876 11041
is_linear=0
shrinkage=0.1


Tree=166
num_leaves=6
num_cat=0
split_feature=1 2 6 10 1
split_gain=0.000403141 0.00088772 0.000507153 0.000486806 0.000419755
threshold=1.0000000180025095e-35 -0.2493404664302051 -5.5042769661380531 -0.11238992722964734 -0.32745568289113791
decision_type=2 2 2 2 2
left_child=2 3 -1 -2 -4
right_child=1 -3 4 -5 -6
leaf_value=0.018334814001931082 -0.070053281493952846 0.077015948216062613 -0.097534288537443337 0.015485552568215797 -0.0089355488608767117
leaf_weight=0.0015883581363596022 0.0010059281974008627 0.0017068093193302047 0.0011458227601650606 0.0019648864401915489 0.0010026672070218012
leaf_count=837 11644 32240 13797 7180 5912
internal_value=-2.18456e-05 0.019542 -0.0245111 -0.0134782 -0.0561866
internal_weight=0.00841447 0.00467762 0.00373685 0.00297081 0.00214849
internal_count=71610 51064 20546 18824 19709
is_linear=0
shrinkage=0.1


Tree=167
num_leaves=6
num_cat=0
split_feature=5 3 4 9 1
split_gain=0.000371161 0.000445624 0.000677904 0.00035317 0.00022984
threshold=-0.3745451802052579 -0.13426585142506708 0.41523404328671826 -0.13777708442125539 0.21961588722506012
decision_type=2 2 2 2 2
left_child=-1 2 -2 4 -4
right_child=1 -3 3 -5 -6
leaf_value=0.051160294079136359 -0.096069587860574276 0.03972129641980103 -0.064248352036293713 0.033637673027636691 -0.0053531637608701284
leaf_weight=0.0012057790809194557 0.0010104992915493938 0.0014809553761416794 0.0010114388085717962 0.0015271991472154411 0.0019213574210041884
leaf_count=29213 18684 1729 5932 4799 11253
internal_value=-5.66323e-05 -0.00894058 -0.0221142 -0.00535812 -0.0256645
internal_weight=0.00815723 0.00695145 0.00547049 0.00446 0.0029328
internal_count=71610 42397 40668 21984 17185
is_linear=0
shrinkage=0.1


Tree=168
num_leaves=7
num_cat=0
split_feature=6 6 2 5 1 6
split_gain=0.000377734 0.000949306 0.000859542 0.000478837 0.00025546 0.000120771
threshold=-0.66839709116297985 -1.3667817907455606 -0.24687188557739606 0.27216920611319084 -1.0407371973407937 0.86494949770871299
decision_type=2 2 2 2 2 2
left_child=1 4 3 -2 -1 -5
right_child=2 -3 -4 5 -6 -7
leaf_value=0.042919057599516357 -0.062598172526241641 -0.10000000425518432 0.099999976450432904 0.00039012148288473394 -0.023104284978972489 0.045365215621324874
leaf_weight=0.0012295317146993057 0.0010093243955964226 0.0011327880420139991 0.0010156011950890331 0.0014250443521461875 0.0011197610865281149 0.0010276068244365888
leaf_count=989 10146 22497 30029 1696 159 6094
internal_value=-0.00010402 -0.0248069 0.0191067 -0.00462404 0.0114499 0.0192337
internal_weight=0.00795966 0.00348208 0.00447758 0.00346198 0.00234929 0.00245265
internal_count=71610 23645 47965 17936 1148 7790
is_linear=0
shrinkage=0.1


Tree=169
num_leaves=6
num_cat=0
split_feature=6 6 2 5 1
split_gain=0.000321548 0.000867378 0.000787624 0.00074132 0.000210458
threshold=-0.66839709116297985 -1.3667817907455606 -0.25458757360364781 0.38130225880442908 -1.0407371973407937
decision_type=2 2 2 2 2
left_child=1 4 3 -2 -1
right_child=2 -3 -4 -5 -6
leaf_value=0.039354119721479563 -0.077831734956109289 -0.099999949600059632 0.067583061228363481 0.031697200635823548 -0.020905740474957139
leaf_weight=0.0012080131777025827 0.0011459157307101009 0.0010249892893625656 0.0018361301363913896 0.0013411862461296664 0.0011140873181005873
leaf_count=989 11446 22497 32952 3567 159
internal_value=-0.000108844 -0.0233783 0.0179066 -0.0187675 0.0104429
internal_weight=0.00767032 0.00334709 0.00432323 0.0024871 0.0023221
internal_count=71610 23645 47965 15013 1148
is_linear=0
shrinkage=0.1


Tree=170
num_leaves=6
num_cat=0
split_feature=1 2 3 6 9
split_gain=0.000314306 0.00065763 0.000386493 0.000344789 0.000317542
threshold=-1.0000000180025095e-35 -0.24732377247602697 -0.13426585142506708 -5.5042769661380531 -0.13803224555434054
decision_type=2 2 2 2 2
left_child=2 4 3 -1 -2
right_child=1 -3 -4 -5 -6
leaf_value=-0.0076494334652805265 -0.041021506248025169 0.083150435123203442 0.023632334953310644 -0.087584920095760604 0.02474917291849291
leaf_weight=0.0010684708759072237 0.0013981559176556857 0.0011335754750270155 0.0011559873532007714 0.0010901550491269063 0.001545494647899659
leaf_count=63 13759 31160 4425 16058 6145
internal_value=-0.000160057 0.0184323 -0.02303 -0.0480187 -0.00649015
internal_weight=0.00739184 0.00407723 0.00331461 0.00215863 0.00294365
internal_count=71610 51064 20546 16121 19904
is_linear=0
shrinkage=0.1


Tree=171
num_leaves=5
num_cat=0
split_feature=4 3 1 9
split_gain=0.000291126 0.000424364 0.000420089 0.000423894
threshold=-0.41553268676178234 -0.13530305924588401 -0.040722066059300441 -0.13846733374056872
decision_type=2 2 2 2
left_child=-1 2 -2 -4
right_child=1 -3 3 -5
leaf_value=-0.049316099617129738 -0.042158994194623031 0.061257473038621384 -0.023214988106290569 0.051324296028587707
leaf_weight=0.0010320125913949596 0.0018775597665428023 0.001206561922959537 0.0013852066440165345 0.0016983265538765835
leaf_count=17790 9408 7415 16213 20784
internal_value=-0.00015724 0.00806834 -0.00486751 0.0178392
internal_weight=0.00719967 0.00616765 0.00496109 0.00308353
internal_count=71610 53820 46405 36997
is_linear=0
shrinkage=0.1


Tree=172
num_leaves=5
num_cat=0
split_feature=4 3 1 2
split_gain=0.000242089 0.000358068 0.000346765 0.000406174
threshold=-0.41553268676178234 -0.13575096189826916 -0.040722066059300441 -0.25458757360364781
decision_type=2 2 2 2
left_child=-1 2 -2 -4
right_child=1 -3 3 -5
leaf_value=-0.045493942200316842 -0.038657277097925533 0.057223851497437597 -0.018828224568707717 0.054418847089307103
leaf_weight=0.0010081603570597508 0.0018442430244753893 0.0011659470409135508 0.0015772595525618271 0.0014558489240421579
leaf_count=17790 9391 7469 12611 24349
internal_value=-0.000129051 0.00743885 -0.00446242 0.0163293
internal_weight=0.00705146 0.0060433 0.00487735 0.00303311
internal_count=71610 53820 46351 36960
is_linear=0
shrinkage=0.1


Tree=173
num_leaves=4
num_cat=0
split_feature=7 11 2
split_gain=0.000231832 0.000391882 0.000203234
threshold=-0.13139607131628894 -0.089390673213483096 -0.25458757360364781
decision_type=2 2 2
left_child=2 -2 -1
right_child=1 -3 -4
leaf_value=-0.038770137464561157 0.047262654536671091 -0.025273914853440622 0.0078430291397210538
leaf_weight=0.0019941102020766266 0.0019691542822037889 0.0011978822146723189 0.0017617197629533621
leaf_count=17310 22219 2262 29819
internal_value=-0.000101464 0.0198268 -0.0169056
internal_weight=0.00692287 0.00316704 0.00375583
internal_count=71610 24481 47129
is_linear=0
shrinkage=0.1


Tree=174
num_leaves=5
num_cat=0
split_feature=1 0 1 6
split_gain=0.000233782 0.000166901 0.00019778 0.000483373
threshold=0.59909632308849281 0.21301247211907468 -1.0407371973407937 -0.66839709116297985
decision_type=2 2 2 2
left_child=1 -1 -3 -4
right_child=-2 2 3 -5
leaf_value=-0.037765951211859397 0.03336438388100435 0.033349779917830391 -0.066651088874144684 0.023508616980199411
leaf_weight=0.0015557956523366556 0.0016006095493139583 0.001264458329160334 0.0010468642346666002 0.0013765667654155322
leaf_count=24798 17393 4401 9476 15542
internal_value=-8.71974e-05 -0.0102981 0.00128961 -0.0154382
internal_weight=0.00684429 0.00524368 0.00368789 0.00242343
internal_count=71610 54217 29419 25018
is_linear=0
shrinkage=0.1


Tree=175
num_leaves=5
num_cat=0
split_feature=7 4 2 1
split_gain=0.000204524 0.000361041 0.000186147 0.000172487
threshold=-0.13139607131628894 -0.15882413872367498 -0.25782856046537267 0.30593817868664935
decision_type=2 2 2 2
left_child=2 -2 -1 -4
right_child=1 -3 3 -5
leaf_value=-0.041764838015732615 -0.019462648345467501 0.04976041565200498 -0.026396733046824623 0.030984539193715049
leaf_weight=0.0015891546210013985 0.0013543123468480189 0.0016982406520043014 0.0010021406778832898 0.0010976425143098822
leaf_count=14924 15279 9202 18089 14116
internal_value=-9.90021e-05 0.0190485 -0.0159434 0.0035988
internal_weight=0.00674149 0.00305255 0.00368894 0.00209978
internal_count=71610 24481 47129 32205
is_linear=0
shrinkage=0.1


Tree=176
num_leaves=6
num_cat=0
split_feature=6 2 6 10 11
split_gain=0.000206753 0.000536776 0.000467927 0.000347812 0.000151981
threshold=1.0000000180025095e-35 -0.2493404664302051 -1.3667817907455606 -0.11220891216085201 -0.089390673213483096
decision_type=2 2 2 2 2
left_child=2 3 4 -2 -1
right_child=1 -3 -4 -5 -6
leaf_value=0.03953413578996566 -0.050446265134673977 0.078494505027985662 -0.060008651077274072 0.031809736102752395 -0.014001065389798853
leaf_weight=0.001092737003020261 0.0010557661248640215 0.0010141705638773146 0.0014588849164685058 0.0010018624174961133 0.0010302411966023328
leaf_count=850 13155 30805 22761 3741 298
internal_value=-8.31782e-05 0.0189519 -0.0164076 -0.0103957 0.0135545
internal_weight=0.00665366 0.0030718 0.00358186 0.00205763 0.00212298
internal_count=71610 47701 23909 16896 1148
is_linear=0
shrinkage=0.1


Tree=177
num_leaves=4
num_cat=0
split_feature=3 6 2
split_gain=0.000214299 0.000362257 0.000369243
threshold=-0.13426585142506708 -1.0000000180025095e-35 -0.25458757360364781
decision_type=2 2 2
left_child=1 -1 -3
right_child=-2 2 -4
leaf_value=-0.043788148545391474 0.030120486862661285 -0.021715362256431919 0.051214153479438598
leaf_weight=0.0019740069923628312 0.0017262598952925146 0.0014934129143640007 0.0012973039508068496
leaf_count=19438 13494 14742 23936
internal_value=-6.65541e-05 -0.0110033 0.0121869
internal_weight=0.00649098 0.00476472 0.00279072
internal_count=71610 58116 38678
is_linear=0
shrinkage=0.1


Tree=178
num_leaves=4
num_cat=0
split_feature=9 1 5
split_gain=0.000193309 0.000359822 0.000174842
threshold=-0.13778286579157933 -0.040722066059300441 0.25465402481706617
decision_type=2 2 2
left_child=2 -2 -1
right_child=1 -3 -4
leaf_value=-0.044996018148137473 -0.0091430063311673613 0.060692270628564249 0.0020069218823704602
leaf_weight=0.0013272747696078113 0.0019124448454590492 0.0012012140072510391 0.0019601725967390848
leaf_count=27178 10084 20234 14114
internal_value=-5.76863e-05 0.0177986 -0.0169701
internal_weight=0.00640111 0.00311366 0.00328745
internal_count=71610 30318 41292
is_linear=0
shrinkage=0.1


Tree=179
num_leaves=5
num_cat=0
split_feature=4 11 1 7
split_gain=0.000183947 0.000307169 0.000255467 0.00023481
threshold=-0.21840919978428744 -0.089944854255847237 -0.30233370365839946 -0.13147795573554272
decision_type=2 2 2 2
left_child=-1 -2 -3 -4
right_child=1 2 3 -5
leaf_value=-0.034743195465282282 -0.032808363449792467 -0.013264397527732974 0.010332599039007337 0.071886095314101978
leaf_weight=0.001230637412845681 0.0013387055084734811 0.0012826645572339146 0.0012158785592077948 0.0012640269932724379
leaf_count=27537 17563 2439 11866 12205
internal_value=-4.13201e-05 0.0083302 0.0229671 0.0417069
internal_weight=0.00633191 0.00510128 0.00376257 0.00247991
internal_count=71610 44073 26510 24071
is_linear=0
shrinkage=0.1


Tree=180
num_leaves=4
num_cat=0
split_feature=1 0 1
split_gain=0.000154283 0.000161778 0.00043156
threshold=0.59909632308849281 0.2563912034690487 -1.0407371973407937
decision_type=2 2 2
left_child=1 -1 -3
right_child=-2 2 -4
leaf_value=-0.031601117258356258 0.028722716109088955 0.05820156479309007 -0.022186112156141184
leaf_weight=0.0018696238125395226 0.0014381069345290598 0.0010293122918483277 0.001901584077337759
leaf_count=27033 17393 4170 23014
internal_value=-9.14235e-06 -0.00861644 0.00604553
internal_weight=0.00623863 0.00480052 0.0029309
internal_count=71610 54217 27184
is_linear=0
shrinkage=0.1


Tree=181
num_leaves=4
num_cat=0
split_feature=6 2 6
split_gain=0.000163916 0.00043678 0.000378919
threshold=-1.0000000180025095e-35 -0.25458757360364781 -5.5042769661380531
decision_type=2 2 2
left_child=2 -2 -1
right_child=1 -3 -4
leaf_value=0.019621009280144139 -0.021518608609497752 0.056990457302634467 -0.047838829038016575
leaf_weight=0.0016210074536502361 0.0014192248717677103 0.0014153254807789395 0.0017120281158895523
leaf_count=863 14749 32952 23046
internal_value=4.00218e-06 0.0176819 -0.01503
internal_weight=0.00616759 0.00283455 0.00333304
internal_count=71610 47701 23909
is_linear=0
shrinkage=0.1


Tree=182
num_leaves=4
num_cat=0
split_feature=3 6 9
split_gain=0.000160208 0.000271943 0.000284096
threshold=-0.13426585142506708 -1.0000000180025095e-35 -0.13846733374056872
decision_type=2 2 2
left_child=1 -1 -3
right_child=-2 2 -4
leaf_value=-0.039418793868089413 0.026816635532668939 -0.024470763942089135 0.041602924665658118
leaf_weight=0.0018281381214375614 0.0016308396471869102 0.0012172127950087486 0.0013982872289570736
leaf_count=19438 13494 18065 20613
internal_value=9.44014e-06 -0.00982895 0.0108533
internal_weight=0.00607448 0.00444364 0.0026155
internal_count=71610 58116 38678
is_linear=0
shrinkage=0.1


Tree=183
num_leaves=5
num_cat=0
split_feature=4 9 1 2
split_gain=0.000161656 0.000277877 0.000309714 0.000118151
threshold=-0.21840919978428744 -0.13778286579157933 -0.30233370365839946 -0.25782856046537267
decision_type=2 2 2 2
left_child=-1 3 -3 -2
right_child=1 2 -4 -5
leaf_value=-0.033764261145096924 -0.038341913012890222 -0.0063651329472094627 0.069294813844499176 0.0042159703751159091
leaf_weight=0.00114669212211993 0.0011209192292938042 0.0010014958309092492 0.0011767629252128486 0.0015605489783325766
leaf_count=27537 9707 1459 12221 20686
internal_value=8.78096e-06 0.00797781 0.0345087 -0.0135743
internal_weight=0.00600642 0.00485973 0.00217826 0.00268147
internal_count=71610 44073 13680 30393
is_linear=0
shrinkage=0.1


Tree=184
num_leaves=4
num_cat=0
split_feature=4 7 2
split_gain=0.000132829 0.000231531 0.000125526
threshold=-0.21840919978428744 -0.13139607131628894 -0.25782856046537267
decision_type=2 2 2
left_child=-1 2 -2
right_child=1 -3 -4
leaf_value=-0.03073938848229148 -0.036282508453560035 0.03327837112070807 0.0067140315940579023
leaf_weight=0.0011342721099936171 0.0011687030192035763 0.0020005637597844128 0.0016204332719524928
leaf_count=27537 10268 10621 23184
internal_value=3.12012e-05 0.00731813 -0.0113024
internal_weight=0.00592397 0.0047897 0.00278914
internal_count=71610 44073 33452
is_linear=0
shrinkage=0.1


Tree=185
num_leaves=4
num_cat=0
split_feature=6 6 2
split_gain=0.000131904 0.000360184 0.00033261
threshold=1.0000000180025095e-35 -1.3667817907455606 -0.25458757360364781
decision_type=2 2 2
left_child=1 -1 -2
right_child=2 -3 -4
leaf_value=0.01275506687871069 -0.018951747994959259 -0.056316336125780166 0.051471134490138841
leaf_weight=0.0019710771011887118 0.0013369502378566267 0.0012236508686935821 0.0013457479924170457
leaf_count=1148 14749 22761 32952
internal_value=2.71069e-05 -0.0137008 0.0163752
internal_weight=0.00587743 0.00319473 0.0026827
internal_count=71610 23909 47701
is_linear=0
shrinkage=0.1


Tree=186
num_leaves=4
num_cat=0
split_feature=3 6 9
split_gain=0.000139119 0.000210949 0.000225024
threshold=-0.13426585142506708 1.0000000180025095e-35 -0.13846733374056872
decision_type=2 2 2
left_child=1 -1 -3
right_child=-2 2 -4
leaf_value=-0.035956720013221782 0.025478955657953065 -0.022866917035196541 0.037520031161432099
leaf_weight=0.0017527008457420834 0.0015666779419269972 0.0011560259255958272 0.0013236348411993504
leaf_count=19438 13494 18065 20613
internal_value=2.13856e-05 -0.00940215 0.00936744
internal_weight=0.00579904 0.00423236 0.00247966
internal_count=71610 58116 38678
is_linear=0
shrinkage=0.1


Tree=187
num_leaves=4
num_cat=0
split_feature=0 6 1
split_gain=0.00012395 0.000172934 0.000300259
threshold=0.14114346666898211 -1.0000000180025095e-35 -1.0407371973407937
decision_type=2 2 2
left_child=-1 2 -2
right_child=1 -3 -4
leaf_value=-0.022344660839207341 0.036090348047921113 0.042364076894520854 -0.030020299158842901
leaf_weight=0.0017313112610741754 0.0011468446932667575 0.0011529116398065753 0.0017133281157697411
leaf_count=31780 4538 24748 10544
internal_value=1.94757e-05 0.00966774 -0.00351189
internal_weight=0.0057444 0.00401308 0.00286017
internal_count=71610 39830 15082
is_linear=0
shrinkage=0.1


Tree=188
num_leaves=4
num_cat=0
split_feature=7 11 5
split_gain=0.000126313 0.000339512 0.000130452
threshold=-0.13137791750088015 -0.089390673213483096 0.25465402481706617
decision_type=2 2 2
left_child=2 -2 -1
right_child=1 -3 -4
leaf_value=-0.038249366924476003 0.047638753008457928 -0.02717201854892843 0.0031616743034893792
leaf_weight=0.0012572659496257188 0.0014728484649531026 0.0010314755562426114 0.0019260719874907295
leaf_count=30820 20945 2262 17583
internal_value=2.41535e-05 0.0168259 -0.0131937
internal_weight=0.00568766 0.00250432 0.00318334
internal_count=71610 23207 48403
is_linear=0
shrinkage=0.1


Tree=189
num_leaves=5
num_cat=0
split_feature=1 0 11 2
split_gain=0.000120011 0.000147788 0.000150848 7.52774e-05
threshold=0.59909632308849281 0.21301247211907468 -0.089664925162251427 -0.26422938838419391
decision_type=2 2 2 2
left_child=1 -1 3 -3
right_child=-2 2 -4 -5
leaf_value=-0.036788614744213959 0.026634591205139026 0.039295659844908758 -0.0268730722891115 0.0006541991138142504
leaf_weight=0.0012617784430366541 0.0013029866649958421 0.0010030121875601594 0.0010495991199999111 0.0010136323351819243
leaf_count=24798 17393 4195 1361 23863
internal_value=2.78149e-05 -0.00798237 0.00387157 0.0198732
internal_weight=0.00563101 0.00432802 0.00306624 0.00201664
internal_count=71610 54217 29419 28058
is_linear=0
shrinkage=0.1


Tree=190
num_leaves=4
num_cat=0
split_feature=3 6 2
split_gain=0.000114433 0.000186842 0.000241268
threshold=-0.13426585142506708 -1.0000000180025095e-35 -0.25458757360364781
decision_type=2 2 2
left_child=1 -1 -3
right_child=-2 2 -4
leaf_value=-0.034422404567879615 0.023486844102615027 -0.020408860378397963 0.043139841664593129
leaf_weight=0.001667731133784045 0.00151493571630823 0.0012845004213062339 0.0011169145618996623
leaf_count=19438 13494 14742 23936
internal_value=2.54421e-05 -0.0087092 0.00914808
internal_weight=0.00558408 0.00406915 0.00240141
internal_count=71610 58116 38678
is_linear=0
shrinkage=0.1


Tree=191
num_leaves=4
num_cat=0
split_feature=4 9 2
split_gain=0.000117953 0.000220491 0.000153047
threshold=-0.21840919978428744 -0.13729631647148216 -0.25898412477388238
decision_type=2 2 2
left_child=-1 2 -2
right_child=1 -3 -4
leaf_value=-0.030389805796733133 -0.034695212315479444 0.037803566112833448 0.011130283366120777
leaf_weight=0.0010362140646975604 0.0012948563271280022 0.0015343090074093624 0.0016671496060851609
leaf_count=27537 11627 4203 28243
internal_value=2.5764e-05 0.00703529 -0.00890257
internal_weight=0.00553253 0.00449631 0.00296201
internal_count=71610 44073 39870
is_linear=0
shrinkage=0.1


Tree=192
num_leaves=4
num_cat=0
split_feature=9 6 4
split_gain=0.000105173 0.000208407 0.000193849
threshold=-0.13883998126031913 1.0000000180025095e-35 -0.14652468363586671
decision_type=2 2 2
left_child=-1 2 -2
right_child=1 -3 -4
leaf_value=-0.024515573242259479 -0.037573401559420905 0.03595359617651582 0.017599212306509165
leaf_weight=0.0013247880860944861 0.0012731591355645833 0.0016137651653025387 0.0012741177481592203
leaf_count=21095 16285 31181 3049
internal_value=2.35645e-05 0.00783631 -0.00997671
internal_weight=0.00548583 0.00416104 0.00254728
internal_count=71610 50515 19334
is_linear=0
shrinkage=0.1


Tree=193
num_leaves=4
num_cat=0
split_feature=3 6 2
split_gain=0.000116229 0.000155998 0.000188707
threshold=-0.13426585142506708 -1.0000000180025095e-35 -0.25458757360364781
decision_type=2 2 2
left_child=1 -1 -3
right_child=-2 2 -4
leaf_value=-0.032750809876639968 0.023944166791340211 -0.018850284082179411 0.038115190341944695
leaf_weight=0.0016212086076876631 0.0014786105180268905 0.0012516318577837637 0.0010861624768097045
leaf_count=19438 13494 14742 23936
internal_value=2.09422e-05 -0.00891392 0.00761644
internal_weight=0.00543761 0.003959 0.00233779
internal_count=71610 58116 38678
is_linear=0
shrinkage=0.1


Tree=194
num_leaves=4
num_cat=0
split_feature=0 6 1
split_gain=0.000100032 0.00012874 0.000275699
threshold=0.14114346666898211 1.0000000180025095e-35 -1.0407371973407937
decision_type=2 2 2
left_child=-1 2 -2
right_child=1 -3 -4
leaf_value=-0.020600563305488699 0.036245612837159324 0.038525198522918969 -0.028935036839937485
leaf_weight=0.0016380405671272413 0.0010888316901400685 0.001060730398734222 0.0016062143492092673
leaf_count=31780 4538 24748 10544
internal_value=2.0355e-05 0.00901394 -0.00260125
internal_weight=0.00539382 0.00375578 0.00269505
internal_count=71610 39830 15082
is_linear=0
shrinkage=0.1


Tree=195
num_leaves=4
num_cat=0
split_feature=7 4 5
split_gain=0.000111335 0.000214923 0.000141096
threshold=-0.13139607131628894 -0.14652468363586671 0.25465402481706617
decision_type=2 2 2
left_child=2 -2 -1
right_child=1 -3 -4
leaf_value=-0.039670012379595998 -0.016235012408236549 0.044131864116844395 0.0048354710499895195
leaf_weight=0.001182726974171544 0.0010982691350704954 0.0012738183923577395 0.0017910744703968362
leaf_count=30158 15438 9043 16971
internal_value=2.3843e-05 0.0161822 -0.0128651
internal_weight=0.00534589 0.00237209 0.0029738
internal_count=71610 24481 47129
is_linear=0
shrinkage=0.1


Tree=196
num_leaves=4
num_cat=0
split_feature=3 1 9
split_gain=0.000107104 0.000148207 0.000124544
threshold=-0.13426585142506708 0.0053160639603275885 -0.13813198625806219
decision_type=2 2 2
left_child=1 -1 -3
right_child=-2 2 -4
leaf_value=-0.033067085349805646 0.023123796204803197 -0.015182618057268202 0.031085203227123583
leaf_weight=0.0015152379690022144 0.0014560007193527014 0.0012075334703212093 0.00112270591472452
leaf_count=16279 13494 21554 20283
internal_value=2.44805e-05 -0.00872154 0.00710915
internal_weight=0.00530148 0.00384548 0.00233024
internal_count=71610 58116 41837
is_linear=0
shrinkage=0.1


Tree=197
num_leaves=4
num_cat=0
split_feature=7 4 0
split_gain=8.97595e-05 0.000193825 0.000119959
threshold=-0.13139607131628894 -0.14652468363586671 0.26091777514055176
decision_type=2 2 2
left_child=2 -2 -1
right_child=1 -3 -4
leaf_value=-0.0263237098116091 -0.016098504072985229 0.041727319082451392 0.016143275502807041
leaf_weight=0.0019189796923910762 0.0010888352936717638 0.0012395213138693961 0.0010180504305026261
leaf_count=26462 15438 9043 20667
internal_value=2.15152e-05 0.0146856 -0.0116036
internal_weight=0.00526539 0.00232836 0.00293703
internal_count=71610 24481 47129
is_linear=0
shrinkage=0.1


Tree=198
num_leaves=4
num_cat=0
split_feature=1 1 2
split_gain=9.40354e-05 0.000126162 0.000207729
threshold=0.59909632308849281 -1.0407371973407937 -0.25458757360364781
decision_type=2 2 2
left_child=1 -1 -3
right_child=-2 2 -4
leaf_value=0.020720772417778751 0.024489322852147413 -0.038660731793663805 0.017381752638995111
leaf_weight=0.0011462005786597729 0.0012080206656719383 0.001840389230590489 0.001032431788859256
leaf_count=6877 17393 19309 28031
internal_value=2.45739e-05 -0.00732894 -0.0185202
internal_weight=0.00522704 0.00401902 0.00287282
internal_count=71610 54217 47340
is_linear=0
shrinkage=0.1


Tree=199
num_leaves=4
num_cat=0
split_feature=3 6 2
split_gain=9.40849e-05 0.000138847 0.000168807
threshold=-0.13426585142506708 1.0000000180025095e-35 -0.25458757360364781
decision_type=2 2 2
left_child=1 -1 -3
right_child=-2 2 -4
leaf_value=-0.031622116027258222 0.021821642703371943 -0.018141719736727329 0.036955299208743957
leaf_weight=0.0015197793237078372 0.001432221949246415 0.0011922019091237246 0.0010421813109395828
leaf_count=19438 13494 14742 23936
internal_value=1.5488e-05 -0.00830361 0.00755713
internal_weight=0.00518638 0.00375416 0.00223438
internal_count=71610 58116 38678
is_linear=0
shrinkage=0.1


end of trees

feature_importances:
Column_6=953
Column_2=891
Column_5=699
Column_0=424
Column_3=353
Column_1=345
Column_9=341
Column_4=251
Column_7=196
Column_11=109
Column_8=52
Column_10=52

parameters:
[boosting: gbdt]
[objective: binary]
[metric: binary_logloss]
[tree_learner: serial]
[device_type: gpu]
[data_sample_strategy: bagging]
[data: ]
[valid: ]
[num_iterations: 200]
[learning_rate: 0.1]
[num_leaves: 31]
[num_threads: 6]
[seed: 42]
[deterministic: 0]
[force_col_wise: 1]
[force_row_wise: 0]
[histogram_pool_size: -1]
[max_depth: 15]
[min_data_in_leaf: 20]
[min_sum_hessian_in_leaf: 0.001]
[bagging_fraction: 1]
[pos_bagging_fraction: 1]
[neg_bagging_fraction: 1]
[bagging_freq: 0]
[bagging_seed: 400]
[bagging_by_query: 0]
[feature_fraction: 1]
[feature_fraction_bynode: 1]
[feature_fraction_seed: 30056]
[extra_trees: 0]
[extra_seed: 12879]
[early_stopping_round: 0]
[early_stopping_min_delta: 0]
[first_metric_only: 0]
[max_delta_step: 0]
[lambda_l1: 0]
[lambda_l2: 0]
[linear_lambda: 0]
[min_gain_to_split: 0]
[drop_rate: 0.1]
[max_drop: 50]
[skip_drop: 0.5]
[xgboost_dart_mode: 0]
[uniform_drop: 0]
[drop_seed: 17869]
[top_rate: 0.2]
[other_rate: 0.1]
[min_data_per_group: 100]
[max_cat_threshold: 32]
[cat_l2: 10]
[cat_smooth: 10]
[max_cat_to_onehot: 4]
[top_k: 20]
[monotone_constraints: ]
[monotone_constraints_method: basic]
[monotone_penalty: 0]
[feature_contri: ]
[forcedsplits_filename: ]
[refit_decay_rate: 0.9]
[cegb_tradeoff: 1]
[cegb_penalty_split: 0]
[cegb_penalty_feature_lazy: ]
[cegb_penalty_feature_coupled: ]
[path_smooth: 0]
[interaction_constraints: ]
[verbosity: 1]
[saved_feature_importance_type: 0]
[use_quantized_grad: 0]
[num_grad_quant_bins: 4]
[quant_train_renew_leaf: 0]
[stochastic_rounding: 1]
[linear_tree: 0]
[max_bin: 255]
[max_bin_by_feature: ]
[min_data_in_bin: 3]
[bin_construct_sample_cnt: 200000]
[data_random_seed: 175]
[is_enable_sparse: 1]
[enable_bundle: 1]
[use_missing: 1]
[zero_as_missing: 0]
[feature_pre_filter: 1]
[pre_partition: 0]
[two_round: 0]
[header: 0]
[label_column: ]
[weight_column: ]
[group_column: ]
[ignore_column: ]
[categorical_feature: ]
[forcedbins_filename: ]
[precise_float_parser: 0]
[parser_config_file: ]
[objective_seed: 16083]
[num_class: 1]
[is_unbalance: 0]
[scale_pos_weight: 1]
[sigmoid: 1]
[boost_from_average: 1]
[reg_sqrt: 0]
[alpha: 0.9]
[fair_c: 1]
[poisson_max_delta_step: 0.7]
[tweedie_variance_power: 1.5]
[lambdarank_truncation_level: 30]
[lambdarank_norm: 1]
[label_gain: ]
[lambdarank_position_bias_regularization: 0]
[eval_at: ]
[multi_error_top_k: 1]
[auc_mu_weights: ]
[num_machines: 1]
[local_listen_port: 12400]
[time_out: 120]
[machine_list_filename: ]
[machines: ]
[gpu_platform_id: -1]
[gpu_device_id: -1]
[gpu_use_dp: 0]
[num_gpu: 1]

end of parameters

pandas_categorical:null
